Id,Position,First Name,Nickname,Last Name,FPPG,Played,Salary,Game,Team,Opponent,Injury Indicator,Injury Details,Tier,,,Roster Position
120838-89675,RB,Jonathan,Jonathan Taylor,Taylor,25.6999994913737,3,9500,IND@LAR,IND,LAR,,,,,,RB/FLEX
120838-103020,WR,Puka,Puka Nacua,Nacua,21.666666666666668,3,9400,IND@LAR,LAR,IND,,,,,,WR/FLEX
120838-55050,RB,Christian,Christian McCaffrey,McCaffrey,19.133333841959637,3,9300,JAC@SF,SF,JAC,,,,,,RB/FLEX
120838-85701,WR,Ja'Marr,Ja'Marr Chase,Chase,14.166666666666666,3,9100,CIN@DEN,CIN,DEN,,,,,,WR/FLEX
120838-39280,RB,Derrick,Derrick Henry,Henry,14.733333587646484,3,9000,BAL@KC,BAL,KC,,,,,,RB/FLEX
120838-62239,QB,Josh,Josh Allen,Allen,25.53333282470703,3,9000,NO@BUF,BUF,NO,,,,,,QB
120838-136855,RB,Bijan,Bijan Robinson,Robinson,19.766666412353516,3,8900,WAS@ATL,ATL,WAS,,,,,,RB/FLEX
120838-86997,WR,Amon-Ra,Amon-Ra St. Brown,St. Brown,20.46666717529297,3,8800,CLE@DET,DET,CLE,,,,,,WR/FLEX
120838-63115,QB,Lamar,Lamar Jackson,Jackson,27.56000010172526,3,8700,BAL@KC,BAL,KC,,,,,,QB
120838-85671,WR,Justin,Justin Jefferson,Jefferson,10.800000508626303,3,8700,MIN@PIT,MIN,PIT,,,,,,WR/FLEX
120838-64401,RB,Saquon,Saquon Barkley,Barkley,13.433333079020182,3,8700,PHI@TB,PHI,TB,,,,,,RB/FLEX
120838-91626,RB,James,James Cook III,Cook III,23.333333333333332,3,8500,NO@BUF,BUF,NO,,,,,,RB/FLEX
120838-86631,WR,CeeDee,CeeDee Lamb,Lamb,18.100000381469727,2,8500,GB@DAL,DAL,GB,O,Ankle,,,,WR/FLEX
120838-69531,QB,Jalen,Jalen Hurts,Hurts,21.62000020345052,3,8500,PHI@TB,PHI,TB,,,,,,QB
120838-151761,WR,Malik,Malik Nabers,Nabers,16.03333282470703,3,8400,LAC@NYG,NYG,LAC,,,,,,WR/FLEX
120838-129368,RB,Jahmyr,Jahmyr Gibbs,Gibbs,17.433333079020183,3,8300,CLE@DET,DET,CLE,,,,,,RB/FLEX
120838-91419,WR,Nico,Nico Collins,Collins,12.699999491373697,3,8200,TEN@HOU,HOU,TEN,,,,,,WR/FLEX
120838-102785,QB,Jayden,Jayden Daniels,Daniels,19.90999984741211,2,8200,WAS@ATL,WAS,ATL,O,Knee,,,,QB
120838-72731,RB,Josh,Josh Jacobs,Jacobs,12.59999974568685,3,8000,GB@DAL,GB,DAL,,,,,,RB/FLEX
120838-72846,WR,A.J.,A.J. Brown,Brown,9.799999872843424,3,8000,PHI@TB,PHI,TB,,,,,,WR/FLEX
120838-69189,QB,Justin,Justin Herbert,Herbert,22.76666768391927,3,7900,LAC@NYG,LAC,NYG,,,,,,QB
120838-57439,QB,Patrick,Patrick Mahomes,Mahomes,20.753332773844402,3,7800,BAL@KC,KC,BAL,,,,,,QB
120838-104433,RB,Kyren,Kyren Williams,Williams,13.533332824707031,3,7800,IND@LAR,LAR,IND,,,,,,RB/FLEX
120838-133472,WR,Ladd,Ladd McConkey,McConkey,7.933333079020183,3,7700,LAC@NYG,LAC,NYG,,,,,,WR/FLEX
120838-41535,QB,Baker,Baker Mayfield,Mayfield,20.066666920979817,3,7700,PHI@TB,TB,PHI,Q,Biceps,,,,QB
120838-138820,RB,De'Von,De'Von Achane,Achane,16.599999745686848,3,7700,NYJ@MIA,MIA,NYJ,,,,,,RB/FLEX
120838-69017,QB,Jordan,Jordan Love,Love,16.306666056315105,3,7600,GB@DAL,GB,DAL,,,,,,QB
120838-38435,QB,Jared,Jared Goff,Goff,20.513333638509113,3,7600,CLE@DET,DET,CLE,,,,,,QB
120838-32384,WR,Mike,Mike Evans,Evans,9,3,7600,PHI@TB,TB,PHI,O,Hamstring,,,,WR/FLEX
120838-42104,RB,Alvin,Alvin Kamara,Kamara,10.59999974568685,3,7500,NO@BUF,NO,BUF,,,,,,RB/FLEX
120838-151745,WR,Brian,Brian Thomas Jr.,Thomas Jr.,7.299999872843425,3,7500,JAC@SF,JAC,SF,,,,,,WR/FLEX
120838-152113,QB,Caleb,Caleb Williams,Williams,23.76666768391927,3,7500,CHI@LV,CHI,LV,,,,,,QB
120838-63519,QB,Daniel,Daniel Jones,Jones,23.713333129882812,3,7400,IND@LAR,IND,LAR,,,,,,QB
120838-89493,RB,Chase,Chase Brown,Brown,7.866666793823242,3,7400,CIN@DEN,CIN,DEN,,,,,,RB/FLEX
120838-102965,QB,Bo,Bo Nix,Nix,14.5,3,7400,CIN@DEN,DEN,CIN,,,,,,QB
120838-45889,WR,Davante,Davante Adams,Adams,14.266666412353516,3,7400,IND@LAR,LAR,IND,Q,Hamstring,,,,WR/FLEX
120838-152664,RB,Bucky,Bucky Irving,Irving,13.166666666666666,3,7300,PHI@TB,TB,PHI,,,,,,RB/FLEX
120838-53681,WR,Tyreek,Tyreek Hill,Hill,12.09999974568685,3,7300,NYJ@MIA,MIA,NYJ,,,,,,WR/FLEX
120838-91591,QB,Justin,Justin Fields,Fields,16.75,2,7300,NYJ@MIA,NYJ,MIA,,,,,,QB
120838-112295,WR,Zay,Zay Flowers,Flowers,13.766666412353516,3,7300,BAL@KC,BAL,KC,,,,,,WR/FLEX
120838-120033,WR,Rome,Rome Odunze,Odunze,19.233333587646484,3,7200,CHI@LV,CHI,LV,,,,,,WR/FLEX
120838-110246,WR,George,George Pickens,Pickens,11.699999491373697,3,7200,GB@DAL,DAL,GB,,,,,,WR/FLEX
120838-86875,RB,Jordan,Jordan Mason,Mason,13.133333841959635,3,7200,MIN@PIT,MIN,PIT,,,,,,RB/FLEX
120838-26483,QB,Geno,Geno Smith,Smith,17.913333892822266,3,7200,CHI@LV,LV,CHI,,,,,,QB
120838-112745,WR,Drake,Drake London,London,7.299999872843425,3,7100,WAS@ATL,ATL,WAS,,,,,,WR/FLEX
120838-103564,WR,Garrett,Garrett Wilson,Wilson,15.133333841959635,3,7100,NYJ@MIA,NYJ,MIA,,,,,,WR/FLEX
120838-6894,QB,Aaron,Aaron Rodgers,Rodgers,16.913333892822266,3,7100,MIN@PIT,PIT,MIN,,,,,,QB
120838-152316,QB,Drake,Drake Maye,Maye,20.933333079020183,3,7100,CAR@NE,NE,CAR,,,,,,QB
120838-89956,RB,Travis,Travis Etienne Jr.,Etienne Jr.,15.866666158040365,3,7100,JAC@SF,JAC,SF,,,,,,RB/FLEX
120838-31716,QB,Dak,Dak Prescott,Prescott,16,3,7100,GB@DAL,DAL,GB,,,,,,QB
120838-57403,WR,Courtland,Courtland Sutton,Sutton,13.333333333333334,3,7000,CIN@DEN,DEN,CIN,,,,,,WR/FLEX
120838-152655,WR,Emeka,Emeka Egbuka,Egbuka,14.666666666666666,3,7000,PHI@TB,TB,PHI,,,,,,WR/FLEX
120838-174215,RB,Omarion,Omarion Hampton,Hampton,10.666666666666666,3,7000,LAC@NYG,LAC,NYG,,,,,,RB/FLEX
120838-6654,QB,Matthew,Matthew Stafford,Stafford,15.586666107177734,3,7000,IND@LAR,LAR,IND,,,,,,QB
120838-14377,QB,Tyrod,Tyrod Taylor,Taylor,13.010000228881836,2,6900,NYJ@MIA,NYJ,MIA,,,,,,QB
120838-93541,RB,Javonte,Javonte Williams,Williams,17.03333282470703,3,6900,GB@DAL,DAL,GB,,,,,,RB/FLEX
120838-22015,QB,Russell,Russell Wilson,Wilson,17.50666681925456,3,6900,LAC@NYG,NYG,LAC,,,,,,QB
120838-111631,WR,Jameson,Jameson Williams,Williams,10.233333587646484,3,6800,CLE@DET,DET,CLE,,,,,,WR/FLEX
120838-167031,RB,Ashton,Ashton Jeanty,Jeanty,7.733333587646484,3,6800,CHI@LV,LV,CHI,,,,,,RB/FLEX
120838-73048,WR,DK,DK Metcalf,Metcalf,10.166666666666666,3,6800,MIN@PIT,PIT,MIN,,,,,,WR/FLEX
120838-129471,QB,C.J.,C.J. Stroud,Stroud,12.353333791097006,3,6800,TEN@HOU,HOU,TEN,,,,,,QB
120838-90572,QB,Tua,Tua Tagovailoa,Tagovailoa,14.566666920979818,3,6800,NYJ@MIA,MIA,NYJ,,,,,,QB
120838-103064,RB,Breece,Breece Hall,Hall,10.166666666666666,3,6800,NYJ@MIA,NYJ,MIA,,,,,,RB/FLEX
120838-151794,TE,Brock,Brock Bowers,Bowers,9.966666539510092,3,6700,CHI@LV,LV,CHI,,,,,,TE/FLEX
120838-158974,WR,Xavier,Xavier Worthy,Worthy,0,1,6700,BAL@KC,KC,BAL,,,,,,WR/FLEX
120838-60840,QB,Jake,Jake Browning,Browning,14.319999694824219,2,6700,CIN@DEN,CIN,DEN,,,,,,QB
120838-73273,RB,David,David Montgomery,Montgomery,16.933333079020183,3,6700,CLE@DET,DET,CLE,,,,,,RB/FLEX
120838-119606,QB,Bryce,Bryce Young,Young,15.706666310628256,3,6700,CAR@NE,CAR,NE,,,,,,QB
120838-89951,QB,Trevor,Trevor Lawrence,Lawrence,13.78000005086263,3,6700,JAC@SF,JAC,SF,,,,,,QB
120838-87467,RB,Chuba,Chuba Hubbard,Hubbard,13.733333587646484,3,6600,CAR@NE,CAR,NE,Q,Calf,,,,RB/FLEX
120838-90576,WR,DeVonta,DeVonta Smith,Smith,8.799999872843424,3,6600,PHI@TB,PHI,TB,,,,,,WR/FLEX
120838-90584,QB,Mac,Mac Jones,Jones,18.010000228881836,2,6600,JAC@SF,SF,JAC,Q,Knee - pcl,,,,QB
120838-85607,QB,Brock,Brock Purdy,Purdy,18.780000686645508,1,6600,JAC@SF,SF,JAC,,,,,,QB
120838-29358,QB,Marcus,Marcus Mariota,Mariota,20.280000686645508,1,6600,WAS@ATL,WAS,ATL,,,,,,QB
120838-70324,QB,Carson,Carson Wentz,Wentz,15.319999694824219,1,6600,MIN@PIT,MIN,PIT,,,,,,QB
120838-87787,RB,J.K.,J.K. Dobbins,Dobbins,14.533332824707031,3,6600,CIN@DEN,DEN,CIN,,,,,,RB/FLEX
120838-89981,WR,Tee,Tee Higgins,Higgins,6.633333206176758,3,6600,CIN@DEN,CIN,DEN,,,,,,WR/FLEX
120838-152575,QB,J.J.,J.J. McCarthy,McCarthy,14.020000457763672,2,6600,MIN@PIT,MIN,PIT,NA,Ankle,,,,QB
120838-6714,QB,Joe,Joe Flacco,Flacco,9.546666463216146,3,6500,CLE@DET,CLE,DET,,,,,,QB
120838-29253,WR,Keenan,Keenan Allen,Allen,15.633333841959635,3,6500,LAC@NYG,LAC,NYG,,,,,,WR/FLEX
120838-88797,QB,Michael,Michael Penix Jr.,Penix Jr.,11.699999491373697,3,6500,WAS@ATL,ATL,WAS,,,,,,QB
120838-168356,QB,Cam,Cam Ward,Ward,8.413333257039389,3,6400,TEN@HOU,TEN,HOU,,,,,,QB
120838-91598,RB,D'Andre,D'Andre Swift,Swift,9.90000025431315,3,6400,CHI@LV,CHI,LV,Q,Hip,,,,RB/FLEX
120838-56018,WR,Deebo,Deebo Samuel Sr.,Samuel Sr.,12.300000508626303,3,6400,WAS@ATL,WAS,ATL,,,,,,WR/FLEX
120838-111557,QB,Spencer,Spencer Rattler,Rattler,15.286666870117188,3,6400,NO@BUF,NO,BUF,,,,,,QB
120838-88431,QB,Tyler,Tyler Shough,Shough,0,1,6300,NO@BUF,NO,BUF,,,,,,QB
120838-102796,WR,Ricky,Ricky Pearsall,Pearsall,13.90000025431315,3,6300,JAC@SF,SF,JAC,Q,Knee,,,,WR/FLEX
120838-151966,QB,Jaxson,Jaxson Dart,Dart,0,2,6300,LAC@NYG,NYG,LAC,,,,,,QB
120838-112057,RB,Jaylen,Jaylen Warren,Warren,12.966667175292969,3,6300,MIN@PIT,PIT,MIN,NA,Knee,,,,RB/FLEX
120838-169410,RB,Quinshon,Quinshon Judkins,Judkins,12.300000190734863,2,6300,CLE@DET,CLE,DET,,,,,,RB/FLEX
120838-22038,QB,Kirk,Kirk Cousins,Cousins,1.159999966621399,1,6300,WAS@ATL,ATL,WAS,,,,,,QB
120838-63043,WR,DJ,DJ Moore,Moore,8.333333333333334,3,6300,CHI@LV,CHI,LV,,,,,,WR/FLEX
120838-63759,RB,Tony,Tony Pollard,Pollard,9.833333333333334,3,6200,TEN@HOU,TEN,HOU,,,,,,RB/FLEX
120838-89680,TE,Jake,Jake Ferguson,Ferguson,10.59999974568685,3,6200,GB@DAL,DAL,GB,,,,,,TE/FLEX
120838-120639,WR,Quentin,Quentin Johnston,Johnston,16.233333587646484,3,6200,LAC@NYG,LAC,NYG,,,,,,WR/FLEX
120838-56250,WR,Terry,Terry McLaurin,McLaurin,6.633333206176758,3,6200,WAS@ATL,WAS,ATL,O,Quadriceps,,,,WR/FLEX
120838-63634,WR,Jakobi,Jakobi Meyers,Meyers,10.433333079020182,3,6100,CHI@LV,LV,CHI,,,,,,WR/FLEX
120838-33076,TE,Travis,Travis Kelce,Kelce,8.133333206176758,3,6100,BAL@KC,KC,BAL,,,,,,TE/FLEX
120838-55635,WR,Chris,Chris Godwin Jr.,Godwin Jr.,16.971429007393972,7,6100,PHI@TB,TB,PHI,Q,Ankle,,,,WR/FLEX
120838-160303,TE,Tucker,Tucker Kraft,Kraft,12.566666920979818,3,6100,GB@DAL,GB,DAL,,,,,,TE/FLEX
120838-86081,QB,Emory,Emory Jones,Jones,,0,6000,WAS@ATL,ATL,WAS,IR,Concussion,,,,QB
120838-152646,QB,Kyle,Kyle McCord,McCord,,0,6000,PHI@TB,PHI,TB,,,,,,QB
120838-52342,QB,Will,Will Grier,Grier,,0,6000,GB@DAL,DAL,GB,,,,,,QB
120838-104576,QB,Sam,Sam Howell,Howell,0.07999999821186066,2,6000,PHI@TB,PHI,TB,,,,,,QB
120838-94370,WR,Romeo,Romeo Doubs,Doubs,7.200000127156575,3,6000,GB@DAL,GB,DAL,,,,,,WR/FLEX
120838-103591,QB,Graham,Graham Mertz,Mertz,,0,6000,TEN@HOU,HOU,TEN,,,,,,QB
120838-160938,QB,Quinn,Quinn Ewers,Ewers,,0,6000,NYJ@MIA,MIA,NYJ,,,,,,QB
120838-105646,TE,Sam,Sam LaPorta,LaPorta,6.766666412353516,3,6000,CLE@DET,DET,CLE,,,,,,TE/FLEX
120838-86200,QB,Sean,Sean Clifford,Clifford,,0,6000,CIN@DEN,CIN,DEN,,,,,,QB
120838-129210,WR,Jordan,Jordan Addison,Addison,11.962499618530273,16,6000,MIN@PIT,MIN,PIT,,,,,,WR/FLEX
120838-103619,WR,Tre,Tre Tucker,Tucker,18.566666920979817,3,6000,CHI@LV,LV,CHI,,,,,,WR/FLEX
120838-149696,QB,Trey,Trey Lance,Lance,2.7479999542236326,5,6000,LAC@NYG,LAC,NYG,,,,,,QB
120838-93382,QB,Aidan,Aidan O'Connell,O'Connell,11.164444817437065,9,6000,CHI@LV,LV,CHI,IR,Wrist,,,,QB
120838-69833,QB,Shane,Shane Buechele,Buechele,,0,6000,NO@BUF,BUF,NO,,,,,,QB
120838-45259,QB,Logan,Logan Woodside,Woodside,,0,6000,MIN@PIT,PIT,MIN,,,,,,QB
120838-152787,QB,Seth,Seth Henigan,Henigan,,0,6000,JAC@SF,JAC,SF,,,,,,QB
120838-86243,QB,Will,Will Levis,Levis,10.995000203450521,12,6000,TEN@HOU,TEN,HOU,IR,Shoulder,,,,QB
120838-91390,QB,Joe,Joe Milton III,Milton III,0.6399999856948853,1,6000,GB@DAL,DAL,GB,,,,,,QB
120838-86278,QB,Desmond,Desmond Ridder,Ridder,4.784000015258789,5,6000,MIN@PIT,MIN,PIT,NA,Coach's decision,,,,QB
120838-24849,QB,Jameis,Jameis Winston,Winston,13.830909035422586,11,6000,LAC@NYG,NYG,LAC,,,,,,QB
120838-103698,QB,Dillon,Dillon Gabriel,Gabriel,4.760000228881836,1,6000,CLE@DET,CLE,DET,,,,,,QB
120838-129315,QB,Anthony,Anthony Richardson Sr.,Richardson Sr.,-0.10000000149011612,1,6000,IND@LAR,IND,LAR,,,,,,QB
120838-90406,QB,Zach,Zach Wilson,Wilson,1.5800000429153442,1,6000,NYJ@MIA,MIA,NYJ,,,,,,QB
120838-120105,QB,Will,Will Howard,Howard,,0,6000,MIN@PIT,PIT,MIN,IR,Hand,,,,QB
120838-53562,RB,Nick,Nick Chubb,Chubb,8.566666920979818,3,6000,TEN@HOU,HOU,TEN,,,,,,RB/FLEX
120838-54604,QB,Jimmy,Jimmy Garoppolo,Garoppolo,11.930000305175781,2,6000,IND@LAR,LAR,IND,,,,,,QB
120838-27986,QB,C.J.,C.J. Beathard,Beathard,,0,6000,CLE@DET,DET,CLE,,,,,,QB
120838-61798,QB,Gardner,Gardner Minshew II,Minshew II,10.631999969482422,10,6000,BAL@KC,KC,BAL,,,,,,QB
120838-92560,QB,Sam,Sam Ehlinger,Ehlinger,0,1,6000,CIN@DEN,DEN,CIN,,,,,,QB
120838-103824,QB,Easton,Easton Stick,Stick,,0,6000,WAS@ATL,ATL,WAS,,,,,,QB
120838-70051,QB,Tyler,Tyler Huntley,Huntley,12.731999969482422,5,6000,BAL@KC,BAL,KC,,,,,,QB
120838-110000,QB,Connor,Connor Bazelak,Bazelak,,0,6000,PHI@TB,TB,PHI,,,,,,QB
120838-185776,QB,Tyson,Tyson Bagent,Bagent,1.7799999713897705,1,6000,CHI@LV,CHI,LV,,,,,,QB
120838-91583,QB,Stetson,Stetson Bennett IV,Bennett IV,0,1,6000,IND@LAR,LAR,IND,,,,,,QB
120838-31170,QB,Brandon,Brandon Allen,Allen,2.7866665522257485,3,6000,TEN@HOU,TEN,HOU,,,,,,QB
120838-22994,QB,Case,Case Keenum,Keenum,,0,6000,CHI@LV,CHI,LV,,,,,,QB
120838-40407,QB,Joshua,Joshua Dobbs,Dobbs,11.946666717529297,3,6000,CAR@NE,NE,CAR,,,,,,QB
120838-53729,QB,Mason,Mason Rudolph,Rudolph,0.47999998927116394,1,6000,MIN@PIT,PIT,MIN,,,,,,QB
120838-33259,QB,Teddy,Teddy Bridgewater,Bridgewater,0.11999999731779099,1,6000,PHI@TB,TB,PHI,,,,,,QB
120838-134655,QB,Hunter,Hunter Dekkers,Dekkers,,0,6000,NO@BUF,NO,BUF,O,Undisclosed,,,,QB
120838-89607,QB,Tanner,Tanner McKee,McKee,7.204999923706055,4,6000,PHI@TB,PHI,TB,,,,,,QB
120838-60947,QB,Jarrett,Jarrett Stidham,Stidham,0.16666666666666666,3,6000,CIN@DEN,DEN,CIN,,,,,,QB
120838-89628,QB,Davis,Davis Mills,Mills,1.596666653951009,6,6000,TEN@HOU,HOU,TEN,,,,,,QB
120838-94748,QB,Tommy,Tommy DeVito,DeVito,6.739999771118164,2,6000,CAR@NE,NE,CAR,,,,,,QB
120838-87594,QB,Sam,Sam Hartman,Hartman,,0,6000,WAS@ATL,WAS,ATL,,,,,,QB
120838-30253,QB,Jeff,Jeff Driskel,Driskel,0,1,6000,CHI@LV,LV,CHI,,,,,,QB
120838-208467,QB,Cam,Cam Miller,Miller,,0,6000,CHI@LV,LV,CHI,,,,,,QB
120838-40534,QB,Mike,Mike White,White,1.1200000047683716,1,6000,CIN@DEN,CIN,DEN,,,,,,QB
120838-41562,QB,Nick,Nick Mullens,Mullens,0.33000001311302185,4,6000,JAC@SF,JAC,SF,,,,,,QB
120838-87691,QB,Malik,Malik Willis,Willis,7.399999891008649,7,6000,GB@DAL,GB,DAL,,,,,,QB
120838-44715,QB,Cooper,Cooper Rush,Rush,-0.4000000059604645,1,6000,BAL@KC,BAL,KC,,,,,,QB
120838-69294,QB,Skylar,Skylar Thompson,Thompson,2.626666704813639,3,6000,MIN@PIT,PIT,MIN,IR,Hamstring,,,,QB
120838-73398,QB,Chris,Chris Oladokun,Oladokun,0.25,2,6000,BAL@KC,KC,BAL,,,,,,QB
120838-90813,QB,Clayton,Clayton Tune,Tune,-0.3466666539510091,6,6000,GB@DAL,GB,DAL,,,,,,QB
120838-139985,QB,Bailey,Bailey Zappe,Zappe,4.5,2,6000,CLE@DET,CLE,DET,,,,,,QB
120838-87770,WR,Chris,Chris Olave,Olave,9.333333333333334,3,6000,NO@BUF,NO,BUF,,,,,,WR/FLEX
120838-38628,QB,Mitchell,Mitchell Trubisky,Trubisky,0.9800000190734863,1,6000,NO@BUF,BUF,NO,,,,,,QB
120838-61157,QB,Brett,Brett Rypien,Rypien,0,1,6000,CIN@DEN,CIN,DEN,,,,,,QB
120838-86793,QB,Jake,Jake Haener,Haener,1.7799999713897705,8,6000,NO@BUF,NO,BUF,,,,,,QB
120838-28434,QB,Trevor,Trevor Siemian,Siemian,,0,6000,TEN@HOU,TEN,HOU,,,,,,QB
120838-92975,QB,Malik,Malik Cunningham,Cunningham,,0,6000,CLE@DET,DET,CLE,,,,,,QB
120838-154450,QB,Riley,Riley Leonard,Leonard,,0,6000,IND@LAR,IND,LAR,,,,,,QB
120838-8023,QB,Josh,Josh Johnson,Johnson,0.19499999284744263,4,6000,WAS@ATL,WAS,ATL,,,,,,QB
120838-119641,QB,Brady,Brady Cook,Cook,,0,6000,NYJ@MIA,NYJ,MIA,,,,,,QB
120838-90981,QB,Adrian,Adrian Martinez,Martinez,,0,6000,JAC@SF,SF,JAC,,,,,,QB
120838-53095,QB,Kyle,Kyle Allen,Allen,0.3799999952316284,2,6000,CLE@DET,DET,CLE,,,,,,QB
120838-63336,QB,Joe,Joe Burrow,Burrow,7.929999828338623,2,6000,CIN@DEN,CIN,DEN,IR,Toe,,,,QB
120838-92020,QB,Kenny,Kenny Pickett,Pickett,3.6342857905796597,7,6000,CHI@LV,LV,CHI,,,,,,QB
120838-184183,QB,Shedeur,Shedeur Sanders,Sanders,,0,6000,CLE@DET,CLE,DET,,,,,,QB
120838-14225,QB,Andy,Andy Dalton,Dalton,-0.10000000149011612,1,6000,CAR@NE,CAR,NE,,,,,,QB
120838-200653,QB,Max,Max Brosmer,Brosmer,1.159999966621399,1,6000,MIN@PIT,MIN,PIT,,,,,,QB
120838-85983,QB,Hendon,Hendon Hooker,Hooker,0.6700000166893005,4,6000,CAR@NE,CAR,NE,,,,,,QB
120838-129010,QB,DJ,DJ Uiagalelei,Uiagalelei,,0,6000,LAC@NYG,LAC,NYG,,,,,,QB
120838-166916,WR,Matthew,Matthew Golden,Golden,4.066666603088379,3,5900,GB@DAL,GB,DAL,,,,,,WR/FLEX
120838-61593,WR,Jauan,Jauan Jennings,Jennings,10,2,5900,JAC@SF,SF,JAC,Q,Ankle,,,,WR/FLEX
120838-92575,RB,Isiah,Isiah Pacheco,Pacheco,4.166666666666667,3,5900,BAL@KC,KC,BAL,,,,,,RB/FLEX
120838-86518,WR,Khalil,Khalil Shakir,Shakir,7.866666793823242,3,5900,NO@BUF,BUF,NO,,,,,,WR/FLEX
120838-86687,WR,Hollywood,Hollywood Brown,Brown,8.866666793823242,3,5900,BAL@KC,KC,BAL,,,,,,WR/FLEX
120838-103539,WR,Wan'Dale,Wan'Dale Robinson,Robinson,12.933333079020182,3,5800,LAC@NYG,NYG,LAC,,,,,,WR/FLEX
120838-86153,RB,Tyrone,Tyrone Tracy Jr.,Tracy Jr.,5.400000254313151,3,5800,LAC@NYG,NYG,LAC,O,Shoulder,,,,RB/FLEX
120838-137530,TE,Tyler,Tyler Warren,Warren,8.866666793823242,3,5800,IND@LAR,IND,LAR,,,,,,TE/FLEX
120838-60957,WR,KaVontae,KaVontae Turpin,Turpin,8.266666412353516,3,5800,GB@DAL,DAL,GB,,,,,,WR/FLEX
120838-69213,WR,Michael,Michael Pittman Jr.,Pittman Jr.,13.09999974568685,3,5800,IND@LAR,IND,LAR,,,,,,WR/FLEX
120838-167620,WR,Tetairoa,Tetairoa McMillan,McMillan,10.533333460489908,3,5800,CAR@NE,CAR,NE,Q,Calf,,,,WR/FLEX
120838-71706,TE,T.J.,T.J. Hockenson,Hockenson,6.033333460489909,3,5700,MIN@PIT,MIN,PIT,,,,,,TE/FLEX
120838-152647,RB,TreVeyon,TreVeyon Henderson,Henderson,6.433333079020183,3,5700,CAR@NE,NE,CAR,,,,,,RB/FLEX
120838-69777,WR,Darnell,Darnell Mooney,Mooney,4.699999809265137,2,5700,WAS@ATL,ATL,WAS,,,,,,WR/FLEX
120838-64808,TE,Juwan,Juwan Johnson,Johnson,11.033332824707031,3,5700,NO@BUF,NO,BUF,,,,,,TE/FLEX
120838-90561,WR,Jerry,Jerry Jeudy,Jeudy,6.133333206176758,3,5700,CLE@DET,CLE,DET,,,,,,WR/FLEX
120838-157467,WR,Keon,Keon Coleman,Coleman,10.59999974568685,3,5700,NO@BUF,BUF,NO,,,,,,WR/FLEX
120838-87127,RB,Chris,Chris Rodriguez Jr.,Rodriguez Jr.,3.9000000953674316,1,5600,WAS@ATL,WAS,ATL,,,,,,RB/FLEX
120838-145558,TE,Dalton,Dalton Kincaid,Kincaid,11.199999491373697,3,5600,NO@BUF,BUF,NO,,,,,,TE/FLEX
120838-90573,WR,Jaylen,Jaylen Waddle,Waddle,10.90000025431315,3,5600,NYJ@MIA,MIA,NYJ,,,,,,WR/FLEX
120838-25079,WR,Stefon,Stefon Diggs,Diggs,5.900000254313151,3,5600,CAR@NE,NE,CAR,,,,,,WR/FLEX
120838-55987,WR,JuJu,JuJu Smith-Schuster,Smith-Schuster,5.5,3,5600,BAL@KC,KC,BAL,,,,,,WR/FLEX
120838-90870,WR,Calvin,Calvin Austin III,Austin III,9.533333460489908,3,5600,MIN@PIT,PIT,MIN,,,,,,WR/FLEX
120838-85845,WR,Rashod,Rashod Bateman,Bateman,6.433333079020183,3,5600,BAL@KC,BAL,KC,,,,,,WR/FLEX
120838-16606,WR,DeAndre,DeAndre Hopkins,Hopkins,8.566666920979818,3,5500,BAL@KC,BAL,KC,,,,,,WR/FLEX
120838-170287,WR,Rashid,Rashid Shaheed,Shaheed,8.566666920979818,3,5500,NO@BUF,NO,BUF,,,,,,WR/FLEX
120838-60858,WR,Christian,Christian Kirk,Kirk,4,1,5500,TEN@HOU,HOU,TEN,,,,,,WR/FLEX
120838-117178,RB,Jacory,Jacory Croskey-Merritt,Croskey-Merritt,8.5,3,5500,WAS@ATL,WAS,ATL,Q,Knee,,,,RB/FLEX
120838-110457,WR,Dontayvion,Dontayvion Wicks,Wicks,4.5,3,5500,GB@DAL,GB,DAL,,,,,,WR/FLEX
120838-40845,TE,Hunter,Hunter Henry,Henry,11.666666666666666,3,5500,CAR@NE,NE,CAR,,,,,,TE/FLEX
120838-111540,RB,Rhamondre,Rhamondre Stevenson,Stevenson,8.5,3,5500,CAR@NE,NE,CAR,,,,,,RB/FLEX
120838-55335,TE,David,David Njoku,Njoku,5.900000254313151,3,5400,CLE@DET,CLE,DET,,,,,,TE/FLEX
120838-64555,WR,Calvin,Calvin Ridley,Ridley,5.033333460489909,3,5400,TEN@HOU,TEN,HOU,,,,,,WR/FLEX
120838-89220,WR,Tyquan,Tyquan Thornton,Thornton,11.199999491373697,3,5400,BAL@KC,KC,BAL,,,,,,WR/FLEX
120838-56648,RB,Jeremy,Jeremy McNichols,McNichols,8.149999618530273,2,5400,WAS@ATL,WAS,ATL,,,,,,RB/FLEX
120838-151903,WR,Troy,Troy Franklin,Franklin,9.40000025431315,3,5400,CIN@DEN,DEN,CIN,,,,,,WR/FLEX
120838-172861,WR,Elic,Elic Ayomanor,Ayomanor,9.233333587646484,3,5400,TEN@HOU,TEN,HOU,,,,,,WR/FLEX
120838-183240,RB,Cam,Cam Skattebo,Skattebo,11.966667175292969,3,5400,LAC@NYG,NYG,LAC,,,,,,RB/FLEX
120838-52436,TE,Mark,Mark Andrews,Andrews,8.666666666666666,3,5300,BAL@KC,BAL,KC,,,,,,TE/FLEX
120838-87432,WR,Cedric,Cedric Tillman,Tillman,9,3,5300,CLE@DET,CLE,DET,,,,,,WR/FLEX
120838-137902,RB,Rachaad,Rachaad White,White,5.866666793823242,3,5300,PHI@TB,TB,PHI,,,,,,RB/FLEX
120838-92859,WR,Jalen,Jalen Nailor,Nailor,4.366666793823242,3,5300,MIN@PIT,MIN,PIT,,,,,,WR/FLEX
120838-90912,RB,Kenneth,Kenneth Gainwell,Gainwell,6,3,5300,MIN@PIT,PIT,MIN,,,,,,RB/FLEX
120838-27477,WR,Sterling,Sterling Shepard,Shepard,6.933333079020183,3,5300,PHI@TB,TB,PHI,,,,,,WR/FLEX
120838-71521,RB,Justice,Justice Hill,Hill,3.133333206176758,3,5300,BAL@KC,BAL,KC,,,,,,RB/FLEX
120838-184184,WR,Travis,Travis Hunter,Hunter,4.200000127156575,3,5300,JAC@SF,JAC,SF,,,,,,WR/FLEX
120838-86080,TE,Kyle,Kyle Pitts Sr.,Pitts Sr.,7,3,5200,WAS@ATL,ATL,WAS,,,,,,TE/FLEX
120838-45229,RB,Kareem,Kareem Hunt,Hunt,6.133333206176758,3,5200,BAL@KC,KC,BAL,,,,,,RB/FLEX
120838-120093,WR,Marvin,Marvin Mims Jr.,Mims Jr.,3.6666666666666665,3,5200,CIN@DEN,DEN,CIN,Q,Hip,,,,WR/FLEX
120838-86312,WR,Alec,Alec Pierce,Pierce,7.200000127156575,3,5200,IND@LAR,IND,LAR,O,Concussion,,,,WR/FLEX
120838-87418,WR,Joshua,Joshua Palmer,Palmer,5.100000063578288,3,5200,NO@BUF,BUF,NO,,,,,,WR/FLEX
120838-158412,RB,Braelon,Braelon Allen,Allen,4.566666603088379,3,5200,NYJ@MIA,NYJ,MIA,,,,,,RB/FLEX
120838-119653,WR,Kayshon,Kayshon Boutte,Boutte,9.40000025431315,3,5200,CAR@NE,NE,CAR,,,,,,WR/FLEX
120838-160620,RB,Bhayshul,Bhayshul Tuten,Tuten,7.866666793823242,3,5200,JAC@SF,JAC,SF,,,,,,RB/FLEX
120838-83074,TE,Dallas,Dallas Goedert,Goedert,8.850000381469727,2,5100,PHI@TB,PHI,TB,,,,,,TE/FLEX
120838-103587,TE,Brenton,Brenton Strange,Strange,6.733333587646484,3,5100,JAC@SF,JAC,SF,,,,,,TE/FLEX
120838-129305,WR,Josh,Josh Downs,Downs,4.899999936421712,3,5100,IND@LAR,IND,LAR,,,,,,WR/FLEX
120838-137516,WR,Parker,Parker Washington,Washington,5.166666666666667,3,5100,JAC@SF,JAC,SF,,,,,,WR/FLEX
120838-38264,WR,Demarcus,Demarcus Robinson,Robinson,6.299999839381168,19,5100,JAC@SF,SF,JAC,,,,,,WR/FLEX
120838-174486,RB,Dylan,Dylan Sampson,Sampson,7.633333206176758,3,5100,CLE@DET,CLE,DET,,,,,,RB/FLEX
120838-57986,WR,Hunter,Hunter Renfrow,Renfrow,8,3,5100,CAR@NE,CAR,NE,,,,,,WR/FLEX
120838-39716,WR,Adam,Adam Thielen,Thielen,1.8666666348775227,3,5100,MIN@PIT,MIN,PIT,,,,,,WR/FLEX
120838-90933,RB,Antonio,Antonio Gibson,Gibson,3.4666665395100913,3,5100,CAR@NE,NE,CAR,,,,,,RB/FLEX
120838-110484,RB,RJ,RJ Harvey,Harvey,4.466666539510091,3,5100,CIN@DEN,DEN,CIN,,,,,,RB/FLEX
120838-29780,TE,Zach,Zach Ertz,Ertz,10.266666412353516,3,5000,WAS@ATL,WAS,ATL,,,,,,TE/FLEX
120838-71845,RB,Miles,Miles Sanders,Sanders,6.400000254313151,3,5000,GB@DAL,DAL,GB,,,,,,RB/FLEX
120838-12526,D,Buffalo,Buffalo Bills,Bills,4,3,5000,NO@BUF,BUF,NO,,,,,,DEF
120838-12531,D,Denver,Denver Broncos,Broncos,7.666666666666667,3,5000,CIN@DEN,DEN,CIN,,,,,,DEF
120838-90428,RB,Tyler,Tyler Allgeier,Allgeier,5.933333079020183,3,5000,WAS@ATL,ATL,WAS,,,,,,RB/FLEX
120838-80289,WR,Kendrick,Kendrick Bourne,Bourne,5.25,2,5000,JAC@SF,SF,JAC,,,,,,WR/FLEX
120838-88548,WR,Jalen,Jalen Tolbert,Tolbert,3,3,5000,GB@DAL,DAL,GB,,,,,,WR/FLEX
120838-88575,WR,Elijah,Elijah Moore,Moore,5.633333206176758,3,5000,NO@BUF,BUF,NO,,,,,,WR/FLEX
120838-144102,RB,Kyle,Kyle Monangai,Monangai,2.7333332697550454,3,5000,CHI@LV,CHI,LV,,,,,,RB/FLEX
120838-55042,TE,Dalton,Dalton Schultz,Schultz,5.033333460489909,3,5000,TEN@HOU,HOU,TEN,,,,,,TE/FLEX
120838-64496,WR,Olamide,Olamide Zaccheaus,Zaccheaus,4.799999872843425,3,5000,CHI@LV,CHI,LV,,,,,,WR/FLEX
120838-48116,TE,Jonnu,Jonnu Smith,Smith,6.166666666666667,3,5000,MIN@PIT,PIT,MIN,,,,,,TE/FLEX
120838-166092,WR,Luther,Luther Burden III,Burden III,7.5,3,4900,CHI@LV,CHI,LV,,,,,,WR/FLEX
120838-86244,TE,Pat,Pat Freiermuth,Freiermuth,3.3333333333333335,3,4900,MIN@PIT,PIT,MIN,,,,,,TE/FLEX
120838-88297,TE,Chig,Chig Okonkwo,Okonkwo,6,3,4900,TEN@HOU,TEN,HOU,,,,,,TE/FLEX
120838-12532,D,Detroit,Detroit Lions,Lions,5.333333333333333,3,4900,CLE@DET,DET,CLE,,,,,,DEF
120838-12533,D,Green Bay,Green Bay Packers,Packers,7.666666666666667,3,4900,GB@DAL,GB,DAL,,,,,,DEF
120838-93538,WR,Dyami,Dyami Brown,Brown,8.033333460489908,3,4900,JAC@SF,JAC,SF,Q,Shoulder,,,,WR/FLEX
120838-110974,WR,Malik,Malik Washington,Washington,5.866666793823242,3,4900,NYJ@MIA,MIA,NYJ,,,,,,WR/FLEX
120838-90562,RB,Brian,Brian Robinson Jr.,Robinson Jr.,2.933333396911621,3,4900,JAC@SF,SF,JAC,,,,,,RB/FLEX
120838-62055,WR,Ray-Ray,Ray-Ray McCloud III,McCloud III,3.2000001271565757,3,4900,WAS@ATL,ATL,WAS,,,,,,WR/FLEX
120838-137967,RB,Blake,Blake Corum,Corum,5.933333079020183,3,4900,IND@LAR,LAR,IND,,,,,,RB/FLEX
120838-86811,TE,Cade,Cade Otton,Otton,2,2,4900,PHI@TB,TB,PHI,,,,,,TE/FLEX
120838-71705,TE,Noah,Noah Fant,Fant,6,3,4800,CIN@DEN,CIN,DEN,O,Concussion,,,,TE/FLEX
120838-87260,TE,Isaiah,Isaiah Likely,Likely,7.100000169542101,18,4800,BAL@KC,BAL,KC,Q,Foot,,,,TE/FLEX
120838-166112,RB,Ollie,Ollie Gordon II,Gordon II,4.133333206176758,3,4800,NYJ@MIA,MIA,NYJ,,,,,,RB/FLEX
120838-91467,TE,Jake,Jake Tonges,Tonges,5.733333587646484,3,4800,JAC@SF,SF,JAC,,,,,,TE/FLEX
120838-151909,WR,Dont'e,Dont'e Thornton Jr.,Thornton Jr.,3.9666665395100913,3,4800,CHI@LV,LV,CHI,,,,,,WR/FLEX
120838-27050,WR,Tyler,Tyler Lockett,Lockett,2.5333333015441895,3,4800,TEN@HOU,TEN,HOU,,,,,,WR/FLEX
120838-138774,RB,Woody,Woody Marks,Marks,3.3333333333333335,3,4800,TEN@HOU,HOU,TEN,,,,,,RB/FLEX
120838-72297,RB,Rico,Rico Dowdle,Dowdle,5.100000063578288,3,4800,CAR@NE,CAR,NE,,,,,,RB/FLEX
120838-172699,TE,Harold,Harold Fannin Jr.,Fannin Jr.,7.133333206176758,3,4800,CLE@DET,CLE,DET,,,,,,TE/FLEX
120838-128765,RB,Nathan,Nathan Carter,Carter,2.5999999046325684,1,4800,WAS@ATL,ATL,WAS,O,Hamstring,,,,RB/FLEX
120838-41872,TE,Evan,Evan Engram,Engram,2.6500000953674316,2,4800,CIN@DEN,DEN,CIN,,,,,,TE/FLEX
120838-91047,TE,Cole,Cole Kmet,Kmet,5,3,4800,CHI@LV,CHI,LV,,,,,,TE/FLEX
120838-119788,WR,Xavier,Xavier Hutchinson,Hutchinson,3.8333333333333335,3,4800,TEN@HOU,HOU,TEN,,,,,,WR/FLEX
120838-60451,TE,Tyler,Tyler Conklin,Conklin,3.0999999046325684,2,4700,LAC@NYG,LAC,NYG,,,,,,TE/FLEX
120838-103511,WR,Devaughn,Devaughn Vele,Vele,4.300000190734863,2,4700,NO@BUF,NO,BUF,Q,Hip,,,,WR/FLEX
120838-183488,WR,Isaac,Isaac TeSlaa,TeSlaa,3.7333332697550454,3,4700,CLE@DET,DET,CLE,,,,,,WR/FLEX
120838-12535,D,Indianapolis,Indianapolis Colts,Colts,9.666666666666666,3,4700,IND@LAR,IND,LAR,,,,,,DEF
120838-103694,RB,Ray,Ray Davis,Davis,1,3,4700,NO@BUF,BUF,NO,,,,,,RB/FLEX
120838-63819,WR,Darius,Darius Slayton,Slayton,4.033333460489909,3,4700,LAC@NYG,NYG,LAC,,,,,,WR/FLEX
120838-90533,RB,Jerome,Jerome Ford,Ford,3.9666665395100913,3,4700,CLE@DET,CLE,DET,,,,,,RB/FLEX
120838-25011,TE,Darren,Darren Waller,Waller,,0,4700,NYJ@MIA,MIA,NYJ,,,,,,TE/FLEX
120838-47870,TE,Tyler,Tyler Higbee,Higbee,2.8499999046325684,2,4700,IND@LAR,LAR,IND,Q,Hip,,,,TE/FLEX
120838-128810,TE,Theo,Theo Johnson,Johnson,2.633333365122477,3,4700,LAC@NYG,NYG,LAC,,,,,,TE/FLEX
120838-120657,RB,Kendre,Kendre Miller,Miller,2.8333333333333335,3,4700,NO@BUF,NO,BUF,,,,,,RB/FLEX
120838-147315,WR,Jayden,Jayden Higgins,Higgins,2.8333333333333335,3,4700,TEN@HOU,HOU,TEN,,,,,,WR/FLEX
120838-93143,TE,Noah,Noah Gray,Gray,1.5333333015441895,3,4700,BAL@KC,KC,BAL,,,,,,TE/FLEX
120838-129112,WR,Chimere,Chimere Dike,Dike,1.566666603088379,3,4600,TEN@HOU,TEN,HOU,,,,,,WR/FLEX
120838-68712,WR,Tyler,Tyler Johnson,Johnson,2.7666667302449546,3,4600,NYJ@MIA,NYJ,MIA,,,,,,WR/FLEX
120838-103547,WR,Luke,Luke McCaffrey,McCaffrey,5.833333333333333,3,4600,WAS@ATL,WAS,ATL,,,,,,WR/FLEX
120838-91361,RB,Hassan,Hassan Haskins,Haskins,0,3,4600,LAC@NYG,LAC,NYG,,,,,,RB/FLEX
120838-111876,WR,DeMario,DeMario Douglas,Douglas,3.3999999364217124,3,4600,CAR@NE,NE,CAR,,,,,,WR/FLEX
120838-158983,TE,Ja'Tavion,Ja'Tavion Sanders,Sanders,4.899999936421712,3,4600,CAR@NE,CAR,NE,O,Ankle,,,,TE/FLEX
120838-12552,D,Washington,Washington Commanders,Commanders,7.333333333333333,3,4600,WAS@ATL,WAS,ATL,,,,,,DEF
120838-91578,RB,Zamir,Zamir White,White,1.9666666984558105,3,4600,CHI@LV,LV,CHI,,,,,,RB/FLEX
120838-87515,WR,Tylan,Tylan Wallace,Wallace,4.75,2,4600,BAL@KC,BAL,KC,,,,,,WR/FLEX
120838-63050,RB,Ty,Ty Johnson,Johnson,1.8666666348775227,3,4600,NO@BUF,BUF,NO,,,,,,RB/FLEX
120838-166588,TE,Colston,Colston Loveland,Loveland,1.933333396911621,3,4600,CHI@LV,CHI,LV,Q,Hip,,,,TE/FLEX
120838-138998,TE,Michael,Michael Mayer,Mayer,2.566666603088379,3,4600,CHI@LV,LV,CHI,O,Concussion,,,,TE/FLEX
120838-103195,WR,Jordan,Jordan Whittington,Whittington,2.7000001271565757,3,4600,IND@LAR,LAR,IND,,,,,,WR/FLEX
120838-29501,WR,Brandin,Brandin Cooks,Cooks,3.866666793823242,3,4600,NO@BUF,NO,BUF,,,,,,WR/FLEX
120838-86055,RB,Dameon,Dameon Pierce,Pierce,0.5,1,4500,TEN@HOU,HOU,TEN,,,,,,RB/FLEX
120838-168054,TE,Mason,Mason Taylor,Taylor,2.433333396911621,3,4500,NYJ@MIA,NYJ,MIA,,,,,,TE/FLEX
120838-185593,WR,Andrei,Andrei Iosivas,Iosivas,1.7000000476837158,1,4500,CIN@DEN,CIN,DEN,,,,,,WR/FLEX
120838-12547,D,Pittsburgh,Pittsburgh Steelers,Steelers,8,3,4500,MIN@PIT,PIT,MIN,,,,,,DEF
120838-12555,D,Baltimore,Baltimore Ravens,Ravens,2.6666666666666665,3,4500,BAL@KC,BAL,KC,,,,,,DEF
120838-137488,RB,Rasheen,Rasheen Ali,Ali,0.25,2,4500,BAL@KC,BAL,KC,,,,,,RB/FLEX
120838-52613,WR,Curtis,Curtis Samuel,Samuel,4.194117826573989,17,4500,NO@BUF,BUF,NO,,,,,,WR/FLEX
120838-63907,TE,Josh,Josh Oliver,Oliver,4.349999904632568,2,4500,MIN@PIT,MIN,PIT,,,,,,TE/FLEX
120838-73176,TE,Luke,Luke Farrell,Farrell,4.699999809265137,2,4500,JAC@SF,SF,JAC,,,,,,TE/FLEX
120838-56809,WR,Allen,Allen Lazard,Lazard,8.300000190734863,1,4500,NYJ@MIA,NYJ,MIA,,,,,,WR/FLEX
120838-114198,WR,Xavier,Xavier Legette,Legette,1.399999976158142,2,4500,CAR@NE,CAR,NE,O,Hamstring,,,,WR/FLEX
120838-152103,RB,Jaylen,Jaylen Wright,Wright,1.9384615971491888,13,4500,NYJ@MIA,MIA,NYJ,,,,,,RB/FLEX
120838-200291,TE,Jackson,Jackson Hawes,Hawes,3.7999998728434243,3,4500,NO@BUF,BUF,NO,,,,,,TE/FLEX
120838-155293,RB,DJ,DJ Giddens,Giddens,1.4666666984558105,3,4500,IND@LAR,IND,LAR,,,,,,RB/FLEX
120838-25267,WR,Mack,Mack Hollins,Hollins,4.266666730244954,3,4500,CAR@NE,NE,CAR,,,,,,WR/FLEX
120838-64389,WR,Nick,Nick Westbrook-Ikhine,Westbrook-Ikhine,2,2,4500,NYJ@MIA,MIA,NYJ,,,,,,WR/FLEX
120838-91046,TE,Brock,Brock Wright,Wright,10.300000190734863,1,4500,CLE@DET,DET,CLE,,,,,,TE/FLEX
120838-56248,WR,Noah,Noah Brown,Brown,2.549999952316284,2,4500,WAS@ATL,WAS,ATL,O,Groin,,,,WR/FLEX
120838-56265,TE,Mike,Mike Gesicki,Gesicki,2.1000000635782876,3,4500,CIN@DEN,CIN,DEN,,,,,,TE/FLEX
120838-40126,TE,Austin,Austin Hooper,Hooper,3.5333334604899087,3,4400,CAR@NE,NE,CAR,,,,,,TE/FLEX
120838-170188,TE,Tanner,Tanner Conner,Conner,2.4000000953674316,2,4400,NYJ@MIA,MIA,NYJ,,,,,,TE/FLEX
120838-86229,WR,Jahan,Jahan Dotson,Dotson,3.1666666666666665,3,4400,PHI@TB,PHI,TB,,,,,,WR/FLEX
120838-130270,TE,Adam,Adam Trautman,Trautman,4.75,2,4400,CIN@DEN,DEN,CIN,,,,,,TE/FLEX
120838-151789,WR,Adonai,Adonai Mitchell,Mitchell,2.0333333015441895,3,4400,IND@LAR,IND,LAR,,,,,,WR/FLEX
120838-12540,D,Minnesota,Minnesota Vikings,Vikings,13.333333333333334,3,4400,MIN@PIT,MIN,PIT,,,,,,DEF
120838-12556,D,Houston,Houston Texans,Texans,6,3,4400,TEN@HOU,HOU,TEN,,,,,,DEF
120838-91417,TE,Luke,Luke Schoonmaker,Schoonmaker,0.3333333333333333,3,4400,GB@DAL,DAL,GB,,,,,,TE/FLEX
120838-56708,TE,Will,Will Dissly,Dissly,1.75,2,4400,LAC@NYG,LAC,NYG,O,Knee,,,,TE/FLEX
120838-201233,WR,Ryan,Ryan Flournoy,Flournoy,3.0999999046325684,1,4400,GB@DAL,DAL,GB,,,,,,WR/FLEX
120838-128693,RB,Tank,Tank Bigsby,Bigsby,0.6000000238418579,2,4400,PHI@TB,PHI,TB,,,,,,RB/FLEX
120838-40647,WR,Marquez,Marquez Valdes-Scantling,Valdes-Scantling,0.699999988079071,2,4400,JAC@SF,SF,JAC,,,,,,WR/FLEX
120838-70422,WR,Kalif,Kalif Raymond,Raymond,2.1000000635782876,3,4400,CLE@DET,DET,CLE,,,,,,WR/FLEX
120838-53097,WR,Josh,Josh Reynolds,Reynolds,2.799999952316284,1,4400,NYJ@MIA,NYJ,MIA,,,,,,WR/FLEX
120838-156527,WR,Devontez,Devontez Walker,Walker,9.75,2,4400,BAL@KC,BAL,KC,,,,,,WR/FLEX
120838-152520,RB,Will,Will Shipley,Shipley,2.5999999046325684,1,4400,PHI@TB,PHI,TB,,,,,,RB/FLEX
120838-91101,TE,Tommy,Tommy Tremble,Tremble,2.2666667302449546,3,4400,CAR@NE,CAR,NE,,,,,,TE/FLEX
120838-64585,TE,Dawson,Dawson Knox,Knox,2.950000047683716,2,4300,NO@BUF,BUF,NO,,,,,,TE/FLEX
120838-28827,RB,Dare,Dare Ogunbowale,Ogunbowale,1.600000023841858,1,4300,TEN@HOU,HOU,TEN,,,,,,RB/FLEX
120838-174245,WR,Isaiah,Isaiah Bond,Bond,1.8666666348775227,3,4300,CLE@DET,CLE,DET,,,,,,WR/FLEX
120838-105648,RB,Tyler,Tyler Goodson,Goodson,0.6000000238418579,1,4300,IND@LAR,IND,LAR,,,,,,RB/FLEX
120838-170184,RB,Julius,Julius Chestnut,Chestnut,1.399999976158142,2,4300,TEN@HOU,TEN,HOU,,,,,,RB/FLEX
120838-52451,RB,Samaje,Samaje Perine,Perine,0.5666666825612386,3,4300,CIN@DEN,CIN,DEN,,,,,,RB/FLEX
120838-12541,D,New England,New England Patriots,Patriots,7.333333333333333,3,4300,CAR@NE,NE,CAR,,,,,,DEF
120838-176467,WR,Jalen,Jalen Royals,Royals,,0,4300,BAL@KC,KC,BAL,,,,,,WR/FLEX
120838-91618,TE,John,John FitzPatrick,FitzPatrick,4.449999809265137,2,4300,GB@DAL,GB,DAL,,,,,,TE/FLEX
120838-92677,WR,Zavier,Zavier Scott,Scott,5.5,1,4300,MIN@PIT,MIN,PIT,,,,,,WR/FLEX
120838-185861,RB,Emanuel,Emanuel Wilson,Wilson,0.9666666984558105,3,4300,GB@DAL,GB,DAL,,,,,,RB/FLEX
120838-129546,WR,Tre',Tre' Harris,Harris,2,3,4300,LAC@NYG,LAC,NYG,,,,,,WR/FLEX
120838-89627,WR,Brycen,Brycen Tremayne,Tremayne,4.400000095367432,2,4300,CAR@NE,CAR,NE,,,,,,WR/FLEX
120838-152148,TE,Gunnar,Gunnar Helm,Helm,2.7333332697550454,3,4300,TEN@HOU,TEN,HOU,,,,,,TE/FLEX
120838-85635,TE,Charlie,Charlie Kolar,Kolar,3.200000047683716,1,4300,BAL@KC,BAL,KC,,,,,,TE/FLEX
120838-57091,WR,Tim,Tim Patrick,Patrick,1.0499999523162842,2,4300,JAC@SF,JAC,SF,,,,,,WR/FLEX
120838-92976,WR,Tutu,Tutu Atwell,Atwell,0.29999999205271405,3,4300,IND@LAR,LAR,IND,,,,,,WR/FLEX
120838-120642,WR,Savion,Savion Williams,Williams,0.9666666984558105,3,4300,GB@DAL,GB,DAL,,,,,,WR/FLEX
120838-70603,RB,Devin,Devin Singletary,Singletary,0.8333333333333334,3,4300,LAC@NYG,NYG,LAC,,,,,,RB/FLEX
120838-128986,WR,Jaylin,Jaylin Lane,Lane,2.866666793823242,3,4300,WAS@ATL,WAS,ATL,,,,,,WR/FLEX
120838-104424,RB,Craig,Craig Reynolds,Reynolds,0.4000000059604645,1,4300,CLE@DET,DET,CLE,,,,,,RB/FLEX
120838-86075,TE,Lucas,Lucas Krull,Krull,1.25,2,4200,CIN@DEN,DEN,CIN,,,,,,TE/FLEX
120838-64581,WR,Van,Van Jefferson,Jefferson,1.649999976158142,2,4200,TEN@HOU,TEN,HOU,,,,,,WR/FLEX
120838-28744,RB,Raheem,Raheem Mostert,Mostert,4.723077040452224,13,4200,CHI@LV,LV,CHI,,,,,,RB/FLEX
120838-79987,WR,David,David Moore,Moore,0.5,2,4200,CAR@NE,CAR,NE,,,,,,WR/FLEX
120838-155775,RB,Brashard,Brashard Smith,Smith,0.5,3,4200,BAL@KC,KC,BAL,,,,,,RB/FLEX
120838-95370,TE,Ryan,Ryan Miller,Miller,2.8333333333333335,3,4200,PHI@TB,TB,PHI,,,,,,TE/FLEX
120838-112780,WR,Jamari,Jamari Thrash,Thrash,1.2666666507720947,3,4200,CLE@DET,CLE,DET,,,,,,WR/FLEX
120838-152717,WR,Beaux,Beaux Collins,Collins,,0,4200,LAC@NYG,NYG,LAC,,,,,,WR/FLEX
120838-12549,D,San Francisco,San Francisco 49ers,49ers,6.333333333333333,3,4200,JAC@SF,SF,JAC,,,,,,DEF
120838-102696,WR,John,John Metchie III,Metchie III,0.5999999841054281,3,4200,PHI@TB,PHI,TB,,,,,,WR/FLEX
120838-85306,WR,KhaDarel,KhaDarel Hodge,Hodge,0,1,4200,WAS@ATL,ATL,WAS,O,Groin,,,,WR/FLEX
120838-91488,RB,Chris,Chris Brooks,Brooks,2.5,2,4200,GB@DAL,GB,DAL,,,,,,RB/FLEX
120838-133478,WR,Arian,Arian Smith,Smith,0.5,3,4200,NYJ@MIA,NYJ,MIA,,,,,,WR/FLEX
120838-56711,TE,Drew,Drew Sample,Sample,3.3999999364217124,3,4200,CIN@DEN,CIN,DEN,,,,,,TE/FLEX
120838-94621,WR,Derius,Derius Davis,Davis,-0.5,3,4200,LAC@NYG,LAC,NYG,O,Knee,,,,WR/FLEX
120838-102831,TE,Davis,Davis Allen,Allen,5.299999872843425,3,4200,IND@LAR,LAR,IND,,,,,,TE/FLEX
120838-112062,WR,Skyy,Skyy Moore,Moore,0.5,3,4200,JAC@SF,SF,JAC,,,,,,WR/FLEX
120838-152007,WR,Jaylin,Jaylin Noel,Noel,0.6999999682108561,3,4200,TEN@HOU,HOU,TEN,,,,,,WR/FLEX
120838-90583,WR,Tyrell,Tyrell Shavers,Shavers,1.7000000476837158,2,4200,NO@BUF,BUF,NO,,,,,,WR/FLEX
120838-185850,TE,Julian,Julian Hill,Hill,1.4500000476837158,2,4200,NYJ@MIA,MIA,NYJ,,,,,,TE/FLEX
120838-39428,RB,Kyle,Kyle Juszczyk,Juszczyk,3.933333396911621,3,4200,JAC@SF,SF,JAC,,,,,,RB/FLEX
120838-138786,WR,Malik,Malik Heath,Heath,4.199999809265137,1,4200,GB@DAL,GB,DAL,,,,,,WR/FLEX
120838-113228,TE,Luke,Luke Musgrave,Musgrave,2.549999952316284,2,4200,GB@DAL,GB,DAL,,,,,,TE/FLEX
120838-128624,WR,Tez,Tez Johnson,Johnson,0,2,4200,PHI@TB,TB,PHI,,,,,,WR/FLEX
120838-94887,RB,Tyler,Tyler Badie,Badie,2.9000000953674316,2,4200,CIN@DEN,DEN,CIN,,,,,,RB/FLEX
120838-71351,TE,Charlie,Charlie Woerner,Woerner,0,2,4200,WAS@ATL,ATL,WAS,,,,,,TE/FLEX
120838-87815,TE,Jeremy,Jeremy Ruckert,Ruckert,4.800000190734863,2,4200,NYJ@MIA,NYJ,MIA,,,,,,TE/FLEX
120838-103187,RB,Roschon,Roschon Johnson,Johnson,5.783333460489909,12,4200,CHI@LV,CHI,LV,,,,,,RB/FLEX
120838-166749,RB,LeQuint,LeQuint Allen Jr.,Allen Jr.,1.433333396911621,3,4200,JAC@SF,JAC,SF,,,,,,RB/FLEX
120838-137059,RB,Sean,Sean Tucker,Tucker,0.06666666766007741,3,4200,PHI@TB,TB,PHI,,,,,,RB/FLEX
120838-128912,WR,Mitchell,Mitchell Tinsley,Tinsley,3.9000000953674316,2,4200,CIN@DEN,CIN,DEN,,,,,,WR/FLEX
120838-93075,TE,Hunter,Hunter Long,Long,4.650000095367432,2,4200,JAC@SF,JAC,SF,,,,,,TE/FLEX
120838-155551,WR,Pat,Pat Bryant,Bryant,2.799999952316284,1,4200,CIN@DEN,DEN,CIN,,,,,,WR/FLEX
120838-137122,RB,Tahj,Tahj Brooks,Brooks,1.7000000476837158,1,4200,CIN@DEN,CIN,DEN,,,,,,RB/FLEX
120838-24533,TE,Mo,Mo Alie-Cox,Alie-Cox,1.899999976158142,2,4200,IND@LAR,IND,LAR,,,,,,TE/FLEX
120838-168916,RB,Kaleb,Kaleb Johnson,Johnson,-1.0499999523162842,2,4200,MIN@PIT,PIT,MIN,,,,,,RB/FLEX
120838-152537,WR,Tai,Tai Felton,Felton,1.399999976158142,1,4200,MIN@PIT,MIN,PIT,,,,,,WR/FLEX
120838-137265,TE,Ben,Ben Sinnott,Sinnott,1.2000000476837158,1,4100,WAS@ATL,WAS,ATL,,,,,,TE/FLEX
120838-61555,WR,David,David Sills V,Sills V,1.399999976158142,1,4100,WAS@ATL,ATL,WAS,,,,,,WR/FLEX
120838-89230,RB,Cam,Cam Akers,Akers,1.899999976158142,1,4100,MIN@PIT,MIN,PIT,,,,,,RB/FLEX
120838-151741,WR,Jack,Jack Bech,Bech,2.1500000953674316,2,4100,CHI@LV,LV,CHI,,,,,,WR/FLEX
120838-90307,TE,Daniel,Daniel Bellinger,Bellinger,1.5,2,4100,LAC@NYG,NYG,LAC,,,,,,TE/FLEX
120838-83138,TE,Ross,Ross Dwelley,Dwelley,1,1,4100,CLE@DET,DET,CLE,,,,,,TE/FLEX
120838-12544,D,New York,New York Jets,Jets,4,3,4100,NYJ@MIA,NYJ,MIA,,,,,,DEF
120838-12545,D,Philadelphia,Philadelphia Eagles,Eagles,7,3,4100,PHI@TB,PHI,TB,,,,,,DEF
120838-136538,WR,Kyle,Kyle Williams,Williams,1.5,2,4100,CAR@NE,NE,CAR,,,,,,WR/FLEX
120838-154971,RB,Devin,Devin Neal,Neal,0.8999999761581421,1,4100,NO@BUF,NO,BUF,,,,,,RB/FLEX
120838-133477,TE,Darnell,Darnell Washington,Washington,2,1,4100,MIN@PIT,PIT,MIN,,,,,,TE/FLEX
120838-71105,WR,Ben,Ben Skowronek,Skowronek,8.699999809265137,1,4100,MIN@PIT,PIT,MIN,,,,,,WR/FLEX
120838-160213,RB,Isaiah,Isaiah Davis,Davis,0.9666666984558105,3,4100,NYJ@MIA,NYJ,MIA,,,,,,RB/FLEX
120838-72182,WR,Dee,Dee Eskridge,Eskridge,0.9000000158945719,3,4100,NYJ@MIA,MIA,NYJ,,,,,,WR/FLEX
120838-89644,RB,Isaac,Isaac Guerendo,Guerendo,0,3,4100,JAC@SF,SF,JAC,,,,,,RB/FLEX
120838-172646,RB,Trevor,Trevor Etienne,Etienne,-0.29999999205271405,3,4100,CAR@NE,CAR,NE,,,,,,RB/FLEX
120838-86682,TE,Grant,Grant Calcaterra,Calcaterra,1.100000023841858,1,4100,PHI@TB,PHI,TB,,,,,,TE/FLEX
120838-56059,WR,Trent,Trent Sherfield Sr.,Sherfield Sr.,0.800000011920929,2,4100,CIN@DEN,DEN,CIN,,,,,,WR/FLEX
120838-138037,WR,Roman,Roman Wilson,Wilson,1.2000000476837158,1,4100,MIN@PIT,PIT,MIN,,,,,,WR/FLEX
120838-69451,TE,Jack,Jack Stoll,Stoll,9.100000381469727,1,4100,NO@BUF,NO,BUF,,,,,,TE/FLEX
120838-85842,TE,Brevyn,Brevyn Spann-Ford,Spann-Ford,0.4000000059604645,2,4100,GB@DAL,DAL,GB,,,,,,TE/FLEX
120838-139094,WR,Jalin,Jalin Hyatt,Hyatt,0,1,4100,LAC@NYG,NYG,LAC,,,,,,WR/FLEX
120838-91055,WR,Kevin,Kevin Austin Jr.,Austin Jr.,0,1,4100,NO@BUF,NO,BUF,,,,,,WR/FLEX
120838-93107,RB,A.J.,A.J. Dillon,Dillon,1.4500000476837158,2,4100,PHI@TB,PHI,TB,,,,,,RB/FLEX
120838-70601,TE,Harrison,Harrison Bryant,Bryant,0,1,4100,TEN@HOU,HOU,TEN,,,,,,TE/FLEX
120838-72705,TE,John,John Bates,Bates,1.1538461538461537,13,4000,WAS@ATL,WAS,ATL,O,Groin,,,,TE/FLEX
120838-70661,WR,Velus,Velus Jones Jr.,Jones Jr.,0,1,4000,NO@BUF,NO,BUF,,,,,,WR/FLEX
120838-92166,WR,Marcus,Marcus Jones,Jones,0,3,4000,CAR@NE,NE,CAR,,,,,,WR/FLEX
120838-90123,TE,Quintin,Quintin Morris,Morris,2.4200000762939453,5,4000,JAC@SF,JAC,SF,,,,,,TE/FLEX
120838-226319,WR,Junior,Junior Bergen,Bergen,,0,4000,JAC@SF,SF,JAC,,,,,,WR/FLEX
120838-156684,RB,Kye,Kye Robichaux,Robichaux,,0,4000,CLE@DET,DET,CLE,IR,Undisclosed,,,,RB/FLEX
120838-72725,TE,Irv,Irv Smith Jr.,Smith Jr.,0.699999988079071,1,4000,TEN@HOU,HOU,TEN,IR,Ankle,,,,TE/FLEX
120838-111637,TE,Cade,Cade Stover,Stover,4.199999809265137,1,4000,TEN@HOU,HOU,TEN,IR,Foot,,,,TE/FLEX
120838-139284,RB,Frank,Frank Gore Jr.,Gore Jr.,,0,4000,NO@BUF,BUF,NO,,,,,,RB/FLEX
120838-110617,WR,Isaiah,Isaiah Neyor,Neyor,,0,4000,GB@DAL,GB,DAL,,,,,,WR/FLEX
120838-110616,TE,Treyton,Treyton Welch,Welch,,0,4000,NO@BUF,NO,BUF,,,,,,TE/FLEX
120838-86047,RB,Malik,Malik Davis,Davis,,0,4000,GB@DAL,DAL,GB,,,,,,RB/FLEX
120838-137254,RB,Deuce,Deuce Vaughn,Vaughn,1.7166666984558105,6,4000,CIN@DEN,DEN,CIN,,,,,,RB/FLEX
120838-138277,WR,Jalen,Jalen Brooks,Brooks,2.284615443303035,13,4000,GB@DAL,DAL,GB,,,,,,WR/FLEX
120838-154661,WR,Michael,Michael Bandy,Bandy,,0,4000,CIN@DEN,DEN,CIN,,,,,,WR/FLEX
120838-88109,RB,Gary,Gary Brightwell,Brightwell,0,1,4000,CIN@DEN,CIN,DEN,,,,,,RB/FLEX
120838-152628,TE,Thomas,Thomas Fidone II,Fidone II,,0,4000,LAC@NYG,NYG,LAC,,,,,,TE/FLEX
120838-129081,RB,Ahmani,Ahmani Marshall,Marshall,,0,4000,CLE@DET,CLE,DET,,,,,,RB/FLEX
120838-42046,TE,Durham,Durham Smythe,Smythe,0.7538461685180664,13,4000,CHI@LV,CHI,LV,,,,,,TE/FLEX
120838-133180,TE,Ben,Ben Yurosek,Yurosek,,0,4000,MIN@PIT,MIN,PIT,NA,Knee,,,,TE/FLEX
120838-87109,WR,Bryce,Bryce Oliver,Oliver,1.2999999523162842,1,4000,TEN@HOU,TEN,HOU,O,Knee,,,,WR/FLEX
120838-174148,RB,Carlos,Carlos Washington Jr.,Washington Jr.,,0,4000,WAS@ATL,ATL,WAS,,,,,,RB/FLEX
120838-165962,TE,Nikola,Nikola Kalinic,Kalinic,,0,4000,CHI@LV,CHI,LV,,,,,,TE/FLEX
120838-72776,RB,Alexander,Alexander Mattison,Mattison,7.96000010172526,15,4000,NYJ@MIA,MIA,NYJ,IR,Neck,,,,RB/FLEX
120838-112715,WR,Joshua,Joshua Cephus,Cephus,,0,4000,JAC@SF,JAC,SF,IR,Undisclosed,,,,WR/FLEX
120838-87117,TE,Brenden,Brenden Bates,Bates,0,1,4000,TEN@HOU,HOU,TEN,,,,,,TE/FLEX
120838-65627,WR,Maurice,Maurice Alexander,Alexander,0,1,4000,CHI@LV,CHI,LV,,,,,,WR/FLEX
120838-42077,TE,James,James Winchester,Winchester,0,2,4000,BAL@KC,KC,BAL,,,,,,TE/FLEX
120838-86113,WR,Ihmir,Ihmir Smith-Marsette,Smith-Marsette,0.4,15,4000,LAC@NYG,NYG,LAC,,,,,,WR/FLEX
120838-89185,TE,Ben,Ben Sims,Sims,1.2399999618530273,5,4000,GB@DAL,GB,DAL,,,,,,TE/FLEX
120838-114787,RB,Terrell,Terrell Jennings,Jennings,1.649999976158142,2,4000,CAR@NE,NE,CAR,,,,,,RB/FLEX
120838-169067,TE,Bryce,Bryce Pierre,Pierre,,0,4000,CAR@NE,CAR,NE,,,,,,TE/FLEX
120838-79979,WR,Jamal,Jamal Agnew,Agnew,0,1,4000,WAS@ATL,ATL,WAS,,,,,,WR/FLEX
120838-68714,TE,Ko,Ko Kieft,Kieft,0,1,4000,PHI@TB,TB,PHI,IR,Leg,,,,TE/FLEX
120838-86125,WR,Brandon,Brandon Smith,Smith,,0,4000,NYJ@MIA,NYJ,MIA,,,,,,WR/FLEX
120838-158836,RB,Lucas,Lucas Scott,Scott,,0,4000,BAL@KC,BAL,KC,,,,,,RB/FLEX
120838-46200,TE,Daniel,Daniel Brunskill,Brunskill,0,1,4000,NYJ@MIA,MIA,NYJ,,,,,,TE/FLEX
120838-64634,WR,Alex,Alex Bachman,Bachman,0,2,4000,CHI@LV,LV,CHI,,,,,,WR/FLEX
120838-129147,WR,John,John Saunders Jr.,Saunders Jr.,,0,4000,NYJ@MIA,MIA,NYJ,,,,,,WR/FLEX
120838-68730,TE,Sean,Sean McKeon,McKeon,,0,4000,IND@LAR,IND,LAR,,,,,,TE/FLEX
120838-80001,RB,Austin,Austin Ekeler,Ekeler,5.300000190734863,2,4000,WAS@ATL,WAS,ATL,IR,Achilles,,,,RB/FLEX
120838-104577,WR,Gunner,Gunner Olszewski,Olszewski,0,3,4000,LAC@NYG,NYG,LAC,,,,,,WR/FLEX
120838-110721,WR,Dayton,Dayton Wade,Wade,,0,4000,BAL@KC,BAL,KC,IR,Ribs,,,,WR/FLEX
120838-83081,RB,Chase,Chase Edmonds,Edmonds,,0,4000,WAS@ATL,WAS,ATL,,,,,,RB/FLEX
120838-83083,WR,Justin,Justin Watson,Watson,2.25,2,4000,TEN@HOU,HOU,TEN,IR,Achilles,,,,WR/FLEX
120838-87179,TE,Thomas,Thomas Yassmin,Yassmin,,0,4000,LAC@NYG,LAC,NYG,,,,,,TE/FLEX
120838-168076,RB,Sione,Sione Vaki,Vaki,1.3199999809265137,5,4000,CLE@DET,DET,CLE,O,Groin,,,,RB/FLEX
120838-143509,TE,Caleb,Caleb Lohner,Lohner,,0,4000,CIN@DEN,DEN,CIN,,,,,,TE/FLEX
120838-54426,TE,Andrew,Andrew Beck,Beck,0,2,4000,NYJ@MIA,NYJ,MIA,,,,,,TE/FLEX
120838-63646,TE,Lawrence,Lawrence Cager,Cager,,0,4000,WAS@ATL,WAS,ATL,,,,,,TE/FLEX
120838-135325,TE,Rivaldo,Rivaldo Fairweather,Fairweather,,0,4000,GB@DAL,DAL,GB,,,,,,TE/FLEX
120838-62628,WR,DeAndre,DeAndre Carter,Carter,0,3,4000,CLE@DET,CLE,DET,,,,,,WR/FLEX
120838-83117,TE,Tanner,Tanner Hudson,Hudson,3.2222222222222223,9,4000,CIN@DEN,CIN,DEN,,,,,,TE/FLEX
120838-201903,WR,Coleman,Coleman Owen,Owen,,0,4000,IND@LAR,IND,LAR,,,,,,WR/FLEX
120838-52409,RB,Jakob,Jakob Johnson,Johnson,,0,4000,TEN@HOU,HOU,TEN,IR,Hamstring,,,,RB/FLEX
120838-86203,WR,Justin,Justin Shorter,Shorter,0,1,4000,CHI@LV,LV,CHI,,,,,,WR/FLEX
120838-151737,TE,E.J.,E.J. Jenkins,Jenkins,2.3999999364217124,3,4000,PHI@TB,PHI,TB,,,,,,TE/FLEX
120838-65724,RB,JaMycal,JaMycal Hasty,Hasty,2.1636362942782315,11,4000,NYJ@MIA,MIA,NYJ,,,,,,RB/FLEX
120838-131266,RB,Lan,Lan Larison,Larison,,0,4000,CAR@NE,NE,CAR,IR,Foot,,,,RB/FLEX
120838-57543,RB,D'Ernest,D'Ernest Johnson,Johnson,2.491666634877523,12,4000,BAL@KC,BAL,KC,,,,,,RB/FLEX
120838-70859,TE,Albert,Albert Okwuegbunam Jr.,Okwuegbunam Jr.,,0,4000,CHI@LV,LV,CHI,,,,,,TE/FLEX
120838-166095,RB,Cody,Cody Schrader,Schrader,0.4666666587193807,3,4000,JAC@SF,JAC,SF,,,,,,RB/FLEX
120838-93391,TE,Payne,Payne Durham,Durham,0,1,4000,PHI@TB,TB,PHI,,,,,,TE/FLEX
120838-104661,TE,Patrick,Patrick Herbert,Herbert,,0,4000,JAC@SF,JAC,SF,,,,,,TE/FLEX
120838-25813,WR,Phillip,Phillip Dorsett II,Dorsett II,,0,4000,CHI@LV,LV,CHI,,,,,,WR/FLEX
120838-129240,WR,Tyler,Tyler Scott,Scott,0.2,5,4000,IND@LAR,IND,LAR,,,,,,WR/FLEX
120838-95455,WR,D.J.,D.J. Montgomery,Montgomery,,0,4000,IND@LAR,IND,LAR,IR,Undisclosed,,,,WR/FLEX
120838-226525,WR,Chandler,Chandler Brayboy,Brayboy,,0,4000,JAC@SF,JAC,SF,,,,,,WR/FLEX
120838-93408,WR,Rondale,Rondale Moore,Moore,,0,4000,MIN@PIT,MIN,PIT,IR,Knee,,,,WR/FLEX
120838-120035,TE,Mark,Mark Redman,Redman,,0,4000,IND@LAR,LAR,IND,,,,,,TE/FLEX
120838-130275,WR,Kristian,Kristian Wilkerson,Wilkerson,8.800000190734863,1,4000,NO@BUF,BUF,NO,,,,,,WR/FLEX
120838-170208,WR,Kaden,Kaden Davis,Davis,0,1,4000,CLE@DET,CLE,DET,,,,,,WR/FLEX
120838-88290,WR,Jeshaun,Jeshaun Jones,Jones,,0,4000,MIN@PIT,MIN,PIT,,,,,,WR/FLEX
120838-169185,WR,Jamaal,Jamaal Pritchett,Pritchett,,0,4000,NYJ@MIA,NYJ,MIA,,,,,,WR/FLEX
120838-170214,WR,Dennis,Dennis Houston,Houston,,0,4000,PHI@TB,TB,PHI,,,,,,WR/FLEX
120838-63717,RB,Alec,Alec Ingold,Ingold,1.4500000476837158,2,4000,NYJ@MIA,MIA,NYJ,,,,,,RB/FLEX
120838-130276,WR,Mason,Mason Kinsey,Kinsey,0.5400000095367432,5,4000,TEN@HOU,TEN,HOU,,,,,,WR/FLEX
120838-120042,WR,Jalen,Jalen McMillan,McMillan,8.714285714285714,14,4000,PHI@TB,TB,PHI,IR,Neck,,,,WR/FLEX
120838-86255,TE,Josh,Josh Whyle,Whyle,3.11999994913737,15,4000,GB@DAL,GB,DAL,,,,,,TE/FLEX
120838-110834,WR,Tahj,Tahj Washington,Washington,,0,4000,NYJ@MIA,MIA,NYJ,,,,,,WR/FLEX
120838-151799,WR,Jackson,Jackson Meeks,Meeks,,0,4000,CLE@DET,DET,CLE,,,,,,WR/FLEX
120838-92413,RB,Elijah,Elijah Mitchell,Mitchell,,0,4000,BAL@KC,KC,BAL,,,,,,RB/FLEX
120838-151806,RB,Raheim,Raheim Sanders,Sanders,6.300000190734863,1,4000,CLE@DET,CLE,DET,,,,,,RB/FLEX
120838-61693,TE,Danny,Danny Pinter,Pinter,0,1,4000,IND@LAR,IND,LAR,,,,,,TE/FLEX
120838-71935,WR,Kendric,Kendric Pryor,Pryor,1.399999976158142,1,4000,CIN@DEN,CIN,DEN,,,,,,WR/FLEX
120838-55552,RB,Jeff,Jeff Wilson Jr.,Wilson Jr.,1.1375000476837158,8,4000,NYJ@MIA,MIA,NYJ,,,,,,RB/FLEX
120838-12548,D,Los Angeles,Los Angeles Chargers,Chargers,6,3,4000,LAC@NYG,LAC,NYG,,,,,,DEF
120838-91401,WR,Ronnie,Ronnie Bell,Bell,0.6400000095367432,5,4000,CLE@DET,DET,CLE,,,,,,WR/FLEX
120838-52495,WR,Braxton,Braxton Berrios,Berrios,0,6,4000,TEN@HOU,HOU,TEN,,,,,,WR/FLEX
120838-174355,WR,Jeremiah,Jeremiah Webb,Webb,,0,4000,CAR@NE,NE,CAR,,,,,,WR/FLEX
120838-110868,RB,Josh,Josh Williams,Williams,,0,4000,PHI@TB,TB,PHI,,,,,,RB/FLEX
120838-157975,TE,Keleki,Keleki Latu,Latu,,0,4000,NO@BUF,BUF,NO,,,,,,TE/FLEX
120838-33047,WR,Chris,Chris Moore,Moore,3.700000047683716,2,4000,WAS@ATL,WAS,ATL,,,,,,WR/FLEX
120838-129302,WR,Stephen,Stephen Gosnell,Gosnell,,0,4000,NO@BUF,BUF,NO,,,,,,WR/FLEX
120838-64827,WR,Miles,Miles Boykin,Boykin,,0,4000,CHI@LV,CHI,LV,,,,,,WR/FLEX
120838-92479,TE,David,David Martin-Robinson,Martin-Robinson,0.2750000059604645,4,4000,TEN@HOU,TEN,HOU,,,,,,TE/FLEX
120838-86341,RB,Xazavian,Xazavian Valladay,Valladay,,0,4000,MIN@PIT,MIN,PIT,,,,,,RB/FLEX
120838-156997,WR,Tru,Tru Edwards,Edwards,,0,4000,IND@LAR,LAR,IND,,,,,,WR/FLEX
120838-87371,RB,Ty,Ty Chandler,Chandler,0,1,4000,MIN@PIT,MIN,PIT,IR,Knee,,,,RB/FLEX
120838-149832,TE,Shane,Shane Zylstra,Zylstra,1.350000023841858,2,4000,CLE@DET,DET,CLE,IR,Ankle,,,,TE/FLEX
120838-91481,WR,Nikko,Nikko Remigio,Remigio,1.2333333492279053,3,4000,BAL@KC,KC,BAL,,,,,,WR/FLEX
120838-89437,WR,Tim,Tim Jones,Jones,1.1199999809265138,5,4000,MIN@PIT,MIN,PIT,,,,,,WR/FLEX
120838-137567,TE,Jalin,Jalin Conyers,Conyers,,0,4000,NYJ@MIA,MIA,NYJ,IR,Leg,,,,TE/FLEX
120838-93540,RB,British,British Brooks,Brooks,0.20000000298023224,1,4000,TEN@HOU,HOU,TEN,,,,,,RB/FLEX
120838-153957,TE,Zaire,Zaire Mitchell-Paden,Mitchell-Paden,0,1,4000,BAL@KC,BAL,KC,,,,,,TE/FLEX
120838-151915,TE,Terrance,Terrance Ferguson,Ferguson,,0,4000,IND@LAR,LAR,IND,,,,,,TE/FLEX
120838-63851,TE,Tyree,Tyree Jackson,Jackson,,0,4000,WAS@ATL,WAS,ATL,IR,Undisclosed,,,,TE/FLEX
120838-89455,WR,Jayden,Jayden Reed,Reed,12,1,4000,GB@DAL,GB,DAL,IR,Collarbone,,,,WR/FLEX
120838-133484,WR,Jermaine,Jermaine Burton,Burton,1.587499976158142,8,4000,CIN@DEN,CIN,DEN,,,,,,WR/FLEX
120838-90480,TE,Joel,Joel Wilson,Wilson,,0,4000,TEN@HOU,TEN,HOU,,,,,,TE/FLEX
120838-90483,TE,Bernhard,Bernhard Raimann,Raimann,0,1,4000,IND@LAR,IND,LAR,,,,,,TE/FLEX
120838-71031,WR,Lil'Jordan,Lil'Jordan Humphrey,Humphrey,3.4857142312186107,14,4000,LAC@NYG,NYG,LAC,,,,,,WR/FLEX
120838-71032,WR,Devin,Devin Duvernay,Duvernay,0,3,4000,CHI@LV,CHI,LV,,,,,,WR/FLEX
120838-92545,RB,Keaontay,Keaontay Ingram,Ingram,0,1,4000,BAL@KC,KC,BAL,IR,Undisclosed,,,,RB/FLEX
120838-185728,TE,Patrick,Patrick Murtagh,Murtagh,,0,4000,CIN@DEN,DEN,CIN,,,,,,TE/FLEX
120838-114054,WR,Dalen,Dalen Cambre,Cambre,,0,4000,LAC@NYG,NYG,LAC,,,,,,WR/FLEX
120838-94600,WR,John,John Stephens Jr.,Stephens Jr.,,0,4000,GB@DAL,DAL,GB,IR,Undisclosed,,,,WR/FLEX
120838-183693,WR,Da'Quan,Da'Quan Felton,Felton,,0,4000,LAC@NYG,NYG,LAC,IR,Undisclosed,,,,WR/FLEX
120838-138643,WR,Jason,Jason Brownlee,Brownlee,0,1,4000,BAL@KC,KC,BAL,,,,,,WR/FLEX
120838-154000,WR,Konata,Konata Mumpfield,Mumpfield,,0,4000,IND@LAR,LAR,IND,,,,,,WR/FLEX
120838-87442,TE,Princeton,Princeton Fant,Fant,0,2,4000,GB@DAL,DAL,GB,,,,,,TE/FLEX
120838-43416,WR,Trent,Trent Taylor,Taylor,1.600000023841858,1,4000,JAC@SF,SF,JAC,IR,Undisclosed,,,,WR/FLEX
120838-90522,TE,Cameron,Cameron Latu,Latu,,0,4000,PHI@TB,PHI,TB,,,,,,TE/FLEX
120838-138649,WR,LaJohntay,LaJohntay Wester,Wester,0,3,4000,BAL@KC,BAL,KC,,,,,,WR/FLEX
120838-114079,TE,Hayden,Hayden Rucci,Rucci,,0,4000,NYJ@MIA,MIA,NYJ,,,,,,TE/FLEX
120838-93600,WR,Bryce,Bryce Ford-Wheaton,Ford-Wheaton,0,1,4000,LAC@NYG,NYG,LAC,IR,Achilles,,,,WR/FLEX
120838-112037,WR,Casey,Casey Washington,Washington,4.800000190734863,1,4000,WAS@ATL,ATL,WAS,,,,,,WR/FLEX
120838-103844,WR,Nick,Nick Nash,Nash,,0,4000,WAS@ATL,ATL,WAS,,,,,,WR/FLEX
120838-112041,WR,Isaiah,Isaiah Williams,Williams,0,1,4000,NYJ@MIA,NYJ,MIA,,,,,,WR/FLEX
120838-80299,RB,Patrick,Patrick Ricard,Ricard,2.616666634877523,6,4000,BAL@KC,BAL,KC,O,Calf,,,,RB/FLEX
120838-87469,TE,Jelani,Jelani Woods,Woods,,0,4000,NYJ@MIA,NYJ,MIA,,,,,,TE/FLEX
120838-112044,WR,Dalevon,Dalevon Campbell,Campbell,,0,4000,CAR@NE,CAR,NE,,,,,,WR/FLEX
120838-40371,TE,Johnny,Johnny Mundt,Mundt,0.6000000238418579,2,4000,JAC@SF,JAC,SF,,,,,,TE/FLEX
120838-114109,WR,Ainias,Ainias Smith,Smith,2.839999961853027,5,4000,CAR@NE,CAR,NE,,,,,,WR/FLEX
120838-92606,WR,Bo,Bo Melton,Melton,1.5846154139592097,13,4000,GB@DAL,GB,DAL,,,,,,WR/FLEX
120838-206276,WR,Jaden,Jaden Smith,Smith,,0,4000,PHI@TB,TB,PHI,IR,Undisclosed,,,,WR/FLEX
120838-26057,RB,Michael,Michael Burton,Burton,2.209090839732777,11,4000,CIN@DEN,DEN,CIN,IR,Hamstring,,,,RB/FLEX
120838-113096,WR,Xavier,Xavier Smith,Smith,1.3666666348775227,3,4000,IND@LAR,LAR,IND,,,,,,WR/FLEX
120838-152014,WR,JP,JP Richardson,Richardson,,0,4000,CHI@LV,CHI,LV,,,,,,WR/FLEX
120838-90575,RB,Najee,Najee Harris,Harris,3.366666793823242,3,4000,LAC@NYG,LAC,NYG,IR,Achilles,,,,RB/FLEX
120838-109007,WR,Josh,Josh Kelly,Kelly,,0,4000,TEN@HOU,HOU,TEN,,,,,,WR/FLEX
120838-109008,WR,Jalen,Jalen Cropper,Cropper,,0,4000,GB@DAL,DAL,GB,,,,,,WR/FLEX
120838-54746,TE,Tyler,Tyler Ott,Ott,0,1,4000,WAS@ATL,WAS,ATL,,,,,,TE/FLEX
120838-157150,RB,Audric,Audric Estime,Estime,3.553846212533804,13,4000,PHI@TB,PHI,TB,,,,,,RB/FLEX
120838-63967,WR,Lucky,Lucky Jackson,Jackson,,0,4000,MIN@PIT,MIN,PIT,,,,,,WR/FLEX
120838-80353,TE,Robert,Robert Tonyan,Tonyan,,0,4000,BAL@KC,KC,BAL,,,,,,TE/FLEX
120838-185827,RB,Jacob,Jacob Saylors,Saylors,0,2,4000,CLE@DET,DET,CLE,,,,,,RB/FLEX
120838-102882,WR,Anthony,Anthony Gould,Gould,0,2,4000,IND@LAR,IND,LAR,,,,,,WR/FLEX
120838-14820,RB,Nick,Nick Bellore,Bellore,0,1,4000,WAS@ATL,WAS,ATL,,,,,,RB/FLEX
120838-112101,WR,Jared,Jared Wayne,Wayne,0,1,4000,TEN@HOU,HOU,TEN,,,,,,WR/FLEX
120838-71143,TE,Kylen,Kylen Granson,Granson,0.800000011920929,2,4000,PHI@TB,PHI,TB,,,,,,TE/FLEX
120838-133615,WR,Dontae,Dontae Fleming,Fleming,,0,4000,MIN@PIT,MIN,PIT,,,,,,WR/FLEX
120838-193004,WR,Jahdae,Jahdae Walker,Walker,,0,4000,CHI@LV,CHI,LV,,,,,,WR/FLEX
120838-89586,TE,Tucker,Tucker Fisk,Fisk,0,1,4000,LAC@NYG,LAC,NYG,,,,,,TE/FLEX
120838-89588,TE,Colby,Colby Parkinson,Parkinson,-1.600000023841858,1,4000,IND@LAR,LAR,IND,Q,Shoulder,,,,TE/FLEX
120838-102902,WR,Trey,Trey Palmer,Palmer,2.085714340209961,14,4000,NO@BUF,NO,BUF,,,,,,WR/FLEX
120838-138746,WR,Javon,Javon Baker,Baker,0.2833333412806193,6,4000,PHI@TB,PHI,TB,,,,,,WR/FLEX
120838-40442,RB,Aaron,Aaron Jones Sr.,Jones Sr.,8.25,2,4000,MIN@PIT,MIN,PIT,IR,Hamstring,,,,RB/FLEX
120838-185863,RB,Hunter,Hunter Luepke,Luepke,1.4928571156093053,14,4000,GB@DAL,DAL,GB,,,,,,RB/FLEX
120838-201230,RB,Dylan,Dylan Laube,Laube,0.9666666984558105,3,4000,CHI@LV,LV,CHI,,,,,,RB/FLEX
120838-86543,WR,Erik,Erik Ezukanma,Ezukanma,0,1,4000,JAC@SF,JAC,SF,,,,,,WR/FLEX
120838-154124,TE,Mitchell,Mitchell Evans,Evans,1.399999976158142,2,4000,CAR@NE,CAR,NE,,,,,,TE/FLEX
120838-128535,TE,Maximilian,Maximilian Mang,Mang,,0,4000,IND@LAR,IND,LAR,,,,,,TE/FLEX
120838-129560,WR,Xavier,Xavier Restrepo,Restrepo,,0,4000,TEN@HOU,TEN,HOU,,,,,,WR/FLEX
120838-160287,RB,Amar,Amar Johnson,Johnson,,0,4000,LAC@NYG,LAC,NYG,,,,,,RB/FLEX
120838-73247,RB,Kene,Kene Nwangwu,Nwangwu,0,1,4000,NYJ@MIA,NYJ,MIA,D,Hamstring,,,,RB/FLEX
120838-103966,TE,Stone,Stone Smartt,Smartt,3.828571319580078,7,4000,NYJ@MIA,NYJ,MIA,,,,,,TE/FLEX
120838-185889,TE,Tanner,Tanner Taula,Taula,,0,4000,PHI@TB,TB,PHI,,,,,,TE/FLEX
120838-156197,TE,Bryson,Bryson Nesbit,Nesbit,,0,4000,MIN@PIT,MIN,PIT,,,,,,TE/FLEX
120838-226859,WR,Darius,Darius Cooper,Cooper,,0,4000,PHI@TB,PHI,TB,IR,Shoulder,,,,WR/FLEX
120838-201260,WR,Mason,Mason Tipton,Tipton,1.8777777353922527,9,4000,NO@BUF,NO,BUF,,,,,,WR/FLEX
120838-160306,RB,Pierre,Pierre Strong Jr.,Strong Jr.,2.3500000635782876,12,4000,GB@DAL,GB,DAL,,,,,,RB/FLEX
120838-60981,TE,Charlie,Charlie Heck,Heck,,0,4000,PHI@TB,TB,PHI,,,,,,TE/FLEX
120838-173626,TE,Nate,Nate Adkins,Adkins,2.8076923076923075,13,4000,CIN@DEN,DEN,CIN,,,,,,TE/FLEX
120838-226875,WR,Ja'seem,Ja'seem Reed,Reed,,0,4000,CAR@NE,CAR,NE,,,,,,WR/FLEX
120838-173631,RB,Dante,Dante Miller,Miller,,0,4000,LAC@NYG,NYG,LAC,,,,,,RB/FLEX
120838-226878,TE,Carter,Carter Runyon,Runyon,,0,4000,CHI@LV,LV,CHI,,,,,,TE/FLEX
120838-112192,WR,Jonathan,Jonathan Mingo,Mingo,1.6928571973528181,14,4000,GB@DAL,DAL,GB,IR,Knee - pcl,,,,WR/FLEX
120838-152128,WR,Dominic,Dominic Lovett,Lovett,,0,4000,CLE@DET,DET,CLE,,,,,,WR/FLEX
120838-87621,WR,A.T.,A.T. Perry,Perry,,0,4000,CIN@DEN,DEN,CIN,,,,,,WR/FLEX
120838-104008,TE,Stephen,Stephen Carlson,Carlson,,0,4000,CHI@LV,CHI,LV,,,,,,TE/FLEX
120838-104012,WR,Ashton,Ashton Dulin,Dulin,0.75,2,4000,IND@LAR,IND,LAR,,,,,,WR/FLEX
120838-54863,WR,C.J.,C.J. Goodwin,Goodwin,0,4,4000,GB@DAL,DAL,GB,,,,,,WR/FLEX
120838-104019,TE,Matt,Matt Orzech,Orzech,0,2,4000,GB@DAL,GB,DAL,,,,,,TE/FLEX
120838-87634,TE,Blake,Blake Whiteheart,Whiteheart,2.0142857687813893,7,4000,CLE@DET,CLE,DET,,,,,,TE/FLEX
120838-86612,TE,Brayden,Brayden Willis,Willis,0,1,4000,JAC@SF,SF,JAC,,,,,,TE/FLEX
120838-18009,TE,Chris,Chris Manhertz,Manhertz,0.6000000238418579,2,4000,LAC@NYG,NYG,LAC,,,,,,TE/FLEX
120838-27229,RB,Ameer,Ameer Abdullah,Abdullah,7.728571210588727,14,4000,IND@LAR,IND,LAR,,,,,,RB/FLEX
120838-138854,WR,Ke'Shawn,Ke'Shawn Williams,Williams,,0,4000,MIN@PIT,PIT,MIN,,,,,,WR/FLEX
120838-129641,WR,Will,Will Sheppard,Sheppard,,0,4000,GB@DAL,GB,DAL,,,,,,WR/FLEX
120838-147051,RB,Jaleel,Jaleel McLaughlin,McLaughlin,5.029411764705882,17,4000,CIN@DEN,DEN,CIN,,,,,,RB/FLEX
120838-147049,TE,Drew,Drew Ogletree,Ogletree,1.9454545107754795,11,4000,IND@LAR,IND,LAR,,,,,,TE/FLEX
120838-88685,WR,Austin,Austin Trammell,Trammell,3,1,4000,JAC@SF,JAC,SF,,,,,,WR/FLEX
120838-131694,TE,Luke,Luke Lachey,Lachey,,0,4000,TEN@HOU,HOU,TEN,,,,,,TE/FLEX
120838-206447,RB,Max,Max Hurleman,Hurleman,,0,4000,MIN@PIT,PIT,MIN,,,,,,RB/FLEX
120838-94831,RB,Deneric,Deneric Prince,Prince,,0,4000,CAR@NE,NE,CAR,IR,Undisclosed,,,,RB/FLEX
120838-87668,WR,Shedrick,Shedrick Jackson,Jackson,,0,4000,CHI@LV,LV,CHI,,,,,,WR/FLEX
120838-86646,RB,Trey,Trey Sermon,Sermon,2.862499952316284,16,4000,MIN@PIT,PIT,MIN,,,,,,RB/FLEX
120838-104054,RB,Sincere,Sincere McCormick,McCormick,6.050000190734863,4,4000,JAC@SF,SF,JAC,,,,,,RB/FLEX
120838-128633,RB,Kimani,Kimani Vidal,Vidal,3.355555640326606,9,4000,LAC@NYG,LAC,NYG,,,,,,RB/FLEX
120838-201342,RB,Chris,Chris Collier,Collier,0.2166666587193807,6,4000,CHI@LV,LV,CHI,,,,,,RB/FLEX
120838-135812,WR,Quentin,Quentin Skinner,Skinner,,0,4000,NYJ@MIA,NYJ,MIA,,,,,,WR/FLEX
120838-87690,TE,Sal,Sal Cannella,Cannella,,0,4000,CLE@DET,CLE,DET,,,,,,TE/FLEX
120838-135824,WR,Luke,Luke Grimm,Grimm,,0,4000,LAC@NYG,LAC,NYG,,,,,,WR/FLEX
120838-64147,WR,Britain,Britain Covey,Covey,1.3800000190734862,5,4000,PHI@TB,PHI,TB,,,,,,WR/FLEX
120838-93845,WR,Tay,Tay Martin,Martin,11.399999618530273,1,4000,WAS@ATL,WAS,ATL,,,,,,WR/FLEX
120838-136857,RB,Ja'Quinden,Ja'Quinden Jackson,Jackson,,0,4000,JAC@SF,JAC,SF,,,,,,RB/FLEX
120838-93853,WR,Thayer,Thayer Thomas,Thomas,,0,4000,CIN@DEN,DEN,CIN,,,,,,WR/FLEX
120838-137889,WR,Brennan,Brennan Presley,Presley,,0,4000,IND@LAR,LAR,IND,,,,,,WR/FLEX
120838-86692,TE,Thomas,Thomas Odukoya,Odukoya,,0,4000,TEN@HOU,TEN,HOU,,,,,,TE/FLEX
120838-167588,WR,Jacoby,Jacoby Jones,Jones,,0,4000,WAS@ATL,WAS,ATL,,,,,,WR/FLEX
120838-85672,WR,Terrace,Terrace Marshall,Marshall,1.1199999809265138,5,4000,PHI@TB,PHI,TB,,,,,,WR/FLEX
120838-94888,TE,Messiah,Messiah Swinson,Swinson,,0,4000,JAC@SF,SF,JAC,,,,,,TE/FLEX
120838-103083,WR,Theo,Theo Wease Jr.,Wease Jr.,,0,4000,NYJ@MIA,MIA,NYJ,,,,,,WR/FLEX
120838-152232,WR,Jordan,Jordan Moore,Moore,,0,4000,CIN@DEN,CIN,DEN,,,,,,WR/FLEX
120838-88752,WR,Charlie,Charlie Jones,Jones,0,3,4000,CIN@DEN,CIN,DEN,,,,,,WR/FLEX
120838-87731,WR,Dominique,Dominique Robinson,Robinson,0,1,4000,CHI@LV,CHI,LV,,,,,,WR/FLEX
120838-110259,WR,Treylon,Treylon Burks,Burks,1.1,5,4000,TEN@HOU,TEN,HOU,IR,Collarbone,,,,WR/FLEX
120838-52916,WR,Russell,Russell Gage Jr.,Gage Jr.,,0,4000,JAC@SF,SF,JAC,,,,,,WR/FLEX
120838-104117,TE,Joshua,Joshua Simon,Simon,,0,4000,WAS@ATL,ATL,WAS,,,,,,TE/FLEX
120838-69302,TE,Feleipe,Feleipe Franks,Franks,0.42500001192092896,4,4000,WAS@ATL,ATL,WAS,,,,,,TE/FLEX
120838-71352,WR,Mecole,Mecole Hardman,Hardman,2.0923077509953427,13,4000,GB@DAL,GB,DAL,,,,,,WR/FLEX
120838-110274,WR,Bub,Bub Means,Means,5.574999809265137,4,4000,NO@BUF,NO,BUF,IR,Lower leg,,,,WR/FLEX
120838-193226,TE,Mason,Mason Pline,Pline,,0,4000,NO@BUF,NO,BUF,IR,Upper body,,,,TE/FLEX
120838-65231,RB,Adam,Adam Prentice,Prentice,0.8999999761581421,1,4000,CIN@DEN,DEN,CIN,,,,,,RB/FLEX
120838-114382,WR,Cade,Cade McDonald,McDonald,,0,4000,CLE@DET,CLE,DET,IR,Undisclosed,,,,WR/FLEX
120838-63186,WR,James,James Proche II,Proche II,0.1777777804268731,9,4000,TEN@HOU,TEN,HOU,,,,,,WR/FLEX
120838-92882,TE,Connor,Connor Heyward,Heyward,1.100000023841858,1,4000,MIN@PIT,PIT,MIN,,,,,,TE/FLEX
120838-156374,TE,Tre,Tre Watson,Watson,,0,4000,BAL@KC,KC,BAL,,,,,,TE/FLEX
120838-86747,WR,Dylan,Dylan Drummond,Drummond,,0,4000,WAS@ATL,ATL,WAS,,,,,,WR/FLEX
120838-111325,RB,Ulysses,Ulysses Bentley IV,Bentley IV,0,1,4000,IND@LAR,IND,LAR,,,,,,RB/FLEX
120838-147168,WR,Chris,Chris Blair,Blair,1.100000023841858,2,4000,WAS@ATL,ATL,WAS,,,,,,WR/FLEX
120838-104165,RB,Lew,Lew Nichols,Nichols,0,1,4000,MIN@PIT,PIT,MIN,,,,,,RB/FLEX
120838-158438,TE,Oronde,Oronde Gadsden II,Gadsden II,7.099999904632568,1,4000,LAC@NYG,LAC,NYG,,,,,,TE/FLEX
120838-86762,TE,Jack,Jack Westover,Westover,0,1,4000,CAR@NE,NE,CAR,,,,,,TE/FLEX
120838-85741,RB,Clyde,Clyde Edwards-Helaire,Edwards-Helaire,2.8333333333333335,3,4000,BAL@KC,KC,BAL,,,,,,RB/FLEX
120838-137966,WR,A.J.,A.J. Henning,Henning,,0,4000,NYJ@MIA,MIA,NYJ,,,,,,WR/FLEX
120838-131835,WR,Efton,Efton Chism III,Chism III,,0,4000,CAR@NE,NE,CAR,,,,,,WR/FLEX
120838-208634,WR,Tommy,Tommy Mellott,Mellott,,0,4000,NO@BUF,NO,BUF,,,,,,WR/FLEX
120838-86778,TE,Devin,Devin Culp,Culp,3.7666667302449546,3,4000,PHI@TB,TB,PHI,,,,,,TE/FLEX
120838-157438,WR,Jimmy,Jimmy Horn Jr.,Horn Jr.,,0,4000,CAR@NE,CAR,NE,,,,,,WR/FLEX
120838-86780,RB,Salvon,Salvon Ahmed,Ahmed,,0,4000,IND@LAR,IND,LAR,IR,Ankle,,,,RB/FLEX
120838-156426,RB,Brock,Brock Lampe,Lampe,,0,4000,CAR@NE,NE,CAR,IR,Undisclosed,,,,RB/FLEX
120838-86800,TE,Colson,Colson Yankoff,Yankoff,,0,4000,WAS@ATL,WAS,ATL,,,,,,TE/FLEX
120838-71444,RB,Travis,Travis Homer,Homer,0.9800000190734863,5,4000,CHI@LV,CHI,LV,IR,Calf,,,,RB/FLEX
120838-103192,TE,Jared,Jared Wiley,Wiley,0.6000000238418579,2,4000,BAL@KC,KC,BAL,,,,,,TE/FLEX
120838-91931,TE,Greg,Greg Dulcich,Dulcich,1.3250000476837158,4,4000,NYJ@MIA,MIA,NYJ,,,,,,TE/FLEX
120838-70426,RB,Reggie,Reggie Gilliam,Gilliam,0.3499999940395355,2,4000,NO@BUF,BUF,NO,,,,,,RB/FLEX
120838-107293,RB,Tyjae,Tyjae Spears,Spears,7.584615267240084,13,4000,TEN@HOU,TEN,HOU,IR,Ankle,,,,RB/FLEX
120838-71459,RB,Brittain,Brittain Brown,Brown,,0,4000,CHI@LV,CHI,LV,,,,,,RB/FLEX
120838-128805,WR,KeAndre,KeAndre Lambert-Smith,Lambert-Smith,0,1,4000,LAC@NYG,LAC,NYG,,,,,,WR/FLEX
120838-138028,RB,Kalel,Kalel Mullings,Mullings,,0,4000,TEN@HOU,TEN,HOU,IR,Ankle,,,,RB/FLEX
120838-55088,WR,Malik,Malik Turner,Turner,,0,4000,JAC@SF,SF,JAC,,,,,,WR/FLEX
120838-201535,WR,Kameron,Kameron Johnson,Johnson,0,3,4000,PHI@TB,TB,PHI,,,,,,WR/FLEX
120838-72515,TE,Ian,Ian Thomas,Thomas,0.7333333492279053,3,4000,CHI@LV,LV,CHI,,,,,,TE/FLEX
120838-91971,RB,Ronnie,Ronnie Rivers,Rivers,2.075000047683716,8,4000,IND@LAR,LAR,IND,,,,,,RB/FLEX
120838-119619,WR,Traeshon,Traeshon Holden,Holden,,0,4000,GB@DAL,DAL,GB,,,,,,WR/FLEX
120838-201547,WR,Jalen,Jalen Coker,Coker,6.6299997965494795,12,4000,CAR@NE,CAR,NE,IR,Quadriceps,,,,WR/FLEX
120838-58189,TE,Mitchell,Mitchell Fraboni,Fraboni,0,1,4000,CIN@DEN,DEN,CIN,,,,,,TE/FLEX
120838-41806,WR,Laquon,Laquon Treadwell,Treadwell,,0,4000,IND@LAR,IND,LAR,,,,,,WR/FLEX
120838-201553,WR,John,John Jiles,Jiles,,0,4000,CAR@NE,NE,CAR,,,,,,WR/FLEX
120838-91989,RB,Jordan,Jordan Mims,Mims,2.8714286259242465,7,4000,TEN@HOU,TEN,HOU,,,,,,RB/FLEX
120838-104278,TE,Donald,Donald Parham Jr.,Parham Jr.,,0,4000,MIN@PIT,PIT,MIN,IR,Achilles,,,,TE/FLEX
120838-61273,WR,Scotty,Scotty Miller,Miller,1.8799999237060547,5,4000,MIN@PIT,PIT,MIN,,,,,,WR/FLEX
120838-154461,WR,Ja'Corey,Ja'Corey Brooks,Brooks,,0,4000,WAS@ATL,WAS,ATL,,,,,,WR/FLEX
120838-201564,TE,Cam,Cam Grandy,Grandy,1.100000023841858,1,4000,CIN@DEN,CIN,DEN,,,,,,TE/FLEX
120838-93026,TE,Teagan,Teagan Quitoriano,Quitoriano,0,2,4000,WAS@ATL,ATL,WAS,,,,,,TE/FLEX
120838-114530,WR,Jacob,Jacob Cowing,Cowing,0.5799999872843424,15,4000,JAC@SF,SF,JAC,IR,Hamstring,,,,WR/FLEX
120838-70501,RB,C.J.,C.J. Ham,Ham,2.050000031789144,6,4000,MIN@PIT,MIN,PIT,IR,Undisclosed,,,,RB/FLEX
120838-114532,RB,Deion,Deion Hankins,Hankins,,0,4000,CHI@LV,CHI,LV,IR,Quadriceps,,,,RB/FLEX
120838-192359,WR,JaQuae,JaQuae Jackson,Jackson,,0,4000,LAC@NYG,LAC,NYG,,,,,,WR/FLEX
120838-156523,RB,Carson,Carson Steele,Steele,1.569230739886944,13,4000,BAL@KC,KC,BAL,,,,,,RB/FLEX
120838-120684,WR,Garrett,Garrett Greene,Greene,,0,4000,PHI@TB,TB,PHI,,,,,,WR/FLEX
120838-39793,TE,George,George Kittle,Kittle,10.5,1,4000,JAC@SF,SF,JAC,IR,Hamstring,,,,TE/FLEX
120838-120694,WR,Ja'Lynn,Ja'Lynn Polk,Polk,2.053846212533804,13,4000,NO@BUF,NO,BUF,IR,Shoulder,,,,WR/FLEX
120838-119672,RB,Kendall,Kendall Milton,Milton,,0,4000,CIN@DEN,CIN,DEN,,,,,,RB/FLEX
120838-114557,WR,Cornelius,Cornelius Johnson,Johnson,,0,4000,BAL@KC,BAL,KC,,,,,,WR/FLEX
120838-134014,WR,Jordan,Jordan Watkins,Watkins,,0,4000,JAC@SF,SF,JAC,O,Calf,,,,WR/FLEX
120838-93055,WR,Isaiah,Isaiah Hodgins,Hodgins,1.100000023841858,2,4000,MIN@PIT,PIT,MIN,,,,,,WR/FLEX
120838-134023,RB,Keaton,Keaton Mitchell,Mitchell,1.2600000381469727,5,4000,BAL@KC,BAL,KC,,,,,,RB/FLEX
120838-94087,RB,DeeJay,DeeJay Dallas,Dallas,1.5,13,4000,CAR@NE,CAR,NE,,,,,,RB/FLEX
120838-23435,TE,Andrew,Andrew DePaola,DePaola,,0,4000,MIN@PIT,MIN,PIT,,,,,,TE/FLEX
120838-103308,RB,Jawhar,Jawhar Jordan,Jordan,,0,4000,TEN@HOU,HOU,TEN,,,,,,RB/FLEX
120838-94094,TE,Brevin,Brevin Jordan,Jordan,0.8500000238418579,2,4000,TEN@HOU,HOU,TEN,IR,Knee,,,,TE/FLEX
120838-119697,RB,MarShawn,MarShawn Lloyd,Lloyd,2.299999952316284,1,4000,GB@DAL,GB,DAL,IR,Hamstring,,,,RB/FLEX
120838-128913,WR,Malachi,Malachi Corley,Corley,0.7400000095367432,5,4000,CLE@DET,CLE,DET,,,,,,WR/FLEX
120838-166801,RB,Jaydon,Jaydon Blue,Blue,,0,4000,GB@DAL,DAL,GB,,,,,,RB/FLEX
120838-28570,TE,Nick,Nick Vannett,Vannett,3.3333333333333335,12,4000,MIN@PIT,MIN,PIT,,,,,,TE/FLEX
120838-114591,TE,William,William Wagner,Wagner,,0,4000,CIN@DEN,CIN,DEN,,,,,,TE/FLEX
120838-94116,TE,Will,Will Mallory,Mallory,0.612500011920929,8,4000,IND@LAR,IND,LAR,,,,,,TE/FLEX
120838-119722,WR,Johnny,Johnny Wilson,Wilson,1.2300000190734863,10,4000,PHI@TB,PHI,TB,IR,Knee,,,,WR/FLEX
120838-157609,WR,Gage,Gage Larvadain,Larvadain,,0,4000,CLE@DET,CLE,DET,,,,,,WR/FLEX
120838-167849,TE,Zach,Zach Horton,Horton,,0,4000,CLE@DET,DET,CLE,,,,,,TE/FLEX
120838-45997,WR,Keith,Keith Kirkwood,Kirkwood,,0,4000,BAL@KC,BAL,KC,,,,,,WR/FLEX
120838-175021,RB,Jordan,Jordan James,James,,0,4000,JAC@SF,SF,JAC,,,,,,RB/FLEX
120838-137139,WR,Myles,Myles Price,Price,-0.6666666666666666,3,4000,MIN@PIT,MIN,PIT,,,,,,WR/FLEX
120838-72627,RB,Patrick,Patrick Taylor Jr.,Taylor Jr.,6.259999847412109,5,4000,JAC@SF,SF,JAC,IR,Shoulder,,,,RB/FLEX
120838-119730,WR,Jimmy,Jimmy Holiday,Holiday,,0,4000,BAL@KC,KC,BAL,,,,,,WR/FLEX
120838-156596,RB,Jarquez,Jarquez Hunter,Hunter,,0,4000,IND@LAR,LAR,IND,,,,,,RB/FLEX
120838-104388,WR,Tom,Tom Kennedy,Kennedy,0,3,4000,CLE@DET,DET,CLE,,,,,,WR/FLEX
120838-152522,RB,Phil,Phil Mafah,Mafah,,0,4000,GB@DAL,DAL,GB,IR,Shoulder,,,,RB/FLEX
120838-152526,TE,Jake,Jake Briningstool,Briningstool,,0,4000,BAL@KC,KC,BAL,IR,Hamstring,,,,TE/FLEX
120838-41936,WR,Anthony,Anthony Miller,Miller,2.300000031789144,3,4000,BAL@KC,BAL,KC,,,,,,WR/FLEX
120838-72665,TE,Kenny,Kenny Yeboah,Yeboah,2.199999968210856,6,4000,CLE@DET,DET,CLE,IR,Undisclosed,,,,TE/FLEX
120838-152540,TE,CJ,CJ Dippre,Dippre,,0,4000,CAR@NE,NE,CAR,,,,,,TE/FLEX
120838-54239,TE,Matt,Matt Sokol,Sokol,,0,4000,MIN@PIT,PIT,MIN,,,,,,TE/FLEX
120838-85986,TE,James,James Mitchell,Mitchell,,0,4000,CAR@NE,CAR,NE,,,,,,TE/FLEX
120838-152574,RB,Donovan,Donovan Edwards,Edwards,,0,4000,WAS@ATL,WAS,ATL,,,,,,RB/FLEX
120838-12538,D,Los Angeles,Los Angeles Rams,Rams,8.333333333333334,3,3900,IND@LAR,LAR,IND,,,,,,DEF
120838-12554,D,Jacksonville,Jacksonville Jaguars,Jaguars,10.333333333333334,3,3800,JAC@SF,JAC,SF,,,,,,DEF
120838-12527,D,Chicago,Chicago Bears,Bears,6,3,3700,CHI@LV,CHI,LV,,,,,,DEF
120838-12536,D,Kansas City,Kansas City Chiefs,Chiefs,6,3,3600,BAL@KC,KC,BAL,,,,,,DEF
120838-12534,D,Tennessee,Tennessee Titans,Titans,3.3333333333333335,3,3500,TEN@HOU,TEN,HOU,,,,,,DEF
120838-12525,D,Atlanta,Atlanta Falcons,Falcons,8.333333333333334,3,3400,WAS@ATL,ATL,WAS,,,,,,DEF
120838-12539,D,Miami,Miami Dolphins,Dolphins,3.3333333333333335,3,3400,NYJ@MIA,MIA,NYJ,,,,,,DEF
120838-12530,D,Dallas,Dallas Cowboys,Cowboys,0.3333333333333333,3,3300,GB@DAL,DAL,GB,,,,,,DEF
120838-12537,D,Las Vegas,Las Vegas Raiders,Raiders,4.666666666666667,3,3300,CHI@LV,LV,CHI,,,,,,DEF
120838-12528,D,Cincinnati,Cincinnati Bengals,Bengals,3.6666666666666665,3,3200,CIN@DEN,CIN,DEN,,,,,,DEF
120838-12553,D,Carolina,Carolina Panthers,Panthers,9,3,3200,CAR@NE,CAR,NE,,,,,,DEF
120838-12543,D,New York,New York Giants,Giants,2,3,3100,LAC@NYG,NYG,LAC,,,,,,DEF
120838-12551,D,Tampa Bay,Tampa Bay Buccaneers,Buccaneers,6.666666666666667,3,3100,PHI@TB,TB,PHI,,,,,,DEF
120838-12529,D,Cleveland,Cleveland Browns,Browns,5.333333333333333,3,3000,CLE@DET,CLE,DET,,,,,,DEF
120838-12542,D,New Orleans,New Orleans Saints,Saints,3.6666666666666665,3,3000,NO@BUF,NO,BUF,,,,,,DEF