Id,Position,First Name,Nickname,Last Name,FPPG,Played,Salary,Game,Team,Opponent,Injury Indicator,Injury Details,Tier,,,Roster Position
123236-89675,RB,Jonathan,Jonathan Taylor,Taylor,27.389999389648438,10,10000,IND@KC,IND,KC,,,,,,RB/FLEX
123236-129458,WR,Jaxon,Jaxon Smith-Njigba,Smith-Njigba,20.289999389648436,10,9800,SEA@TEN,SEA,TEN,,,,,,WR/FLEX
123236-55050,RB,Christian,Christian McCaffrey,McCaffrey,22.990908536044035,11,9700,CAR@SF,SF,CAR,,,,,,RB/FLEX
123236-136855,RB,Bijan,Bijan Robinson,Robinson,20.139999389648438,10,9600,ATL@NO,ATL,NO,,,,,,RB/FLEX
123236-103020,WR,Puka,Puka Nacua,Nacua,18.422222561306423,9,9300,TB@LAR,LAR,TB,,,,,,WR/FLEX
123236-86997,WR,Amon-Ra,Amon-Ra St. Brown,St. Brown,16.139999389648438,10,9200,NYG@DET,DET,NYG,,,,,,WR/FLEX
123236-129368,RB,Jahmyr,Jahmyr Gibbs,Gibbs,19.410000610351563,10,9100,NYG@DET,DET,NYG,,,,,,RB/FLEX
123236-86631,WR,CeeDee,CeeDee Lamb,Lamb,16.150000254313152,6,9000,PHI@DAL,DAL,PHI,,,,,,WR/FLEX
123236-64401,RB,Saquon,Saquon Barkley,Barkley,13.989999389648437,10,9000,PHI@DAL,PHI,DAL,,,,,,RB/FLEX
123236-69531,QB,Jalen,Jalen Hurts,Hurts,20.43000030517578,10,9000,PHI@DAL,PHI,DAL,,,,,,QB
123236-85701,WR,Ja'Marr,Ja'Marr Chase,Chase,16.61999969482422,10,8900,NE@CIN,CIN,NE,IR,Suspension,,,,WR/FLEX
123236-112745,WR,Drake,Drake London,London,18,9,8600,ATL@NO,ATL,NO,D,Knee - pcl,,,,WR/FLEX
123236-72731,RB,Josh,Josh Jacobs,Jacobs,16.65,10,8500,MIN@GB,GB,MIN,Q,Knee,,,,RB/FLEX
123236-91750,TE,Trey,Trey McBride,McBride,15.530000305175781,10,8500,JAC@ARI,ARI,JAC,,,,,,TE/FLEX
123236-63115,QB,Lamar,Lamar Jackson,Jackson,20.468571254185267,7,8500,NYJ@BAL,BAL,NYJ,Q,Ankle,,,,QB
123236-39280,RB,Derrick,Derrick Henry,Henry,14.360000610351562,10,8400,NYJ@BAL,BAL,NYJ,,,,,,RB/FLEX
123236-152316,QB,Drake,Drake Maye,Maye,20.69454539905895,11,8400,NE@CIN,NE,CIN,,,,,,QB
123236-104433,RB,Kyren,Kyren Williams,Williams,15.769999694824218,10,8400,TB@LAR,LAR,TB,,,,,,RB/FLEX
123236-85671,WR,Justin,Justin Jefferson,Jefferson,12.109999847412109,10,8300,MIN@GB,MIN,GB,,,,,,WR/FLEX
123236-93541,RB,Javonte,Javonte Williams,Williams,15.919999694824218,10,8200,PHI@DAL,DAL,PHI,,,,,,RB/FLEX
123236-57439,QB,Patrick,Patrick Mahomes,Mahomes,22.88000030517578,10,8100,IND@KC,KC,IND,,,,,,QB
123236-111311,WR,Rashee,Rashee Rice,Rice,16.024999618530273,4,8100,IND@KC,KC,IND,,,,,,WR/FLEX
123236-38435,QB,Jared,Jared Goff,Goff,18.38000030517578,10,8000,NYG@DET,DET,NYG,,,,,,QB
123236-41535,QB,Baker,Baker Mayfield,Mayfield,18.63000030517578,10,8000,TB@LAR,TB,LAR,Q,Illness,,,,QB
123236-72297,RB,Rico,Rico Dowdle,Dowdle,14.5,11,8000,CAR@SF,CAR,SF,,,,,,RB/FLEX
123236-45889,WR,Davante,Davante Adams,Adams,14.139999389648438,10,8000,TB@LAR,LAR,TB,,,,,,WR/FLEX
123236-72846,WR,A.J.,A.J. Brown,Brown,9.855555216471354,9,7900,PHI@DAL,PHI,DAL,,,,,,WR/FLEX
123236-31716,QB,Dak,Dak Prescott,Prescott,20.517999267578126,10,7900,PHI@DAL,DAL,PHI,Q,Hip,,,,QB
123236-63519,QB,Daniel,Daniel Jones,Jones,20.566000366210936,10,7800,IND@KC,IND,KC,,,,,,QB
123236-6654,QB,Matthew,Matthew Stafford,Stafford,20.93800048828125,10,7800,TB@LAR,LAR,TB,,,,,,QB
123236-169410,RB,Quinshon,Quinshon Judkins,Judkins,12.11111111111111,9,7700,CLE@LV,CLE,LV,,,,,,RB/FLEX
123236-152113,QB,Caleb,Caleb Williams,Williams,19.555999755859375,10,7700,PIT@CHI,CHI,PIT,,,,,,QB
123236-110246,WR,George,George Pickens,Pickens,17.08000030517578,10,7700,PHI@DAL,DAL,PHI,,,,,,WR/FLEX
123236-152655,WR,Emeka,Emeka Egbuka,Egbuka,14.210000610351562,10,7600,TB@LAR,TB,LAR,Q,Illness,,,,WR/FLEX
123236-151966,QB,Jaxson,Jaxson Dart,Dart,18.153333875868057,9,7600,NYG@DET,NYG,DET,Q,Concussion,,,,QB
123236-152647,RB,TreVeyon,TreVeyon Henderson,Henderson,10.51818154074929,11,7500,NE@CIN,NE,CIN,,,,,,RB/FLEX
123236-152664,RB,Bucky,Bucky Irving,Irving,16.375,4,7500,TB@LAR,TB,LAR,Q,Shoulder,,,,RB/FLEX
123236-6714,QB,Joe,Joe Flacco,Flacco,16.724444919162327,9,7500,NE@CIN,CIN,NE,Q,Shoulder,,,,QB
123236-63336,QB,Joe,Joe Burrow,Burrow,7.929999828338623,2,7500,NE@CIN,CIN,NE,IR,Toe,,,,QB
123236-89981,WR,Tee,Tee Higgins,Higgins,11.890000152587891,10,7500,NE@CIN,CIN,NE,,,,,,WR/FLEX
123236-63589,QB,Sam,Sam Darnold,Darnold,16.263999938964844,10,7400,SEA@TEN,SEA,TEN,,,,,,QB
123236-167031,RB,Ashton,Ashton Jeanty,Jeanty,12.919999694824218,10,7400,CLE@LV,LV,CLE,,,,,,RB/FLEX
123236-151794,TE,Brock,Brock Bowers,Bowers,13.028570992606026,7,7400,CLE@LV,LV,CLE,,,,,,TE/FLEX
123236-73048,WR,DK,DK Metcalf,Metcalf,10.65999984741211,10,7400,PIT@CHI,PIT,CHI,,,,,,WR/FLEX
123236-90584,QB,Mac,Mac Jones,Jones,16.126666598849827,9,7400,CAR@SF,SF,CAR,,,,,,QB
123236-85607,QB,Brock,Brock Purdy,Purdy,20.246667226155598,3,7400,CAR@SF,SF,CAR,,,,,,QB
123236-30231,QB,Jacoby,Jacoby Brissett,Brissett,16.542857578822545,7,7300,JAC@ARI,ARI,JAC,,,,,,QB
123236-103064,RB,Breece,Breece Hall,Hall,13.596000671386719,10,7300,NYJ@BAL,NYJ,BAL,,,,,,RB/FLEX
123236-87770,WR,Chris,Chris Olave,Olave,12.20999984741211,10,7300,ATL@NO,NO,ATL,,,,,,WR/FLEX
123236-69017,QB,Jordan,Jordan Love,Love,17.433999633789064,10,7200,MIN@GB,GB,MIN,,,,,,QB
123236-90576,WR,DeVonta,DeVonta Smith,Smith,11.5,10,7200,PHI@DAL,PHI,DAL,,,,,,WR/FLEX
123236-119606,QB,Bryce,Bryce Young,Young,14.177999877929688,10,7200,CAR@SF,CAR,SF,,,,,,QB
123236-103342,RB,Kenneth,Kenneth Walker III,Walker III,10.730000305175782,10,7200,SEA@TEN,SEA,TEN,,,,,,RB/FLEX
123236-111631,WR,Jameson,Jameson Williams,Williams,10.86999969482422,10,7100,NYG@DET,DET,NYG,,,,,,WR/FLEX
123236-112057,RB,Jaylen,Jaylen Warren,Warren,12.11111111111111,9,7100,PIT@CHI,PIT,CHI,Q,Ankle,,,,RB/FLEX
123236-53729,QB,Mason,Mason Rudolph,Rudolph,3.1533333460489907,3,7100,PIT@CHI,PIT,CHI,,,,,,QB
123236-6894,QB,Aaron,Aaron Rodgers,Rodgers,15.236000061035156,10,7100,PIT@CHI,PIT,CHI,Q,Wrist,,,,QB
123236-112295,WR,Zay,Zay Flowers,Flowers,10.69000015258789,10,7000,NYJ@BAL,BAL,NYJ,,,,,,WR/FLEX
123236-89951,QB,Trevor,Trevor Lawrence,Lawrence,16.613999938964845,10,7000,JAC@ARI,JAC,ARI,,,,,,QB
123236-89956,RB,Travis,Travis Etienne Jr.,Etienne Jr.,13.839999389648437,10,7000,JAC@ARI,JAC,ARI,Q,Shoulder,,,,RB/FLEX
123236-14377,QB,Tyrod,Tyrod Taylor,Taylor,10.053333282470703,3,6900,NYJ@BAL,NYJ,BAL,,,,,,QB
123236-120033,WR,Rome,Rome Odunze,Odunze,12.15,10,6900,PIT@CHI,CHI,PIT,,,,,,WR/FLEX
123236-89493,RB,Chase,Chase Brown,Brown,11.730000305175782,10,6900,NE@CIN,CIN,NE,,,,,,RB/FLEX
123236-91591,QB,Justin,Justin Fields,Fields,15.962222629123264,9,6900,NYJ@BAL,NYJ,BAL,,,,,,QB
123236-129210,WR,Jordan,Jordan Addison,Addison,11.542857578822545,7,6800,MIN@GB,MIN,GB,,,,,,WR/FLEX
123236-91598,RB,D'Andre,D'Andre Swift,Swift,14.43333265516493,9,6800,PIT@CHI,CHI,PIT,Q,Hip,,,,RB/FLEX
123236-22038,QB,Kirk,Kirk Cousins,Cousins,3.4666665395100913,3,6800,ATL@NO,ATL,NO,,,,,,QB
123236-137902,RB,Rachaad,Rachaad White,White,9,10,6800,TB@LAR,TB,LAR,,,,,,RB/FLEX
123236-167620,WR,Tetairoa,Tetairoa McMillan,McMillan,11.98181845925071,11,6800,CAR@SF,CAR,SF,,,,,,WR/FLEX
123236-88797,QB,Michael,Michael Penix Jr.,Penix Jr.,14.03111097547743,9,6800,ATL@NO,ATL,NO,IR,Knee - acl,,,,QB
123236-39793,TE,George,George Kittle,Kittle,11.383333841959635,6,6800,CAR@SF,SF,CAR,,,,,,TE/FLEX
123236-24849,QB,Jameis,Jameis Winston,Winston,12.039999961853027,1,6700,NYG@DET,NYG,DET,,,,,,QB
123236-25079,WR,Stefon,Stefon Diggs,Diggs,11.127272865988992,11,6700,NE@CIN,NE,CIN,,,,,,WR/FLEX
123236-73273,RB,David,David Montgomery,Montgomery,10.55199966430664,10,6700,NYG@DET,DET,NYG,,,,,,RB/FLEX
123236-137059,RB,Sean,Sean Tucker,Tucker,6.3,10,6700,TB@LAR,TB,LAR,,,,,,RB/FLEX
123236-26483,QB,Geno,Geno Smith,Smith,13.347999572753906,10,6700,CLE@LV,LV,CLE,,,,,,QB
123236-88431,QB,Tyler,Tyler Shough,Shough,8.635000228881836,4,6600,ATL@NO,NO,ATL,,,,,,QB
123236-40442,RB,Aaron,Aaron Jones Sr.,Jones Sr.,9.216666539510092,6,6600,MIN@GB,MIN,GB,,,,,,RB/FLEX
123236-69213,WR,Michael,Michael Pittman Jr.,Pittman Jr.,12.6,10,6600,IND@KC,IND,KC,,,,,,WR/FLEX
123236-152575,QB,J.J.,J.J. McCarthy,McCarthy,14.536000061035157,5,6600,MIN@GB,MIN,GB,,,,,,QB
123236-151745,WR,Brian,Brian Thomas Jr.,Thomas Jr.,8.824999809265137,8,6500,JAC@ARI,JAC,ARI,Q,Ankle,,,,WR/FLEX
123236-103698,QB,Dillon,Dillon Gabriel,Gabriel,9.010000228881836,8,6500,CLE@LV,CLE,LV,Q,Concussion,,,,QB
123236-137530,TE,Tyler,Tyler Warren,Warren,11.13000030517578,10,6500,IND@KC,IND,KC,,,,,,TE/FLEX
123236-185861,RB,Emanuel,Emanuel Wilson,Wilson,4.240000152587891,10,6500,MIN@GB,GB,MIN,,,,,,RB/FLEX
123236-184183,QB,Shedeur,Shedeur Sanders,Sanders,2.4800000190734863,1,6500,CLE@LV,CLE,LV,,,,,,QB
123236-152651,WR,Marvin,Marvin Harrison Jr.,Harrison Jr.,10.61111111111111,9,6400,JAC@ARI,ARI,JAC,O,Appendix,,,,WR/FLEX
123236-45229,RB,Kareem,Kareem Hunt,Hunt,8.890000152587891,10,6400,IND@KC,KC,IND,,,,,,RB/FLEX
123236-168356,QB,Cam,Cam Ward,Ward,9.205999755859375,10,6400,SEA@TEN,TEN,SEA,,,,,,QB
123236-89680,TE,Jake,Jake Ferguson,Ferguson,11,10,6400,PHI@DAL,DAL,PHI,,,,,,TE/FLEX
123236-104576,QB,Sam,Sam Howell,Howell,0.07999999821186066,2,6300,PHI@DAL,PHI,DAL,,,,,,QB
123236-61593,WR,Jauan,Jauan Jennings,Jennings,7.9777781168619795,9,6300,CAR@SF,SF,CAR,,,,,,WR/FLEX
123236-93382,QB,Aidan,Aidan O'Connell,O'Connell,11.164444817437065,9,6300,CLE@LV,LV,CLE,Q,Wrist,,,,QB
123236-91390,QB,Joe,Joe Milton III,Milton III,3.4800000190734863,2,6300,PHI@DAL,DAL,PHI,,,,,,QB
123236-89607,QB,Tanner,Tanner McKee,McKee,-0.20000000298023224,1,6300,PHI@DAL,PHI,DAL,,,,,,QB
123236-89612,WR,Michael,Michael Wilson,Wilson,6.909999847412109,10,6300,JAC@ARI,ARI,JAC,,,,,,WR/FLEX
123236-90912,RB,Kenneth,Kenneth Gainwell,Gainwell,9.080000305175782,10,6300,PIT@CHI,PIT,CHI,,,,,,RB/FLEX
123236-53095,QB,Kyle,Kyle Allen,Allen,-0.15000000596046448,2,6300,NYG@DET,DET,NYG,,,,,,QB
123236-92020,QB,Kenny,Kenny Pickett,Pickett,-0.8399999737739563,2,6300,CLE@LV,LV,CLE,,,,,,QB
123236-94370,WR,Romeo,Romeo Doubs,Doubs,9.54000015258789,10,6200,MIN@GB,GB,MIN,Q,Wrist,,,,WR/FLEX
123236-22015,QB,Russell,Russell Wilson,Wilson,9.306666692097982,6,6200,NYG@DET,NYG,DET,,,,,,QB
123236-87691,QB,Malik,Malik Willis,Willis,5.840000152587891,1,6200,MIN@GB,GB,MIN,,,,,,QB
123236-139985,QB,Bailey,Bailey Zappe,Zappe,4.5,2,6200,CLE@LV,CLE,LV,,,,,,QB
123236-14225,QB,Andy,Andy Dalton,Dalton,2.630000114440918,4,6200,CAR@SF,CAR,SF,,,,,,QB
123236-103376,RB,Zach,Zach Charbonnet,Charbonnet,9.133332994249132,9,6200,SEA@TEN,SEA,TEN,,,,,,RB/FLEX
123236-42104,RB,Alvin,Alvin Kamara,Kamara,8.169999694824218,10,6100,ATL@NO,NO,ATL,Q,Ankle,,,,RB/FLEX
123236-86312,WR,Alec,Alec Pierce,Pierce,10.1875,8,6100,IND@KC,IND,KC,,,,,,WR/FLEX
123236-169776,WR,Christian,Christian Watson,Watson,10.350000381469727,4,6100,MIN@GB,GB,MIN,Q,Knee,,,,WR/FLEX
123236-86081,QB,Emory,Emory Jones,Jones,,0,6000,ATL@NO,ATL,NO,IR,Concussion,,,,QB
123236-152646,QB,Kyle,Kyle McCord,McCord,,0,6000,PHI@DAL,PHI,DAL,,,,,,QB
123236-52342,QB,Will,Will Grier,Grier,,0,6000,PHI@DAL,DAL,PHI,,,,,,QB
123236-86153,RB,Tyrone,Tyrone Tracy Jr.,Tracy Jr.,6.933333502875434,9,6000,NYG@DET,NYG,DET,,,,,,RB/FLEX
123236-63634,WR,Jakobi,Jakobi Meyers,Meyers,7.3555552164713545,9,6000,JAC@ARI,JAC,ARI,,,,,,WR/FLEX
123236-86200,QB,Sean,Sean Clifford,Clifford,,0,6000,NE@CIN,CIN,NE,,,,,,QB
123236-86243,QB,Will,Will Levis,Levis,10.995000203450521,12,6000,SEA@TEN,TEN,SEA,IR,Shoulder,,,,QB
123236-158974,WR,Xavier,Xavier Worthy,Worthy,6.862500190734863,8,6000,IND@KC,KC,IND,Q,Ankle,,,,WR/FLEX
123236-129315,QB,Anthony,Anthony Richardson Sr.,Richardson Sr.,0.8299999833106995,2,6000,IND@KC,IND,KC,IR,Orbital,,,,QB
123236-120105,QB,Will,Will Howard,Howard,,0,6000,PIT@CHI,PIT,CHI,,,,,,QB
123236-33076,TE,Travis,Travis Kelce,Kelce,11.40999984741211,10,6000,IND@KC,KC,IND,,,,,,TE/FLEX
123236-54604,QB,Jimmy,Jimmy Garoppolo,Garoppolo,-0.30000001192092896,1,6000,TB@LAR,LAR,TB,,,,,,QB
123236-27986,QB,C.J.,C.J. Beathard,Beathard,,0,6000,NYG@DET,DET,NYG,,,,,,QB
123236-61798,QB,Gardner,Gardner Minshew II,Minshew II,-0.30000001192092896,2,6000,IND@KC,KC,IND,,,,,,QB
123236-89455,WR,Jayden,Jayden Reed,Reed,12,1,6000,MIN@GB,GB,MIN,IR,Collarbone,,,,WR/FLEX
123236-103824,QB,Easton,Easton Stick,Stick,,0,6000,ATL@NO,ATL,NO,,,,,,QB
123236-70051,QB,Tyler,Tyler Huntley,Huntley,11.680000305175781,2,6000,NYJ@BAL,BAL,NYJ,,,,,,QB
123236-60840,QB,Jake,Jake Browning,Browning,14.045000076293945,4,6000,NE@CIN,CIN,NE,,,,,,QB
123236-110000,QB,Connor,Connor Bazelak,Bazelak,,0,6000,TB@LAR,TB,LAR,,,,,,QB
123236-185776,QB,Tyson,Tyson Bagent,Bagent,1.2899999618530273,2,6000,PIT@CHI,CHI,PIT,,,,,,QB
123236-91583,QB,Stetson,Stetson Bennett IV,Bennett IV,0,1,6000,TB@LAR,LAR,TB,,,,,,QB
123236-31170,QB,Brandon,Brandon Allen,Allen,2.7866665522257485,3,6000,SEA@TEN,TEN,SEA,,,,,,QB
123236-22994,QB,Case,Case Keenum,Keenum,,0,6000,PIT@CHI,CHI,PIT,,,,,,QB
123236-40407,QB,Joshua,Joshua Dobbs,Dobbs,0.03999999910593033,2,6000,NE@CIN,NE,CIN,,,,,,QB
123236-33259,QB,Teddy,Teddy Bridgewater,Bridgewater,-0.10000000149011612,2,6000,TB@LAR,TB,LAR,,,,,,QB
123236-102933,QB,Kedon,Kedon Slovis,Slovis,0,1,6000,JAC@ARI,ARI,JAC,,,,,,QB
123236-94748,QB,Tommy,Tommy DeVito,DeVito,6.739999771118164,2,6000,NE@CIN,NE,CIN,,,,,,QB
123236-30253,QB,Jeff,Jeff Driskel,Driskel,0,1,6000,JAC@ARI,ARI,JAC,,,,,,QB
123236-64051,QB,Drew,Drew Lock,Lock,0.05000000074505806,2,6000,SEA@TEN,SEA,TEN,,,,,,QB
123236-208467,QB,Cam,Cam Miller,Miller,,0,6000,CLE@LV,LV,CLE,,,,,,QB
123236-40534,QB,Mike,Mike White,White,1.1200000047683716,1,6000,CAR@SF,CAR,SF,,,,,,QB
123236-41562,QB,Nick,Nick Mullens,Mullens,0.33000001311302185,4,6000,JAC@ARI,JAC,ARI,,,,,,QB
123236-44715,QB,Cooper,Cooper Rush,Rush,1.4299999475479126,4,6000,NYJ@BAL,BAL,NYJ,,,,,,QB
123236-69294,QB,Skylar,Skylar Thompson,Thompson,2.626666704813639,3,6000,PIT@CHI,PIT,CHI,IR,Hamstring,,,,QB
123236-70324,QB,Carson,Carson Wentz,Wentz,16.267999267578126,5,6000,MIN@GB,MIN,GB,IR,Shoulder,,,,QB
123236-73398,QB,Chris,Chris Oladokun,Oladokun,0.25,2,6000,IND@KC,KC,IND,,,,,,QB
123236-90813,QB,Clayton,Clayton Tune,Tune,-0.3466666539510091,6,6000,MIN@GB,GB,MIN,,,,,,QB
123236-61157,QB,Brett,Brett Rypien,Rypien,0,1,6000,IND@KC,IND,KC,,,,,,QB
123236-86793,QB,Jake,Jake Haener,Haener,1.7799999713897705,8,6000,ATL@NO,NO,ATL,,,,,,QB
123236-28434,QB,Trevor,Trevor Siemian,Siemian,,0,6000,SEA@TEN,TEN,SEA,,,,,,QB
123236-92975,QB,Malik,Malik Cunningham,Cunningham,,0,6000,NYG@DET,DET,NYG,,,,,,QB
123236-154450,QB,Riley,Riley Leonard,Leonard,0.10000000149011612,1,6000,IND@KC,IND,KC,,,,,,QB
123236-119641,QB,Brady,Brady Cook,Cook,,0,6000,NYJ@BAL,NYJ,BAL,,,,,,QB
123236-154462,QB,Jalen,Jalen Milroe,Milroe,-0.5333333412806193,3,6000,SEA@TEN,SEA,TEN,,,,,,QB
123236-88937,QB,Carter,Carter Bradley,Bradley,,0,6000,JAC@ARI,JAC,ARI,,,,,,QB
123236-56192,QB,John,John Wolford,Wolford,,0,6000,MIN@GB,MIN,GB,,,,,,QB
123236-111557,QB,Spencer,Spencer Rattler,Rattler,12.954999923706055,8,6000,ATL@NO,NO,ATL,,,,,,QB
123236-200653,QB,Max,Max Brosmer,Brosmer,0.5266666809717814,3,6000,MIN@GB,MIN,GB,,,,,,QB
123236-63484,QB,Kyler,Kyler Murray,Murray,16.155999755859376,5,6000,JAC@ARI,ARI,JAC,IR,Foot,,,,QB
123236-103539,WR,Wan'Dale,Wan'Dale Robinson,Robinson,9.772727272727273,11,5900,NYG@DET,NYG,DET,,,,,,WR/FLEX
123236-83074,TE,Dallas,Dallas Goedert,Goedert,10.955555386013454,9,5900,PHI@DAL,PHI,DAL,,,,,,TE/FLEX
123236-69777,WR,Darnell,Darnell Mooney,Mooney,3.799999952316284,8,5900,ATL@NO,ATL,NO,,,,,,WR/FLEX
123236-129305,WR,Josh,Josh Downs,Downs,7.288888719346788,9,5900,IND@KC,IND,KC,,,,,,WR/FLEX
123236-128624,WR,Tez,Tez Johnson,Johnson,6.733333163791233,9,5900,TB@LAR,TB,LAR,,,,,,WR/FLEX
123236-144102,RB,Kyle,Kyle Monangai,Monangai,7.7,10,5900,PIT@CHI,CHI,PIT,,,,,,RB/FLEX
123236-103252,RB,Zonovan,Zonovan Knight,Knight,6.337500095367432,8,5900,JAC@ARI,ARI,JAC,Q,Ankle,,,,RB/FLEX
123236-103619,WR,Tre,Tre Tucker,Tucker,10.580000305175782,10,5800,CLE@LV,LV,CLE,,,,,,WR/FLEX
123236-170287,WR,Rashid,Rashid Shaheed,Shaheed,8.372727134011008,11,5800,SEA@TEN,SEA,TEN,,,,,,WR/FLEX
123236-102796,WR,Ricky,Ricky Pearsall,Pearsall,9.759999847412109,5,5800,CAR@SF,SF,CAR,,,,,,WR/FLEX
123236-92575,RB,Isiah,Isiah Pacheco,Pacheco,6.837500095367432,8,5800,IND@KC,KC,IND,,,,,,RB/FLEX
123236-119653,WR,Kayshon,Kayshon Boutte,Boutte,9.733333163791233,9,5800,NE@CIN,NE,CIN,,,,,,WR/FLEX
123236-70603,RB,Devin,Devin Singletary,Singletary,4.072727203369141,11,5800,NYG@DET,NYG,DET,,,,,,RB/FLEX
123236-52436,TE,Mark,Mark Andrews,Andrews,8.390000152587891,10,5700,NYJ@BAL,BAL,NYJ,,,,,,TE/FLEX
123236-137516,WR,Parker,Parker Washington,Washington,7.45,10,5700,JAC@ARI,JAC,ARI,,,,,,WR/FLEX
123236-90428,RB,Tyler,Tyler Allgeier,Allgeier,7.6099998474121096,10,5700,ATL@NO,ATL,NO,,,,,,RB/FLEX
123236-63043,WR,DJ,DJ Moore,Moore,7.737999725341797,10,5700,PIT@CHI,CHI,PIT,,,,,,WR/FLEX
123236-25267,WR,Mack,Mack Hollins,Hollins,6.909999847412109,10,5700,NE@CIN,NE,CIN,,,,,,WR/FLEX
123236-27477,WR,Sterling,Sterling Shepard,Shepard,5.779999923706055,10,5700,TB@LAR,TB,LAR,Q,Shoulder,,,,WR/FLEX
123236-111540,RB,Rhamondre,Rhamondre Stevenson,Stevenson,8.350000381469727,8,5700,NE@CIN,NE,CIN,Q,Toe,,,,RB/FLEX
123236-185593,WR,Andrei,Andrei Iosivas,Iosivas,5.25,8,5600,NE@CIN,CIN,NE,,,,,,WR/FLEX
123236-63819,WR,Darius,Darius Slayton,Slayton,5.474999904632568,8,5600,NYG@DET,NYG,DET,Q,Hamstring,,,,WR/FLEX
123236-90561,WR,Jerry,Jerry Jeudy,Jeudy,5.709999847412109,10,5600,CLE@LV,CLE,LV,,,,,,WR/FLEX
123236-86687,WR,Hollywood,Hollywood Brown,Brown,8.59000015258789,10,5600,IND@KC,KC,IND,,,,,,WR/FLEX
123236-128810,TE,Theo,Theo Johnson,Johnson,7.545454545454546,11,5600,NYG@DET,NYG,DET,,,,,,TE/FLEX
123236-86875,RB,Jordan,Jordan Mason,Mason,9.030000305175781,10,5600,MIN@GB,MIN,GB,,,,,,RB/FLEX
123236-160620,RB,Bhayshul,Bhayshul Tuten,Tuten,5.790000152587891,10,5600,JAC@ARI,JAC,ARI,Q,Ankle,,,,RB/FLEX
123236-166916,WR,Matthew,Matthew Golden,Golden,5.011110941569011,9,5500,MIN@GB,GB,MIN,Q,Shoulder,,,,WR/FLEX
123236-79970,WR,Cooper,Cooper Kupp,Kupp,6.5,9,5500,SEA@TEN,SEA,TEN,,,,,,WR/FLEX
123236-63759,RB,Tony,Tony Pollard,Pollard,8.390000152587891,10,5500,SEA@TEN,TEN,SEA,,,,,,RB/FLEX
123236-94579,RB,Emari,Emari Demercado,Demercado,4.8125,8,5500,JAC@ARI,ARI,JAC,O,Ankle,,,,RB/FLEX
123236-114198,WR,Xavier,Xavier Legette,Legette,6.266666836208767,9,5500,CAR@SF,CAR,SF,Q,Hip,,,,WR/FLEX
123236-137953,TE,AJ,AJ Barner,Barner,7.719999694824219,10,5500,SEA@TEN,SEA,TEN,,,,,,TE/FLEX
123236-90870,WR,Calvin,Calvin Austin III,Austin III,5.900000095367432,8,5500,PIT@CHI,PIT,CHI,,,,,,WR/FLEX
123236-69558,WR,Greg,Greg Dortch,Dortch,4.44000015258789,10,5500,JAC@ARI,ARI,JAC,,,,,,WR/FLEX
123236-86047,RB,Malik,Malik Davis,Davis,0.8666666348775228,3,5400,PHI@DAL,DAL,PHI,,,,,,RB/FLEX
123236-64808,TE,Juwan,Juwan Johnson,Johnson,8.65999984741211,10,5400,ATL@NO,NO,ATL,,,,,,TE/FLEX
123236-88548,WR,Jalen,Jalen Tolbert,Tolbert,3.577777862548828,9,5400,PHI@DAL,DAL,PHI,,,,,,WR/FLEX
123236-60957,WR,KaVontae,KaVontae Turpin,Turpin,4.375,8,5400,PHI@DAL,DAL,PHI,,,,,,WR/FLEX
123236-137967,RB,Blake,Blake Corum,Corum,4.1200000762939455,10,5400,TB@LAR,LAR,TB,,,,,,RB/FLEX
123236-172861,WR,Elic,Elic Ayomanor,Ayomanor,5.94000015258789,10,5400,SEA@TEN,TEN,SEA,Q,Hamstring,,,,WR/FLEX
123236-110457,WR,Dontayvion,Dontayvion Wicks,Wicks,3.387500047683716,8,5400,MIN@GB,GB,MIN,Q,Calf,,,,WR/FLEX
123236-166801,RB,Jaydon,Jaydon Blue,Blue,1.875,4,5400,PHI@DAL,DAL,PHI,,,,,,RB/FLEX
123236-28744,RB,Raheem,Raheem Mostert,Mostert,2.357142857142857,7,5300,CLE@LV,LV,CLE,,,,,,RB/FLEX
123236-129112,WR,Chimere,Chimere Dike,Dike,4.6,10,5300,SEA@TEN,TEN,SEA,,,,,,WR/FLEX
123236-151789,WR,Adonai,Adonai Mitchell,Mitchell,2.1333334181043835,9,5300,NYJ@BAL,NYJ,BAL,,,,,,WR/FLEX
123236-111876,WR,DeMario,DeMario Douglas,Douglas,6.590000152587891,10,5300,NE@CIN,NE,CIN,,,,,,WR/FLEX
123236-27050,WR,Tyler,Tyler Lockett,Lockett,2.3700000762939455,10,5300,CLE@LV,LV,CLE,,,,,,WR/FLEX
123236-128693,RB,Tank,Tank Bigsby,Bigsby,2.2444445292154946,9,5300,PHI@DAL,PHI,DAL,,,,,,RB/FLEX
123236-201547,WR,Jalen,Jalen Coker,Coker,3.8599998474121096,5,5300,CAR@SF,CAR,SF,,,,,,WR/FLEX
123236-40845,TE,Hunter,Hunter Henry,Henry,7.563636086203835,11,5300,NE@CIN,NE,CIN,,,,,,TE/FLEX
123236-71705,TE,Noah,Noah Fant,Fant,6.824999809265137,8,5200,NE@CIN,CIN,NE,,,,,,TE/FLEX
123236-154971,RB,Devin,Devin Neal,Neal,1.9799999237060546,5,5200,ATL@NO,NO,ATL,,,,,,RB/FLEX
123236-87432,WR,Cedric,Cedric Tillman,Tillman,6.150000254313151,6,5200,CLE@LV,CLE,LV,,,,,,WR/FLEX
123236-90562,RB,Brian,Brian Robinson Jr.,Robinson Jr.,3.881818251176314,11,5200,CAR@SF,SF,CAR,,,,,,RB/FLEX
123236-92859,WR,Jalen,Jalen Nailor,Nailor,6.029999923706055,10,5200,MIN@GB,MIN,GB,,,,,,WR/FLEX
123236-166588,TE,Colston,Colston Loveland,Loveland,6.655555725097656,9,5200,PIT@CHI,CHI,PIT,,,,,,TE/FLEX
123236-86811,TE,Cade,Cade Otton,Otton,6.288888719346788,9,5200,TB@LAR,TB,LAR,,,,,,TE/FLEX
123236-152520,RB,Will,Will Shipley,Shipley,1.3285714558192663,7,5200,PHI@DAL,PHI,DAL,,,,,,RB/FLEX
123236-64496,WR,Olamide,Olamide Zaccheaus,Zaccheaus,5.477777693006727,9,5200,PIT@CHI,CHI,PIT,,,,,,WR/FLEX
123236-71706,TE,T.J.,T.J. Hockenson,Hockenson,5.7,10,5100,MIN@GB,MIN,GB,,,,,,TE/FLEX
123236-168054,TE,Mason,Mason Taylor,Taylor,5.259999847412109,10,5100,NYJ@BAL,NYJ,BAL,,,,,,TE/FLEX
123236-155775,RB,Brashard,Brashard Smith,Smith,2.9200000762939453,10,5100,IND@KC,KC,IND,,,,,,RB/FLEX
123236-87467,RB,Chuba,Chuba Hubbard,Hubbard,8.055555555555555,9,5100,CAR@SF,CAR,SF,,,,,,RB/FLEX
123236-201233,WR,Ryan,Ryan Flournoy,Flournoy,6.571428571428571,7,5100,PHI@DAL,DAL,PHI,,,,,,WR/FLEX
123236-138998,TE,Michael,Michael Mayer,Mayer,4.162499904632568,8,5100,CLE@LV,LV,CLE,,,,,,TE/FLEX
123236-107293,RB,Tyjae,Tyjae Spears,Spears,7.200000127156575,6,5100,SEA@TEN,TEN,SEA,,,,,,RB/FLEX
123236-85845,WR,Rashod,Rashod Bateman,Bateman,4.600000169542101,9,5100,NYJ@BAL,BAL,NYJ,Q,Ankle,,,,WR/FLEX
123236-68712,WR,Tyler,Tyler Johnson,Johnson,4.242857251848493,7,5000,NYJ@BAL,NYJ,BAL,,,,,,WR/FLEX
123236-103587,TE,Brenton,Brenton Strange,Strange,6.079999923706055,5,5000,JAC@ARI,JAC,ARI,IR,Hip,,,,TE/FLEX
123236-16606,WR,DeAndre,DeAndre Hopkins,Hopkins,4.040000152587891,10,5000,NYJ@BAL,BAL,NYJ,,,,,,WR/FLEX
123236-120042,WR,Jalen,Jalen McMillan,McMillan,8.714285714285714,14,5000,TB@LAR,TB,LAR,IR,Neck,,,,WR/FLEX
123236-12550,D,Seattle,Seattle Seahawks,Seahawks,10,10,5000,SEA@TEN,SEA,TEN,,,,,,DEF
123236-102696,WR,John,John Metchie III,Metchie III,2.6499999364217124,6,5000,NYJ@BAL,NYJ,BAL,,,,,,WR/FLEX
123236-55635,WR,Chris,Chris Godwin Jr.,Godwin Jr.,4.099999904632568,2,5000,TB@LAR,TB,LAR,Q,Lower leg,,,,WR/FLEX
123236-151909,WR,Dont'e,Dont'e Thornton Jr.,Thornton Jr.,1.8285714558192663,7,5000,CLE@LV,LV,CLE,,,,,,WR/FLEX
123236-80289,WR,Kendrick,Kendrick Bourne,Bourne,7.744444105360243,9,5000,CAR@SF,SF,CAR,,,,,,WR/FLEX
123236-160213,RB,Isaiah,Isaiah Davis,Davis,3.4299999237060548,10,5000,NYJ@BAL,NYJ,BAL,,,,,,RB/FLEX
123236-113228,TE,Luke,Luke Musgrave,Musgrave,2.1875,8,5000,MIN@GB,GB,MIN,,,,,,TE/FLEX
123236-172699,TE,Harold,Harold Fannin Jr.,Fannin Jr.,7.680000305175781,10,5000,CLE@LV,CLE,LV,,,,,,TE/FLEX
123236-142042,RB,Trey,Trey Benson,Benson,7.224999904632568,4,5000,JAC@ARI,ARI,JAC,IR,Knee - meniscus,,,,RB/FLEX
123236-166749,RB,LeQuint,LeQuint Allen Jr.,Allen Jr.,1.4399999618530273,10,5000,JAC@ARI,JAC,ARI,,,,,,RB/FLEX
123236-86080,TE,Kyle,Kyle Pitts Sr.,Pitts Sr.,7.290000152587891,10,4900,ATL@NO,ATL,NO,,,,,,TE/FLEX
123236-64581,WR,Van,Van Jefferson,Jefferson,4.175000190734863,8,4900,SEA@TEN,TEN,SEA,,,,,,WR/FLEX
123236-114787,RB,Terrell,Terrell Jennings,Jennings,3.674999952316284,4,4900,NE@CIN,NE,CIN,,,,,,RB/FLEX
123236-61555,WR,David,David Sills V,Sills V,1.0800000190734864,5,4900,ATL@NO,ATL,NO,,,,,,WR/FLEX
123236-86229,WR,Jahan,Jahan Dotson,Dotson,3.3777777353922525,9,4900,PHI@DAL,PHI,DAL,,,,,,WR/FLEX
123236-12533,D,Green Bay,Green Bay Packers,Packers,5.2,10,4900,MIN@GB,GB,MIN,,,,,,DEF
123236-158983,TE,Ja'Tavion,Ja'Tavion Sanders,Sanders,3.625,8,4900,CAR@SF,CAR,SF,,,,,,TE/FLEX
123236-93539,RB,Michael,Michael Carter,Carter,5.599999745686849,6,4900,JAC@ARI,ARI,JAC,,,,,,RB/FLEX
123236-38264,WR,Demarcus,Demarcus Robinson,Robinson,2.9375,8,4900,CAR@SF,SF,CAR,,,,,,WR/FLEX
123236-45565,TE,Taysom,Taysom Hill,Hill,2.543333371480306,6,4900,ATL@NO,NO,ATL,,,,,,TE/FLEX
123236-185863,RB,Hunter,Hunter Luepke,Luepke,2.7333332697550454,6,4900,PHI@DAL,DAL,PHI,,,,,,RB/FLEX
123236-47870,TE,Tyler,Tyler Higbee,Higbee,5.125,8,4900,TB@LAR,LAR,TB,IR,Ankle,,,,TE/FLEX
123236-103195,WR,Jordan,Jordan Whittington,Whittington,2.5875000953674316,8,4900,TB@LAR,LAR,TB,,,,,,WR/FLEX
123236-29501,WR,Brandin,Brandin Cooks,Cooks,2.888888888888889,9,4900,ATL@NO,NO,ATL,,,,,,WR/FLEX
123236-93055,WR,Isaiah,Isaiah Hodgins,Hodgins,8.199999809265137,1,4900,NYG@DET,NYG,DET,,,,,,WR/FLEX
123236-91046,TE,Brock,Brock Wright,Wright,4.233333269755046,6,4900,NYG@DET,DET,NYG,Q,Ankle,,,,TE/FLEX
123236-55335,TE,David,David Njoku,Njoku,6.8666665818956165,9,4800,CLE@LV,CLE,LV,Q,Knee,,,,TE/FLEX
123236-151741,WR,Jack,Jack Bech,Bech,1.8857142584664481,7,4800,CLE@LV,LV,CLE,,,,,,WR/FLEX
123236-87260,TE,Isaiah,Isaiah Likely,Likely,2.9666665395100913,6,4800,NYJ@BAL,BAL,NYJ,Q,Calf,,,,TE/FLEX
123236-88297,TE,Chig,Chig Okonkwo,Okonkwo,4.970000076293945,10,4800,SEA@TEN,TEN,SEA,Q,Foot,,,,TE/FLEX
123236-12541,D,New England,New England Patriots,Patriots,7.636363636363637,11,4800,NE@CIN,NE,CIN,,,,,,DEF
123236-136538,WR,Kyle,Kyle Williams,Williams,2.0625,8,4800,NE@CIN,NE,CIN,,,,,,WR/FLEX
123236-91488,RB,Chris,Chris Brooks,Brooks,1.2374999523162842,8,4800,MIN@GB,GB,MIN,,,,,,RB/FLEX
123236-133477,TE,Darnell,Darnell Washington,Washington,5.414285932268415,7,4800,PIT@CHI,PIT,CHI,,,,,,TE/FLEX
123236-174486,RB,Dylan,Dylan Sampson,Sampson,3.6700000762939453,10,4800,CLE@LV,CLE,LV,,,,,,RB/FLEX
123236-89588,TE,Colby,Colby Parkinson,Parkinson,4.257142748151507,7,4800,TB@LAR,LAR,TB,,,,,,TE/FLEX
123236-55987,WR,JuJu,JuJu Smith-Schuster,Smith-Schuster,5.288888719346788,9,4800,IND@KC,KC,IND,,,,,,WR/FLEX
123236-134837,WR,Tory,Tory Horton,Horton,7.324999809265137,8,4800,SEA@TEN,SEA,TEN,Q,Shin,,,,WR/FLEX
123236-70422,WR,Kalif,Kalif Raymond,Raymond,2.855555640326606,9,4800,NYG@DET,DET,NYG,,,,,,WR/FLEX
123236-138037,WR,Roman,Roman Wilson,Wilson,4.657142639160156,7,4800,PIT@CHI,PIT,CHI,,,,,,WR/FLEX
123236-71521,RB,Justice,Justice Hill,Hill,6.077777862548828,9,4800,NYJ@BAL,BAL,NYJ,,,,,,RB/FLEX
123236-91047,TE,Cole,Cole Kmet,Kmet,3.6888889736599393,9,4800,PIT@CHI,CHI,PIT,,,,,,TE/FLEX
123236-103511,WR,Devaughn,Devaughn Vele,Vele,2.8799999237060545,5,4700,ATL@NO,NO,ATL,,,,,,WR/FLEX
123236-89220,WR,Tyquan,Tyquan Thornton,Thornton,7.837500095367432,8,4700,IND@KC,KC,IND,,,,,,WR/FLEX
123236-166092,WR,Luther,Luther Burden III,Burden III,4.888888888888889,9,4700,PIT@CHI,CHI,PIT,,,,,,WR/FLEX
123236-52451,RB,Samaje,Samaje Perine,Perine,3.3666665818956165,9,4700,NE@CIN,CIN,NE,D,Ankle,,,,RB/FLEX
123236-86244,TE,Pat,Pat Freiermuth,Freiermuth,6.711111280653212,9,4700,PIT@CHI,PIT,CHI,,,,,,TE/FLEX
123236-12532,D,Detroit,Detroit Lions,Lions,7,10,4700,NYG@DET,DET,NYG,,,,,,DEF
123236-112041,WR,Isaiah,Isaiah Williams,Williams,1.8714286259242467,7,4700,NYJ@BAL,NYJ,BAL,,,,,,WR/FLEX
123236-91618,TE,John,John FitzPatrick,FitzPatrick,2.3799999237060545,5,4700,MIN@GB,GB,MIN,,,,,,TE/FLEX
123236-152148,TE,Gunnar,Gunnar Helm,Helm,3.959999847412109,10,4700,SEA@TEN,TEN,SEA,,,,,,TE/FLEX
123236-201535,WR,Kameron,Kameron Johnson,Johnson,1.5699999809265137,10,4700,TB@LAR,TB,LAR,,,,,,WR/FLEX
123236-120642,WR,Savion,Savion Williams,Williams,1.9600000381469727,10,4700,MIN@GB,GB,MIN,Q,Foot,,,,WR/FLEX
123236-134023,RB,Keaton,Keaton Mitchell,Mitchell,2.9833332697550454,6,4700,NYJ@BAL,BAL,NYJ,,,,,,RB/FLEX
123236-48116,TE,Jonnu,Jonnu Smith,Smith,4.229999923706055,10,4700,PIT@CHI,PIT,CHI,,,,,,TE/FLEX
123236-174245,WR,Isaiah,Isaiah Bond,Bond,2.4375,8,4600,CLE@LV,CLE,LV,,,,,,WR/FLEX
123236-183488,WR,Isaac,Isaac TeSlaa,TeSlaa,2.9285714285714284,7,4600,NYG@DET,DET,NYG,Q,Oblique,,,,WR/FLEX
123236-83138,TE,Ross,Ross Dwelley,Dwelley,0,1,4600,NYG@DET,DET,NYG,,,,,,TE/FLEX
123236-12555,D,Baltimore,Baltimore Ravens,Ravens,4.4,10,4600,NYJ@BAL,BAL,NYJ,,,,,,DEF
123236-91417,TE,Luke,Luke Schoonmaker,Schoonmaker,1.287500023841858,8,4600,PHI@DAL,DAL,PHI,,,,,,TE/FLEX
123236-93538,WR,Dyami,Dyami Brown,Brown,4.444444444444445,9,4600,JAC@ARI,JAC,ARI,,,,,,WR/FLEX
123236-90533,RB,Jerome,Jerome Ford,Ford,2.5700000762939452,10,4600,CLE@LV,CLE,LV,,,,,,RB/FLEX
123236-40371,TE,Johnny,Johnny Mundt,Mundt,1.475000023841858,8,4600,JAC@ARI,JAC,ARI,,,,,,TE/FLEX
123236-201230,RB,Dylan,Dylan Laube,Laube,0.3799999952316284,10,4600,CLE@LV,LV,CLE,,,,,,RB/FLEX
123236-138786,WR,Malik,Malik Heath,Heath,2.9000000953674316,4,4600,MIN@GB,GB,MIN,,,,,,WR/FLEX
123236-139094,WR,Jalin,Jalin Hyatt,Hyatt,1,6,4600,NYG@DET,NYG,DET,,,,,,WR/FLEX
123236-93143,TE,Noah,Noah Gray,Gray,1.9111111958821614,9,4600,IND@KC,KC,IND,,,,,,TE/FLEX
123236-168916,RB,Kaleb,Kaleb Johnson,Johnson,0.7428571156093052,7,4600,PIT@CHI,PIT,CHI,,,,,,RB/FLEX
123236-91101,TE,Tommy,Tommy Tremble,Tremble,3.3900001525878904,10,4600,CAR@SF,CAR,SF,,,,,,TE/FLEX
123236-104424,RB,Craig,Craig Reynolds,Reynolds,0.20000000298023224,2,4600,NYG@DET,DET,NYG,,,,,,RB/FLEX
123236-64634,WR,Alex,Alex Bachman,Bachman,0.23333332935969034,6,4500,CLE@LV,LV,CLE,,,,,,WR/FLEX
123236-168076,RB,Sione,Sione Vaki,Vaki,0.4000000059604645,1,4500,NYG@DET,DET,NYG,Q,Ankle,,,,RB/FLEX
123236-40126,TE,Austin,Austin Hooper,Hooper,3.322222179836697,9,4500,NE@CIN,NE,CIN,Q,Concussion,,,,TE/FLEX
123236-90307,TE,Daniel,Daniel Bellinger,Bellinger,4.025000095367432,8,4500,NYG@DET,NYG,DET,,,,,,TE/FLEX
123236-12545,D,Philadelphia,Philadelphia Eagles,Eagles,7.5,10,4500,PHI@DAL,PHI,DAL,,,,,,DEF
123236-12549,D,San Francisco,San Francisco 49ers,49ers,3.8181818181818183,11,4500,CAR@SF,SF,CAR,,,,,,DEF
123236-133478,WR,Arian,Arian Smith,Smith,1,8,4500,NYJ@BAL,NYJ,BAL,,,,,,WR/FLEX
123236-87515,WR,Tylan,Tylan Wallace,Wallace,1.7857142857142858,7,4500,NYJ@BAL,BAL,NYJ,,,,,,WR/FLEX
123236-112192,WR,Jonathan,Jonathan Mingo,Mingo,1.6928571973528181,14,4500,PHI@DAL,DAL,PHI,,,,,,WR/FLEX
123236-62055,WR,Ray-Ray,Ray-Ray McCloud III,McCloud III,2.0799999237060547,5,4500,NYG@DET,NYG,DET,,,,,,WR/FLEX
123236-86682,TE,Grant,Grant Calcaterra,Calcaterra,1.2,5,4500,PHI@DAL,PHI,DAL,,,,,,TE/FLEX
123236-39716,WR,Adam,Adam Thielen,Thielen,1.6124999523162842,8,4500,MIN@GB,MIN,GB,,,,,,WR/FLEX
123236-112455,WR,Xavier,Xavier Gipson,Gipson,-0.24000000953674316,5,4500,PHI@DAL,PHI,DAL,,,,,,WR/FLEX
123236-128913,WR,Malachi,Malachi Corley,Corley,2.4,5,4500,CLE@LV,CLE,LV,,,,,,WR/FLEX
123236-93107,RB,A.J.,A.J. Dillon,Dillon,1.3600000381469726,5,4500,PHI@DAL,PHI,DAL,,,,,,RB/FLEX
123236-12529,D,Cleveland,Cleveland Browns,Browns,8.1,10,4400,CLE@LV,CLE,LV,,,,,,DEF
123236-151915,TE,Terrance,Terrance Ferguson,Ferguson,4.459999847412109,5,4400,TB@LAR,LAR,TB,,,,,,TE/FLEX
123236-154000,WR,Konata,Konata Mumpfield,Mumpfield,2.7333332697550454,3,4400,TB@LAR,LAR,TB,,,,,,WR/FLEX
123236-56809,WR,Allen,Allen Lazard,Lazard,2.8,5,4400,NYJ@BAL,NYJ,BAL,,,,,,WR/FLEX
123236-92677,RB,Zavier,Zavier Scott,Scott,4.6400001525878904,5,4400,MIN@GB,MIN,GB,,,,,,RB/FLEX
123236-226859,WR,Darius,Darius Cooper,Cooper,,0,4400,PHI@DAL,PHI,DAL,,,,,,WR/FLEX
123236-102986,TE,Elijah,Elijah Higgins,Higgins,2.466666751437717,9,4400,JAC@ARI,ARI,JAC,,,,,,TE/FLEX
123236-114252,WR,Xavier,Xavier Weaver,Weaver,0.8333333333333334,3,4400,JAC@ARI,ARI,JAC,,,,,,WR/FLEX
123236-152258,TE,Elijah,Elijah Arroyo,Arroyo,2.839999961853027,10,4400,SEA@TEN,SEA,TEN,,,,,,TE/FLEX
123236-57091,WR,Tim,Tim Patrick,Patrick,3.3999998910086497,7,4400,JAC@ARI,JAC,ARI,,,,,,WR/FLEX
123236-93075,TE,Hunter,Hunter Long,Long,3.7857142857142856,7,4400,JAC@ARI,JAC,ARI,Q,Hip,,,,TE/FLEX
123236-137122,RB,Tahj,Tahj Brooks,Brooks,0.574999988079071,4,4400,NE@CIN,CIN,NE,,,,,,RB/FLEX
123236-112780,WR,Jamari,Jamari Thrash,Thrash,1.962499976158142,8,4300,CLE@LV,CLE,LV,,,,,,WR/FLEX
123236-83117,TE,Tanner,Tanner Hudson,Hudson,4.824999809265137,4,4300,NE@CIN,CIN,NE,,,,,,TE/FLEX
123236-105648,RB,Tyler,Tyler Goodson,Goodson,0.6,5,4300,IND@KC,IND,KC,,,,,,RB/FLEX
123236-57543,RB,D'Ernest,D'Ernest Johnson,Johnson,0.23333332935969034,3,4300,NE@CIN,NE,CIN,,,,,,RB/FLEX
123236-86255,TE,Josh,Josh Whyle,Whyle,6.699999809265137,1,4300,MIN@GB,GB,MIN,,,,,,TE/FLEX
123236-12538,D,Los Angeles,Los Angeles Rams,Rams,8.7,10,4300,TB@LAR,LAR,TB,,,,,,DEF
123236-12547,D,Pittsburgh,Pittsburgh Steelers,Steelers,8.5,10,4300,PIT@CHI,PIT,CHI,,,,,,DEF
123236-91467,TE,Jake,Jake Tonges,Tonges,7.449999809265137,8,4300,CAR@SF,SF,CAR,,,,,,TE/FLEX
123236-71105,WR,Ben,Ben Skowronek,Skowronek,2.1,5,4300,PIT@CHI,PIT,CHI,,,,,,WR/FLEX
123236-154124,TE,Mitchell,Mitchell Evans,Evans,3.6624999046325684,8,4300,CAR@SF,CAR,SF,,,,,,TE/FLEX
123236-89627,WR,Brycen,Brycen Tremayne,Tremayne,3.2166665395100913,6,4300,CAR@SF,CAR,SF,,,,,,WR/FLEX
123236-27229,RB,Ameer,Ameer Abdullah,Abdullah,2.5833333333333335,6,4300,IND@KC,IND,KC,,,,,,RB/FLEX
123236-88685,WR,Austin,Austin Trammell,Trammell,2.0333333015441895,3,4300,JAC@ARI,JAC,ARI,,,,,,WR/FLEX
123236-87815,TE,Jeremy,Jeremy Ruckert,Ruckert,3.112499952316284,8,4300,NYJ@BAL,NYJ,BAL,,,,,,TE/FLEX
123236-72515,TE,Ian,Ian Thomas,Thomas,2.075000047683716,4,4300,CLE@LV,LV,CLE,,,,,,TE/FLEX
123236-85842,TE,Brevyn,Brevyn Spann-Ford,Spann-Ford,0.7599999904632568,5,4300,PHI@DAL,DAL,PHI,,,,,,TE/FLEX
123236-104388,WR,Tom,Tom Kennedy,Kennedy,0,3,4300,NYG@DET,DET,NYG,,,,,,WR/FLEX
123236-90123,TE,Quintin,Quintin Morris,Morris,1.600000023841858,1,4200,JAC@ARI,JAC,ARI,,,,,,TE/FLEX
123236-79987,WR,David,David Moore,Moore,0.7333333492279053,3,4200,CAR@SF,CAR,SF,IR,Elbow,,,,WR/FLEX
123236-104577,WR,Gunner,Gunner Olszewski,Olszewski,0.809090874411843,11,4200,NYG@DET,NYG,DET,,,,,,WR/FLEX
123236-95370,TE,Ryan,Ryan Miller,Miller,2.0799999237060547,5,4200,TB@LAR,TB,LAR,,,,,,TE/FLEX
123236-152717,WR,Beaux,Beaux Collins,Collins,1.1666666666666667,3,4200,NYG@DET,NYG,DET,IR,Neck,,,,WR/FLEX
123236-93391,TE,Payne,Payne Durham,Durham,0,2,4200,TB@LAR,TB,LAR,,,,,,TE/FLEX
123236-130276,WR,Mason,Mason Kinsey,Kinsey,1.899999976158142,1,4200,SEA@TEN,TEN,SEA,,,,,,WR/FLEX
123236-151799,WR,Jackson,Jackson Meeks,Meeks,,0,4200,NYG@DET,DET,NYG,,,,,,WR/FLEX
123236-12535,D,Indianapolis,Indianapolis Colts,Colts,7.9,10,4200,IND@KC,IND,KC,,,,,,DEF
123236-60712,TE,Foster,Foster Moreau,Moreau,1.3333333333333333,3,4200,ATL@NO,NO,ATL,,,,,,TE/FLEX
123236-85306,WR,KhaDarel,KhaDarel Hodge,Hodge,1.149999976158142,4,4200,ATL@NO,ATL,NO,,,,,,WR/FLEX
123236-56711,TE,Drew,Drew Sample,Sample,2.1799999237060548,5,4200,NE@CIN,CIN,NE,,,,,,TE/FLEX
123236-90522,TE,Cameron,Cameron Latu,Latu,0,1,4200,PHI@DAL,PHI,DAL,,,,,,TE/FLEX
123236-63907,TE,Josh,Josh Oliver,Oliver,3.4666665395100913,6,4200,MIN@GB,MIN,GB,,,,,,TE/FLEX
123236-60838,WR,Andre,Andre Baccellia,Baccellia,1,1,4200,JAC@ARI,ARI,JAC,,,,,,WR/FLEX
123236-102831,TE,Davis,Davis Allen,Allen,3.8777779473198786,9,4200,TB@LAR,LAR,TB,,,,,,TE/FLEX
123236-112062,WR,Skyy,Skyy Moore,Moore,0.7727272727272727,11,4200,CAR@SF,SF,CAR,,,,,,WR/FLEX
123236-113096,WR,Xavier,Xavier Smith,Smith,1.2,10,4200,TB@LAR,LAR,TB,Q,Concussion,,,,WR/FLEX
123236-73176,TE,Luke,Luke Farrell,Farrell,2.577777862548828,9,4200,CAR@SF,SF,CAR,,,,,,TE/FLEX
123236-71143,TE,Kylen,Kylen Granson,Granson,0.625,4,4200,PHI@DAL,PHI,DAL,,,,,,TE/FLEX
123236-39428,RB,Kyle,Kyle Juszczyk,Juszczyk,2.790909160267223,11,4200,CAR@SF,SF,CAR,,,,,,RB/FLEX
123236-114231,RB,George,George Holani,Holani,1.5333333545260959,9,4200,SEA@TEN,SEA,TEN,,,,,,RB/FLEX
123236-152128,WR,Dominic,Dominic Lovett,Lovett,0,1,4200,NYG@DET,DET,NYG,,,,,,WR/FLEX
123236-104012,WR,Ashton,Ashton Dulin,Dulin,1.524999976158142,8,4200,IND@KC,IND,KC,,,,,,WR/FLEX
123236-138854,WR,Ke'Shawn,Ke'Shawn Williams,Williams,-0.3333333333333333,6,4200,PIT@CHI,PIT,CHI,Q,Concussion,,,,WR/FLEX
123236-85635,TE,Charlie,Charlie Kolar,Kolar,3.471428462437221,7,4200,NYJ@BAL,BAL,NYJ,,,,,,TE/FLEX
123236-72412,RB,Khalil,Khalil Herbert,Herbert,0,1,4200,NYJ@BAL,NYJ,BAL,,,,,,RB/FLEX
123236-128765,RB,Nathan,Nathan Carter,Carter,2,2,4200,ATL@NO,ATL,NO,,,,,,RB/FLEX
123236-71459,RB,Brittain,Brittain Brown,Brown,9.699999809265137,1,4200,PIT@CHI,CHI,PIT,,,,,,RB/FLEX
123236-41806,WR,Laquon,Laquon Treadwell,Treadwell,0,1,4200,IND@KC,IND,KC,,,,,,WR/FLEX
123236-119697,RB,MarShawn,MarShawn Lloyd,Lloyd,2.299999952316284,1,4200,MIN@GB,GB,MIN,IR,Hamstring,,,,RB/FLEX
123236-157609,WR,Gage,Gage Larvadain,Larvadain,0.5833333333333334,6,4200,CLE@LV,CLE,LV,,,,,,WR/FLEX
123236-24533,TE,Mo,Mo Alie-Cox,Alie-Cox,1.1666666666666667,6,4200,IND@KC,IND,KC,,,,,,TE/FLEX
123236-93150,WR,Jake,Jake Bobo,Bobo,1.5,2,4200,SEA@TEN,SEA,TEN,,,,,,WR/FLEX
123236-42046,TE,Durham,Durham Smythe,Smythe,1.2999999523162842,1,4100,PIT@CHI,CHI,PIT,,,,,,TE/FLEX
123236-133180,TE,Ben,Ben Yurosek,Yurosek,0.5,2,4100,MIN@GB,MIN,GB,,,,,,TE/FLEX
123236-103506,TE,Nick,Nick Kallerup,Kallerup,0,1,4100,SEA@TEN,SEA,TEN,,,,,,TE/FLEX
123236-170184,RB,Julius,Julius Chestnut,Chestnut,0.5999999841054281,6,4100,SEA@TEN,TEN,SEA,,,,,,RB/FLEX
123236-92413,RB,Elijah,Elijah Mitchell,Mitchell,0,1,4100,IND@KC,KC,IND,,,,,,RB/FLEX
123236-12554,D,Jacksonville,Jacksonville Jaguars,Jaguars,7.7,10,4100,JAC@ARI,JAC,ARI,,,,,,DEF
123236-153957,TE,Zaire,Zaire Mitchell-Paden,Mitchell-Paden,0.9000000158945719,3,4100,ATL@NO,NO,ATL,,,,,,TE/FLEX
123236-80353,TE,Robert,Robert Tonyan,Tonyan,0.6000000238418579,1,4100,IND@KC,KC,IND,,,,,,TE/FLEX
123236-102882,WR,Anthony,Anthony Gould,Gould,0.11428571598870414,7,4100,IND@KC,IND,KC,,,,,,WR/FLEX
123236-201260,WR,Mason,Mason Tipton,Tipton,0,3,4100,ATL@NO,NO,ATL,,,,,,WR/FLEX
123236-172646,RB,Trevor,Trevor Etienne,Etienne,0.8454545627940785,11,4100,CAR@SF,CAR,SF,,,,,,RB/FLEX
123236-57986,WR,Hunter,Hunter Renfrow,Renfrow,4.733333269755046,6,4100,CAR@SF,CAR,SF,,,,,,WR/FLEX
123236-155293,RB,DJ,DJ Giddens,Giddens,1.649999976158142,4,4100,IND@KC,IND,KC,,,,,,RB/FLEX
123236-88752,WR,Charlie,Charlie Jones,Jones,0.6666666666666666,9,4100,NE@CIN,CIN,NE,,,,,,WR/FLEX
123236-71351,TE,Charlie,Charlie Woerner,Woerner,0.4749999940395355,4,4100,ATL@NO,ATL,NO,,,,,,TE/FLEX
123236-40647,WR,Marquez,Marquez Valdes-Scantling,Valdes-Scantling,1.5,4,4100,PIT@CHI,PIT,CHI,,,,,,WR/FLEX
123236-63186,WR,James,James Proche II,Proche II,0.1777777804268731,9,4100,SEA@TEN,TEN,SEA,,,,,,WR/FLEX
123236-92882,TE,Connor,Connor Heyward,Heyward,1.3857142584664481,7,4100,PIT@CHI,PIT,CHI,,,,,,TE/FLEX
123236-157438,WR,Jimmy,Jimmy Horn Jr.,Horn Jr.,2.8,5,4100,CAR@SF,CAR,SF,,,,,,WR/FLEX
123236-71444,RB,Travis,Travis Homer,Homer,-0.20000000298023224,1,4100,PIT@CHI,CHI,PIT,Q,Hamstring,,,,RB/FLEX
123236-69451,TE,Jack,Jack Stoll,Stoll,2.575000047683716,4,4100,ATL@NO,NO,ATL,,,,,,TE/FLEX
123236-89997,WR,Michael,Michael Woods II,Woods II,2,5,4100,MIN@GB,GB,MIN,,,,,,WR/FLEX
123236-128912,WR,Mitch,Mitch Tinsley,Tinsley,3.0999999046325684,4,4100,NE@CIN,CIN,NE,,,,,,WR/FLEX
123236-57338,TE,Jordan,Jordan Akins,Akins,4.4375,16,4100,JAC@ARI,JAC,ARI,,,,,,TE/FLEX
123236-92166,WR,Marcus,Marcus Jones,Jones,0.6,10,4000,NE@CIN,NE,CIN,,,,,,WR/FLEX
123236-96269,RB,Owen,Owen Wright,Wright,0,1,4000,TB@LAR,TB,LAR,,,,,,RB/FLEX
123236-226319,WR,Junior,Junior Bergen,Bergen,,0,4000,CAR@SF,SF,CAR,,,,,,WR/FLEX
123236-156684,RB,Kye,Kye Robichaux,Robichaux,,0,4000,NYG@DET,DET,NYG,IR,Undisclosed,,,,RB/FLEX
123236-110617,WR,Isaiah,Isaiah Neyor,Neyor,,0,4000,MIN@GB,GB,MIN,,,,,,WR/FLEX
123236-110616,TE,Treyton,Treyton Welch,Welch,,0,4000,ATL@NO,NO,ATL,,,,,,TE/FLEX
123236-152603,RB,Anthony,Anthony Tyus III,Tyus III,,0,4000,CAR@SF,CAR,SF,,,,,,RB/FLEX
123236-138277,WR,Jalen,Jalen Brooks,Brooks,2.284615443303035,13,4000,JAC@ARI,ARI,JAC,,,,,,WR/FLEX
123236-64555,WR,Calvin,Calvin Ridley,Ridley,5.971428462437221,7,4000,SEA@TEN,TEN,SEA,IR,Lower leg,,,,WR/FLEX
123236-88109,RB,Gary,Gary Brightwell,Brightwell,0,1,4000,NE@CIN,CIN,NE,,,,,,RB/FLEX
123236-152628,TE,Thomas,Thomas Fidone II,Fidone II,,0,4000,NYG@DET,NYG,DET,Q,Foot,,,,TE/FLEX
123236-87109,WR,Bryce,Bryce Oliver,Oliver,1.2999999523162842,1,4000,SEA@TEN,TEN,SEA,IR,Knee,,,,WR/FLEX
123236-174148,RB,Carlos,Carlos Washington Jr.,Washington Jr.,,0,4000,ATL@NO,ATL,NO,,,,,,RB/FLEX
123236-165962,TE,Nikola,Nikola Kalinic,Kalinic,,0,4000,PIT@CHI,CHI,PIT,,,,,,TE/FLEX
123236-112715,WR,Joshua,Joshua Cephus,Cephus,,0,4000,JAC@ARI,JAC,ARI,IR,Undisclosed,,,,WR/FLEX
123236-170056,WR,Dee,Dee Williams,Williams,-0.5,12,4000,CLE@LV,CLE,LV,,,,,,WR/FLEX
123236-87117,TE,Brenden,Brenden Bates,Bates,3.299999952316284,1,4000,CLE@LV,CLE,LV,,,,,,TE/FLEX
123236-65627,WR,Maurice,Maurice Alexander,Alexander,0,1,4000,PIT@CHI,CHI,PIT,,,,,,WR/FLEX
123236-42077,TE,James,James Winchester,Winchester,0,2,4000,IND@KC,KC,IND,,,,,,TE/FLEX
123236-86113,WR,Ihmir,Ihmir Smith-Marsette,Smith-Marsette,0.4,15,4000,NYG@DET,NYG,DET,,,,,,WR/FLEX
123236-89185,TE,Ben,Ben Sims,Sims,1.2399999618530273,5,4000,MIN@GB,MIN,GB,,,,,,TE/FLEX
123236-169067,TE,Bryce,Bryce Pierre,Pierre,,0,4000,CAR@SF,CAR,SF,,,,,,TE/FLEX
123236-79979,WR,Jamal,Jamal Agnew,Agnew,0,8,4000,ATL@NO,ATL,NO,,,,,,WR/FLEX
123236-68714,TE,Ko,Ko Kieft,Kieft,0,1,4000,TB@LAR,TB,LAR,IR,Leg,,,,TE/FLEX
123236-86125,WR,Brandon,Brandon Smith,Smith,,0,4000,NYJ@BAL,NYJ,BAL,,,,,,WR/FLEX
123236-79980,TE,Eric,Eric Saubert,Saubert,0.8500000238418579,2,4000,SEA@TEN,SEA,TEN,IR,Calf,,,,TE/FLEX
123236-64627,WR,Scotty,Scotty Washington,Washington,,0,4000,NYJ@BAL,BAL,NYJ,,,,,,WR/FLEX
123236-158836,RB,Lucas,Lucas Scott,Scott,,0,4000,NYJ@BAL,BAL,NYJ,,,,,,RB/FLEX
123236-69752,WR,Jalen,Jalen Virgil,Virgil,,0,4000,JAC@ARI,ARI,JAC,,,,,,WR/FLEX
123236-129147,WR,John,John Saunders Jr.,Saunders Jr.,,0,4000,NE@CIN,NE,CIN,,,,,,WR/FLEX
123236-68730,TE,Sean,Sean McKeon,McKeon,,0,4000,IND@KC,IND,KC,,,,,,TE/FLEX
123236-110721,WR,Dayton,Dayton Wade,Wade,,0,4000,NYJ@BAL,BAL,NYJ,IR,Ribs,,,,WR/FLEX
123236-103564,WR,Garrett,Garrett Wilson,Wilson,11.642857142857142,7,4000,NYJ@BAL,NYJ,BAL,IR,Knee,,,,WR/FLEX
123236-89230,RB,Cam,Cam Akers,Akers,3.5899999141693115,2,4000,MIN@GB,MIN,GB,,,,,,RB/FLEX
123236-54426,TE,Andrew,Andrew Beck,Beck,2.2750000953674316,4,4000,NYJ@BAL,NYJ,BAL,,,,,,TE/FLEX
123236-135325,TE,Rivaldo,Rivaldo Fairweather,Fairweather,,0,4000,PHI@DAL,DAL,PHI,,,,,,TE/FLEX
123236-62628,WR,DeAndre,DeAndre Carter,Carter,0,4,4000,CLE@LV,CLE,LV,IR,Knee,,,,WR/FLEX
123236-71845,RB,Miles,Miles Sanders,Sanders,5.675000190734863,4,4000,PHI@DAL,DAL,PHI,IR,Knee,,,,RB/FLEX
123236-151726,TE,Robbie,Robbie Ouzts,Ouzts,0,1,4000,SEA@TEN,SEA,TEN,Q,Elbow,,,,TE/FLEX
123236-201903,WR,Coleman,Coleman Owen,Owen,,0,4000,IND@KC,IND,KC,,,,,,WR/FLEX
123236-105646,TE,Sam,Sam LaPorta,LaPorta,9.655555725097656,9,4000,NYG@DET,DET,NYG,IR,Back,,,,TE/FLEX
123236-86203,WR,Justin,Justin Shorter,Shorter,0,1,4000,CLE@LV,LV,CLE,,,,,,WR/FLEX
123236-151737,TE,E.J.,E.J. Jenkins,Jenkins,2.3999999364217124,3,4000,PHI@DAL,PHI,DAL,,,,,,TE/FLEX
123236-151740,RB,Corey,Corey Kiner,Kiner,,0,4000,MIN@GB,MIN,GB,,,,,,RB/FLEX
123236-131266,RB,Lan,Lan Larison,Larison,,0,4000,NE@CIN,NE,CIN,IR,Foot,,,,RB/FLEX
123236-70859,TE,Albert,Albert Okwuegbunam Jr.,Okwuegbunam Jr.,6.099999904632568,1,4000,CLE@LV,LV,CLE,,,,,,TE/FLEX
123236-166095,RB,Cody,Cody Schrader,Schrader,0.4666666587193807,3,4000,JAC@ARI,JAC,ARI,,,,,,RB/FLEX
123236-149708,TE,Zach,Zach Davidson,Davidson,0.5,2,4000,NYG@DET,NYG,DET,,,,,,TE/FLEX
123236-112850,RB,Michael,Michael Wiley,Wiley,,0,4000,TB@LAR,TB,LAR,,,,,,RB/FLEX
123236-151761,WR,Malik,Malik Nabers,Nabers,12.774999618530273,4,4000,NYG@DET,NYG,DET,IR,Knee - acl,,,,WR/FLEX
123236-104661,TE,Patrick,Patrick Herbert,Herbert,,0,4000,JAC@ARI,JAC,ARI,,,,,,TE/FLEX
123236-25813,WR,Phillip,Phillip Dorsett II,Dorsett II,,0,4000,CLE@LV,LV,CLE,,,,,,WR/FLEX
123236-129240,WR,Tyler,Tyler Scott,Scott,0.2,5,4000,TB@LAR,LAR,TB,,,,,,WR/FLEX
123236-95455,WR,D.J.,D.J. Montgomery,Montgomery,,0,4000,IND@KC,IND,KC,IR,Undisclosed,,,,WR/FLEX
123236-226525,WR,Chandler,Chandler Brayboy,Brayboy,,0,4000,JAC@ARI,JAC,ARI,,,,,,WR/FLEX
123236-93408,WR,Rondale,Rondale Moore,Moore,,0,4000,MIN@GB,MIN,GB,IR,Knee,,,,WR/FLEX
123236-120035,TE,Mark,Mark Redman,Redman,,0,4000,TB@LAR,LAR,TB,,,,,,TE/FLEX
123236-170208,WR,Kaden,Kaden Davis,Davis,0,1,4000,CLE@LV,CLE,LV,,,,,,WR/FLEX
123236-88290,WR,Jeshaun,Jeshaun Jones,Jones,,0,4000,MIN@GB,MIN,GB,,,,,,WR/FLEX
123236-169185,WR,Jamaal,Jamaal Pritchett,Pritchett,,0,4000,NYJ@BAL,NYJ,BAL,,,,,,WR/FLEX
123236-170214,WR,Dennis,Dennis Houston,Houston,,0,4000,TB@LAR,TB,LAR,,,,,,WR/FLEX
123236-12527,D,Chicago,Chicago Bears,Bears,6.8,10,4000,PIT@CHI,CHI,PIT,,,,,,DEF
123236-151806,RB,Raheim,Raheim Sanders,Sanders,6.300000190734863,1,4000,CLE@LV,CLE,LV,,,,,,RB/FLEX
123236-61693,TE,Danny,Danny Pinter,Pinter,0,1,4000,IND@KC,IND,KC,,,,,,TE/FLEX
123236-71935,WR,Kendric,Kendric Pryor,Pryor,1.399999976158142,1,4000,NE@CIN,CIN,NE,,,,,,WR/FLEX
123236-91401,WR,Ronnie,Ronnie Bell,Bell,0.6400000095367432,5,4000,ATL@NO,NO,ATL,,,,,,WR/FLEX
123236-94481,WR,Deven,Deven Thompkins,Thompkins,0,1,4000,ATL@NO,ATL,NO,,,,,,WR/FLEX
123236-174355,WR,Jeremiah,Jeremiah Webb,Webb,,0,4000,NE@CIN,NE,CIN,,,,,,WR/FLEX
123236-137488,RB,Rasheen,Rasheen Ali,Ali,0.35714285714285715,7,4000,NYJ@BAL,BAL,NYJ,,,,,,RB/FLEX
123236-91443,TE,McCallan,McCallan Castles,Castles,,0,4000,MIN@GB,GB,MIN,,,,,,TE/FLEX
123236-92479,TE,David,David Martin-Robinson,Martin-Robinson,3.299999952316284,2,4000,SEA@TEN,TEN,SEA,,,,,,TE/FLEX
123236-156997,WR,Tru,Tru Edwards,Edwards,,0,4000,TB@LAR,LAR,TB,,,,,,WR/FLEX
123236-87371,RB,Ty,Ty Chandler,Chandler,0,1,4000,MIN@GB,MIN,GB,IR,Knee,,,,RB/FLEX
123236-149832,TE,Shane,Shane Zylstra,Zylstra,1.350000023841858,2,4000,NYG@DET,DET,NYG,IR,Ankle,,,,TE/FLEX
123236-176467,WR,Jalen,Jalen Royals,Royals,0,1,4000,IND@KC,KC,IND,,,,,,WR/FLEX
123236-91481,WR,Nikko,Nikko Remigio,Remigio,0.3700000047683716,10,4000,IND@KC,KC,IND,,,,,,WR/FLEX
123236-41305,WR,Zay,Zay Jones,Jones,4.049999872843425,6,4000,JAC@ARI,ARI,JAC,IR,Achilles,,,,WR/FLEX
123236-89437,WR,Tim,Tim Jones,Jones,1,2,4000,JAC@ARI,JAC,ARI,,,,,,WR/FLEX
123236-151914,TE,Moliki,Moliki Matavao,Matavao,,0,4000,ATL@NO,NO,ATL,,,,,,TE/FLEX
123236-133484,WR,Jermaine,Jermaine Burton,Burton,1.587499976158142,8,4000,NE@CIN,CIN,NE,,,,,,WR/FLEX
123236-90480,TE,Joel,Joel Wilson,Wilson,,0,4000,SEA@TEN,TEN,SEA,,,,,,TE/FLEX
123236-90483,TE,Bernhard,Bernhard Raimann,Raimann,0,2,4000,IND@KC,IND,KC,,,,,,TE/FLEX
123236-71032,WR,Devin,Devin Duvernay,Duvernay,0.06999999880790711,10,4000,PIT@CHI,CHI,PIT,,,,,,WR/FLEX
123236-56698,WR,Dante,Dante Pettis,Pettis,0,1,4000,ATL@NO,NO,ATL,,,,,,WR/FLEX
123236-92545,RB,Keaontay,Keaontay Ingram,Ingram,0,1,4000,IND@KC,KC,IND,IR,Undisclosed,,,,RB/FLEX
123236-110978,RB,Evan,Evan Hull,Hull,,0,4000,ATL@NO,NO,ATL,,,,,,RB/FLEX
123236-114054,WR,Dalen,Dalen Cambre,Cambre,0,1,4000,NYG@DET,NYG,DET,,,,,,WR/FLEX
123236-64905,WR,Trenton,Trenton Irwin,Irwin,0.5,6,4000,NYJ@BAL,NYJ,BAL,,,,,,WR/FLEX
123236-94600,WR,John,John Stephens Jr.,Stephens Jr.,,0,4000,PHI@DAL,DAL,PHI,Q,Undisclosed,,,,WR/FLEX
123236-183693,WR,Da'Quan,Da'Quan Felton,Felton,,0,4000,NYG@DET,NYG,DET,IR,Undisclosed,,,,WR/FLEX
123236-138643,WR,Jason,Jason Brownlee,Brownlee,0,1,4000,IND@KC,KC,IND,,,,,,WR/FLEX
123236-87442,TE,Princeton,Princeton Fant,Fant,0,2,4000,PHI@DAL,DAL,PHI,,,,,,TE/FLEX
123236-43416,WR,Trent,Trent Taylor,Taylor,1.600000023841858,1,4000,CAR@SF,SF,CAR,IR,Undisclosed,,,,WR/FLEX
123236-138649,WR,LaJohntay,LaJohntay Wester,Wester,-0.25,8,4000,NYJ@BAL,BAL,NYJ,,,,,,WR/FLEX
123236-92573,TE,Travis,Travis Vokolek,Vokolek,0,1,4000,JAC@ARI,ARI,JAC,IR,Neck,,,,TE/FLEX
123236-93600,WR,Bryce,Bryce Ford-Wheaton,Ford-Wheaton,0,1,4000,NYG@DET,NYG,DET,IR,Achilles,,,,WR/FLEX
123236-112037,WR,Casey,Casey Washington,Washington,2.4799999237060546,5,4000,ATL@NO,ATL,NO,,,,,,WR/FLEX
123236-103844,WR,Nick,Nick Nash,Nash,,0,4000,ATL@NO,ATL,NO,,,,,,WR/FLEX
123236-80294,TE,Anthony,Anthony Firkser,Firkser,0,1,4000,NYG@DET,DET,NYG,,,,,,TE/FLEX
123236-80299,RB,Patrick,Patrick Ricard,Ricard,0.15000000596046448,2,4000,NYJ@BAL,BAL,NYJ,,,,,,RB/FLEX
123236-87469,TE,Jelani,Jelani Woods,Woods,,0,4000,NYJ@BAL,NYJ,BAL,,,,,,TE/FLEX
123236-133558,WR,Luke,Luke Floriea,Floriea,,0,4000,CLE@LV,CLE,LV,,,,,,WR/FLEX
123236-91578,RB,Zamir,Zamir White,White,1.9666666984558105,3,4000,CLE@LV,LV,CLE,,,,,,RB/FLEX
123236-114109,WR,Ainias,Ainias Smith,Smith,2.839999961853027,5,4000,CAR@SF,CAR,SF,,,,,,WR/FLEX
123236-133564,TE,Marshall,Marshall Lang,Lang,,0,4000,SEA@TEN,SEA,TEN,,,,,,TE/FLEX
123236-92606,WR,Bo,Bo Melton,Melton,0.9666666984558105,6,4000,MIN@GB,GB,MIN,,,,,,WR/FLEX
123236-206276,WR,Jaden,Jaden Smith,Smith,,0,4000,TB@LAR,TB,LAR,IR,Undisclosed,,,,WR/FLEX
123236-152014,WR,JP,JP Richardson,Richardson,,0,4000,PIT@CHI,CHI,PIT,,,,,,WR/FLEX
123236-69068,RB,Jonathan,Jonathan Ward,Ward,0.7333333492279053,3,4000,NE@CIN,NE,CIN,,,,,,RB/FLEX
123236-109008,WR,Jalen,Jalen Cropper,Cropper,0,2,4000,PHI@DAL,DAL,PHI,,,,,,WR/FLEX
123236-157150,RB,Audric,Audric Estime,Estime,3.553846212533804,13,4000,ATL@NO,NO,ATL,,,,,,RB/FLEX
123236-185827,RB,Jacob,Jacob Saylors,Saylors,0.15714286054883683,7,4000,NYG@DET,DET,NYG,,,,,,RB/FLEX
123236-133615,WR,Dontae,Dontae Fleming,Fleming,,0,4000,MIN@GB,MIN,GB,,,,,,WR/FLEX
123236-193004,WR,Jahdae,Jahdae Walker,Walker,,0,4000,PIT@CHI,CHI,PIT,,,,,,WR/FLEX
123236-102902,WR,Trey,Trey Palmer,Palmer,2.085714340209961,14,4000,ATL@NO,NO,ATL,IR,Ankle,,,,WR/FLEX
123236-156152,WR,Tejhaun,Tejhaun Palmer,Palmer,,0,4000,JAC@ARI,ARI,JAC,,,,,,WR/FLEX
123236-60930,RB,Myles,Myles Gaskin,Gaskin,0.375,4,4000,SEA@TEN,SEA,TEN,,,,,,RB/FLEX
123236-113160,WR,Jakobie,Jakobie Keeney-James,Keeney-James,,0,4000,MIN@GB,GB,MIN,,,,,,WR/FLEX
123236-89613,WR,Simi,Simi Fehoko,Fehoko,0,1,4000,JAC@ARI,ARI,JAC,IR,Wrist,,,,WR/FLEX
123236-128535,TE,Maximilian,Maximilian Mang,Mang,,0,4000,IND@KC,IND,KC,,,,,,TE/FLEX
123236-129560,WR,Xavier,Xavier Restrepo,Restrepo,,0,4000,SEA@TEN,TEN,SEA,,,,,,WR/FLEX
123236-73247,RB,Kene,Kene Nwangwu,Nwangwu,1.2,5,4000,NYJ@BAL,NYJ,BAL,,,,,,RB/FLEX
123236-103966,TE,Stone,Stone Smartt,Smartt,0,1,4000,NYJ@BAL,NYJ,BAL,,,,,,TE/FLEX
123236-226851,RB,Rushawn,Rushawn Baker,Baker,,0,4000,NE@CIN,NE,CIN,,,,,,RB/FLEX
123236-185889,TE,Tanner,Tanner Taula,Taula,,0,4000,TB@LAR,TB,LAR,,,,,,TE/FLEX
123236-156197,TE,Bryson,Bryson Nesbit,Nesbit,,0,4000,MIN@GB,MIN,GB,,,,,,TE/FLEX
123236-89644,RB,Isaac,Isaac Guerendo,Guerendo,0,4,4000,CAR@SF,SF,CAR,,,,,,RB/FLEX
123236-160303,TE,Tucker,Tucker Kraft,Kraft,13.399999618530273,8,4000,MIN@GB,GB,MIN,IR,Knee - acl,,,,TE/FLEX
123236-160306,RB,Pierre,Pierre Strong Jr.,Strong Jr.,2.3500000635782876,12,4000,MIN@GB,GB,MIN,,,,,,RB/FLEX
123236-60981,TE,Charlie,Charlie Heck,Heck,,0,4000,TB@LAR,TB,LAR,,,,,,TE/FLEX
123236-226875,WR,Ja'seem,Ja'seem Reed,Reed,,0,4000,CAR@SF,CAR,SF,,,,,,WR/FLEX
123236-173631,RB,Dante,Dante Miller,Miller,,0,4000,NYG@DET,NYG,DET,,,,,,RB/FLEX
123236-226878,TE,Carter,Carter Runyon,Runyon,0.4000000059604645,2,4000,CLE@LV,LV,CLE,,,,,,TE/FLEX
123236-71241,WR,Brandon,Brandon Johnson,Johnson,1.399999976158142,1,4000,TB@LAR,TB,LAR,,,,,,WR/FLEX
123236-104008,TE,Stephen,Stephen Carlson,Carlson,,0,4000,PIT@CHI,CHI,PIT,,,,,,TE/FLEX
123236-54863,WR,C.J.,C.J. Goodwin,Goodwin,0,7,4000,PHI@DAL,DAL,PHI,,,,,,WR/FLEX
123236-104019,TE,Matt,Matt Orzech,Orzech,0,1,4000,MIN@GB,GB,MIN,,,,,,TE/FLEX
123236-87634,TE,Blake,Blake Whiteheart,Whiteheart,0.3499999940395355,4,4000,CLE@LV,CLE,LV,,,,,,TE/FLEX
123236-86612,TE,Brayden,Brayden Willis,Willis,0,1,4000,CAR@SF,SF,CAR,,,,,,TE/FLEX
123236-18009,TE,Chris,Chris Manhertz,Manhertz,0.6000000238418579,2,4000,NYG@DET,NYG,DET,,,,,,TE/FLEX
123236-129641,WR,Will,Will Sheppard,Sheppard,,0,4000,MIN@GB,GB,MIN,,,,,,WR/FLEX
123236-147049,TE,Drew,Drew Ogletree,Ogletree,0,1,4000,IND@KC,IND,KC,,,,,,TE/FLEX
123236-206447,RB,Max,Max Hurleman,Hurleman,,0,4000,PIT@CHI,PIT,CHI,,,,,,RB/FLEX
123236-94831,RB,Deneric,Deneric Prince,Prince,,0,4000,NE@CIN,NE,CIN,IR,Undisclosed,,,,RB/FLEX
123236-87668,WR,Shedrick,Shedrick Jackson,Jackson,,0,4000,CLE@LV,LV,CLE,,,,,,WR/FLEX
123236-86646,RB,Trey,Trey Sermon,Sermon,0,1,4000,PIT@CHI,PIT,CHI,,,,,,RB/FLEX
123236-104054,RB,Sincere,Sincere McCormick,McCormick,6.050000190734863,4,4000,CAR@SF,SF,CAR,,,,,,RB/FLEX
123236-201342,RB,Chris,Chris Collier,Collier,0.2166666587193807,6,4000,CLE@LV,LV,CLE,,,,,,RB/FLEX
123236-32384,WR,Mike,Mike Evans,Evans,6.75,4,4000,TB@LAR,TB,LAR,IR,Collarbone,,,,WR/FLEX
123236-135812,WR,Quentin,Quentin Skinner,Skinner,,0,4000,NYJ@BAL,NYJ,BAL,,,,,,WR/FLEX
123236-87690,TE,Sal,Sal Cannella,Cannella,,0,4000,CLE@LV,CLE,LV,,,,,,TE/FLEX
123236-64147,WR,Britain,Britain Covey,Covey,1.3800000190734862,5,4000,PHI@DAL,PHI,DAL,,,,,,WR/FLEX
123236-110230,RB,Kenny,Kenny McIntosh,McIntosh,2.322222179836697,9,4000,SEA@TEN,SEA,TEN,IR,Knee - acl,,,,RB/FLEX
123236-136857,RB,Ja'Quinden,Ja'Quinden Jackson,Jackson,,0,4000,JAC@ARI,JAC,ARI,,,,,,RB/FLEX
123236-137889,WR,Brennan,Brennan Presley,Presley,,0,4000,TB@LAR,LAR,TB,,,,,,WR/FLEX
123236-86692,TE,Thomas,Thomas Odukoya,Odukoya,,0,4000,NE@CIN,NE,CIN,,,,,,TE/FLEX
123236-104102,TE,Leroy,Leroy Watson IV,Watson IV,0,1,4000,CLE@LV,LV,CLE,,,,,,TE/FLEX
123236-128681,TE,Caden,Caden Prieskorn,Prieskorn,,0,4000,CLE@LV,CLE,LV,,,,,,TE/FLEX
123236-94888,TE,Messiah,Messiah Swinson,Swinson,,0,4000,JAC@ARI,ARI,JAC,,,,,,TE/FLEX
123236-152232,WR,Jordan,Jordan Moore,Moore,,0,4000,NE@CIN,CIN,NE,,,,,,WR/FLEX
123236-87731,WR,Dominique,Dominique Robinson,Robinson,0,1,4000,PIT@CHI,CHI,PIT,,,,,,WR/FLEX
123236-52916,WR,Russell,Russell Gage Jr.,Gage Jr.,,0,4000,CAR@SF,SF,CAR,,,,,,WR/FLEX
123236-104117,TE,Joshua,Joshua Simon,Simon,,0,4000,ATL@NO,ATL,NO,,,,,,TE/FLEX
123236-69302,TE,Feleipe,Feleipe Franks,Franks,0.06666666766007741,3,4000,ATL@NO,ATL,NO,,,,,,TE/FLEX
123236-61112,TE,Josiah,Josiah Deguara,Deguara,0.9666666984558105,3,4000,JAC@ARI,ARI,JAC,,,,,,TE/FLEX
123236-110274,WR,Bub,Bub Means,Means,5.574999809265137,4,4000,ATL@NO,NO,ATL,IR,Lower leg,,,,WR/FLEX
123236-193226,TE,Mason,Mason Pline,Pline,,0,4000,ATL@NO,NO,ATL,IR,Upper body,,,,TE/FLEX
123236-158412,RB,Braelon,Braelon Allen,Allen,3.575000047683716,4,4000,NYJ@BAL,NYJ,BAL,IR,Knee - mcl,,,,RB/FLEX
123236-156374,TE,Tre,Tre Watson,Watson,,0,4000,IND@KC,KC,IND,,,,,,TE/FLEX
123236-86747,WR,Dylan,Dylan Drummond,Drummond,,0,4000,ATL@NO,ATL,NO,,,,,,WR/FLEX
123236-92890,WR,Cody,Cody White,White,3.125,4,4000,SEA@TEN,SEA,TEN,,,,,,WR/FLEX
123236-111325,RB,Ulysses,Ulysses Bentley IV,Bentley IV,0,1,4000,IND@KC,IND,KC,,,,,,RB/FLEX
123236-147168,WR,Chris,Chris Blair,Blair,1.100000023841858,2,4000,ATL@NO,ATL,NO,,,,,,WR/FLEX
123236-29411,TE,Pharaoh,Pharaoh Brown,Brown,1.0625,8,4000,JAC@ARI,ARI,JAC,,,,,,TE/FLEX
123236-104165,RB,Lew,Lew Nichols,Nichols,0,1,4000,PIT@CHI,PIT,CHI,,,,,,RB/FLEX
123236-86762,TE,Jack,Jack Westover,Westover,0,1,4000,NE@CIN,NE,CIN,,,,,,TE/FLEX
123236-85741,RB,Clyde,Clyde Edwards-Helaire,Edwards-Helaire,0.5,1,4000,IND@KC,KC,IND,,,,,,RB/FLEX
123236-40687,RB,James,James Conner,Conner,9.766666412353516,3,4000,JAC@ARI,ARI,JAC,IR,Foot,,,,RB/FLEX
123236-131835,WR,Efton,Efton Chism III,Chism III,0,5,4000,NE@CIN,NE,CIN,,,,,,WR/FLEX
123236-86778,TE,Devin,Devin Culp,Culp,3.7666667302449546,3,4000,TB@LAR,TB,LAR,,,,,,TE/FLEX
123236-86780,RB,Salvon,Salvon Ahmed,Ahmed,,0,4000,IND@KC,IND,KC,IR,Ankle,,,,RB/FLEX
123236-137990,TE,Tip,Tip Reiman,Reiman,1.099999984105428,3,4000,JAC@ARI,ARI,JAC,IR,Ankle,,,,TE/FLEX
123236-136970,WR,Danny,Danny Gray,Gray,0,1,4000,PHI@DAL,PHI,DAL,,,,,,WR/FLEX
123236-156426,RB,Brock,Brock Lampe,Lampe,,0,4000,NE@CIN,NE,CIN,IR,Undisclosed,,,,RB/FLEX
123236-103187,RB,Roschon,Roschon Johnson,Johnson,0.5666666825612386,3,4000,PIT@CHI,CHI,PIT,,,,,,RB/FLEX
123236-103192,TE,Jared,Jared Wiley,Wiley,0.6000000238418579,2,4000,IND@KC,KC,IND,,,,,,TE/FLEX
123236-87844,TE,Brady,Brady Russell,Russell,0,2,4000,SEA@TEN,SEA,TEN,,,,,,TE/FLEX
123236-138028,RB,Kalel,Kalel Mullings,Mullings,,0,4000,SEA@TEN,TEN,SEA,IR,Ankle,,,,RB/FLEX
123236-55088,WR,Malik,Malik Turner,Turner,0,1,4000,CAR@SF,SF,CAR,,,,,,WR/FLEX
123236-92976,WR,Tutu,Tutu Atwell,Atwell,4.8799999237060545,5,4000,TB@LAR,LAR,TB,IR,Hamstring,,,,WR/FLEX
123236-90933,RB,Antonio,Antonio Gibson,Gibson,4.44000015258789,5,4000,NE@CIN,NE,CIN,IR,Knee - acl,,,,RB/FLEX
123236-137017,TE,Drake,Drake Dabney,Dabney,,0,4000,MIN@GB,GB,MIN,,,,,,TE/FLEX
123236-91971,RB,Ronnie,Ronnie Rivers,Rivers,2.075000047683716,8,4000,TB@LAR,LAR,TB,,,,,,RB/FLEX
123236-119619,WR,Traeshon,Traeshon Holden,Holden,,0,4000,PHI@DAL,DAL,PHI,,,,,,WR/FLEX
123236-158540,WR,Hal,Hal Presley III,Presley III,,0,4000,SEA@TEN,TEN,SEA,,,,,,WR/FLEX
123236-120657,RB,Kendre,Kendre Miller,Miller,4.399999891008649,7,4000,ATL@NO,NO,ATL,IR,Knee - acl,,,,RB/FLEX
123236-201553,WR,John,John Jiles,Jiles,,0,4000,NE@CIN,NE,CIN,,,,,,WR/FLEX
123236-91989,RB,Jordan,Jordan Mims,Mims,2.8714286259242465,7,4000,SEA@TEN,TEN,SEA,,,,,,RB/FLEX
123236-104278,TE,Donald,Donald Parham Jr.,Parham Jr.,,0,4000,PIT@CHI,PIT,CHI,IR,Achilles,,,,TE/FLEX
123236-61273,WR,Scotty,Scotty Miller,Miller,0.699999988079071,2,4000,PIT@CHI,PIT,CHI,,,,,,WR/FLEX
123236-93023,RB,Jermar,Jermar Jefferson,Jefferson,1.850000023841858,2,4000,JAC@ARI,ARI,JAC,,,,,,RB/FLEX
123236-201564,TE,Cam,Cam Grandy,Grandy,1.100000023841858,1,4000,NE@CIN,CIN,NE,,,,,,TE/FLEX
123236-66402,TE,Jack,Jack Driscoll,Driscoll,0,1,4000,PIT@CHI,PIT,CHI,,,,,,TE/FLEX
123236-93026,TE,Teagan,Teagan Quitoriano,Quitoriano,0,2,4000,ATL@NO,ATL,NO,,,,,,TE/FLEX
123236-114530,WR,Jacob,Jacob Cowing,Cowing,0.5799999872843424,15,4000,CAR@SF,SF,CAR,IR,Hamstring,,,,WR/FLEX
123236-70501,RB,C.J.,C.J. Ham,Ham,0.3333333333333333,3,4000,MIN@GB,MIN,GB,,,,,,RB/FLEX
123236-114532,RB,Deion,Deion Hankins,Hankins,,0,4000,PIT@CHI,CHI,PIT,IR,Quadriceps,,,,RB/FLEX
123236-169834,WR,Dareke,Dareke Young,Young,1.1600000381469726,5,4000,SEA@TEN,SEA,TEN,IR,Quadriceps,,,,WR/FLEX
123236-53097,WR,Josh,Josh Reynolds,Reynolds,3.5200000762939454,5,4000,NYJ@BAL,NYJ,BAL,IR,Hip,,,,WR/FLEX
123236-156523,RB,Carson,Carson Steele,Steele,1.569230739886944,13,4000,IND@KC,KC,IND,,,,,,RB/FLEX
123236-120684,WR,Garrett,Garrett Greene,Greene,,0,4000,TB@LAR,TB,LAR,,,,,,WR/FLEX
123236-156527,WR,Devontez,Devontez Walker,Walker,9.75,2,4000,NYJ@BAL,BAL,NYJ,,,,,,WR/FLEX
123236-120694,WR,Ja'Lynn,Ja'Lynn Polk,Polk,2.053846212533804,13,4000,ATL@NO,NO,ATL,IR,Shoulder,,,,WR/FLEX
123236-119672,RB,Kendall,Kendall Milton,Milton,0.20000000298023224,1,4000,NE@CIN,CIN,NE,,,,,,RB/FLEX
123236-184184,WR,Travis,Travis Hunter,Hunter,7.5428570338657925,7,4000,JAC@ARI,JAC,ARI,IR,Knee,,,,WR/FLEX
123236-114557,WR,Cornelius,Cornelius Johnson,Johnson,,0,4000,NYJ@BAL,BAL,NYJ,,,,,,WR/FLEX
123236-134014,WR,Jordan,Jordan Watkins,Watkins,1.7999999523162842,2,4000,CAR@SF,SF,CAR,,,,,,WR/FLEX
123236-94087,RB,DeeJay,DeeJay Dallas,Dallas,0,2,4000,CAR@SF,CAR,SF,,,,,,RB/FLEX
123236-103302,WR,Courtney,Courtney Jackson,Jackson,,0,4000,SEA@TEN,SEA,TEN,,,,,,WR/FLEX
123236-23435,TE,Andrew,Andrew DePaola,DePaola,,0,4000,MIN@GB,MIN,GB,,,,,,TE/FLEX
123236-64405,WR,Dan,Dan Chisena,Chisena,1.2999999523162842,4,4000,CAR@SF,CAR,SF,,,,,,WR/FLEX
123236-92056,TE,Cal,Cal Adomitis,Adomitis,0,1,4000,PHI@DAL,PHI,DAL,,,,,,TE/FLEX
123236-28570,TE,Nick,Nick Vannett,Vannett,3.3333333333333335,12,4000,MIN@GB,MIN,GB,,,,,,TE/FLEX
123236-114591,TE,William,William Wagner,Wagner,,0,4000,NE@CIN,CIN,NE,,,,,,TE/FLEX
123236-94116,TE,Will,Will Mallory,Mallory,0.612500011920929,8,4000,IND@KC,IND,KC,,,,,,TE/FLEX
123236-119722,WR,Johnny,Johnny Wilson,Wilson,1.2300000190734863,10,4000,PHI@DAL,PHI,DAL,IR,Knee,,,,WR/FLEX
123236-167849,TE,Zach,Zach Horton,Horton,,0,4000,NYG@DET,DET,NYG,,,,,,TE/FLEX
123236-45997,WR,Keith,Keith Kirkwood,Kirkwood,,0,4000,NYJ@BAL,BAL,NYJ,,,,,,WR/FLEX
123236-91055,WR,Kevin,Kevin Austin Jr.,Austin Jr.,0,1,4000,ATL@NO,NO,ATL,,,,,,WR/FLEX
123236-175021,RB,Jordan,Jordan James,James,,0,4000,CAR@SF,SF,CAR,,,,,,RB/FLEX
123236-137139,WR,Myles,Myles Price,Price,-0.4,10,4000,MIN@GB,MIN,GB,,,,,,WR/FLEX
123236-72627,RB,Patrick,Patrick Taylor Jr.,Taylor Jr.,6.259999847412109,5,4000,CAR@SF,SF,CAR,IR,Shoulder,,,,RB/FLEX
123236-119730,WR,Jimmy,Jimmy Holiday,Holiday,,0,4000,IND@KC,KC,IND,,,,,,WR/FLEX
123236-156596,RB,Jarquez,Jarquez Hunter,Hunter,,0,4000,TB@LAR,LAR,TB,,,,,,RB/FLEX
123236-56262,WR,Parris,Parris Campbell,Campbell,2.4,5,4000,PHI@DAL,DAL,PHI,,,,,,WR/FLEX
123236-152522,RB,Phil,Phil Mafah,Mafah,,0,4000,PHI@DAL,DAL,PHI,IR,Shoulder,,,,RB/FLEX
123236-56265,TE,Mike,Mike Gesicki,Gesicki,2.0200000762939454,5,4000,NE@CIN,CIN,NE,IR,Pectoral,,,,TE/FLEX
123236-183240,RB,Cam,Cam Skattebo,Skattebo,14.462499618530273,8,4000,NYG@DET,NYG,DET,IR,Ankle,,,,RB/FLEX
123236-152526,TE,Jake,Jake Briningstool,Briningstool,,0,4000,IND@KC,KC,IND,IR,Hamstring,,,,TE/FLEX
123236-73687,WR,Quez,Quez Watkins,Watkins,,0,4000,PHI@DAL,PHI,DAL,Q,Undisclosed,,,,WR/FLEX
123236-152537,WR,Tai,Tai Felton,Felton,0.3499999940395355,4,4000,MIN@GB,MIN,GB,,,,,,WR/FLEX
123236-152540,TE,CJ,CJ Dippre,Dippre,,0,4000,NE@CIN,NE,CIN,,,,,,TE/FLEX
123236-54239,TE,Matt,Matt Sokol,Sokol,,0,4000,PIT@CHI,PIT,CHI,,,,,,TE/FLEX
123236-85986,TE,James,James Mitchell,Mitchell,2.1500000953674316,2,4000,CAR@SF,CAR,SF,,,,,,TE/FLEX
123236-71662,WR,DJ,DJ Turner,Turner,3.258333206176758,12,4000,CLE@LV,LV,CLE,,,,,,WR/FLEX
123236-138221,WR,Ricky,Ricky White III,White III,,0,4000,SEA@TEN,SEA,TEN,,,,,,WR/FLEX
123236-96254,TE,Nick,Nick Muse,Muse,0,2,4000,TB@LAR,LAR,TB,,,,,,TE/FLEX
123236-12536,D,Kansas City,Kansas City Chiefs,Chiefs,6.2,10,3900,IND@KC,KC,IND,,,,,,DEF
123236-12525,D,Atlanta,Atlanta Falcons,Falcons,6.6,10,3800,ATL@NO,ATL,NO,,,,,,DEF
123236-12537,D,Las Vegas,Las Vegas Raiders,Raiders,4.3,10,3700,CLE@LV,LV,CLE,,,,,,DEF
123236-12540,D,Minnesota,Minnesota Vikings,Vikings,6.3,10,3600,MIN@GB,MIN,GB,,,,,,DEF
123236-12551,D,Tampa Bay,Tampa Bay Buccaneers,Buccaneers,7.3,10,3600,TB@LAR,TB,LAR,,,,,,DEF
123236-12544,D,New York,New York Jets,Jets,4.1,10,3500,NYJ@BAL,NYJ,BAL,,,,,,DEF
123236-12546,D,Arizona,Arizona Cardinals,Cardinals,5.9,10,3400,JAC@ARI,ARI,JAC,,,,,,DEF
123236-12530,D,Dallas,Dallas Cowboys,Cowboys,4.8,10,3300,PHI@DAL,DAL,PHI,,,,,,DEF
123236-12553,D,Carolina,Carolina Panthers,Panthers,5.2727272727272725,11,3300,CAR@SF,CAR,SF,,,,,,DEF
123236-12542,D,New Orleans,New Orleans Saints,Saints,5.6,10,3200,ATL@NO,NO,ATL,,,,,,DEF
123236-12543,D,New York,New York Giants,Giants,2.5454545454545454,11,3100,NYG@DET,NYG,DET,,,,,,DEF
123236-12528,D,Cincinnati,Cincinnati Bengals,Bengals,2.3,10,3000,NE@CIN,CIN,NE,,,,,,DEF
123236-12534,D,Tennessee,Tennessee Titans,Titans,6,10,3000,SEA@TEN,TEN,SEA,,,,,,DEF