Id,Position,First Name,Nickname,Last Name,FPPG,Played,Salary,Game,Team,Opponent,Injury Indicator,Injury Details,Tier,,,Roster Position
122185-89675,RB,Jonathan,Jonathan Taylor,Taylor,27.012500762939453,8,11000,IND@PIT,IND,PIT,,,,,,RB/FLEX
122185-85701,WR,Ja'Marr,Ja'Marr Chase,Chase,18.075000762939453,8,9700,CHI@CIN,CIN,CHI,,,,,,WR/FLEX
122185-129458,WR,Jaxon,Jaxon Smith-Njigba,Smith-Njigba,20.714285714285715,7,9600,SEA@WAS,SEA,WAS,,,,,,WR/FLEX
122185-103020,WR,Puka,Puka Nacua,Nacua,20.133333841959637,6,9500,NO@LAR,LAR,NO,,,,,,WR/FLEX
122185-55050,RB,Christian,Christian McCaffrey,McCaffrey,21.487499237060547,8,9500,SF@NYG,SF,NYG,,,,,,RB/FLEX
122185-72731,RB,Josh,Josh Jacobs,Jacobs,18.185714721679688,7,9400,CAR@GB,GB,CAR,,,,,,RB/FLEX
122185-86631,WR,CeeDee,CeeDee Lamb,Lamb,17.450000762939453,4,9100,ARI@DAL,DAL,ARI,,,,,,WR/FLEX
122185-86997,WR,Amon-Ra,Amon-Ra St. Brown,St. Brown,18.24285670689174,7,9100,MIN@DET,DET,MIN,,,,,,WR/FLEX
122185-136855,RB,Bijan,Bijan Robinson,Robinson,20.957142421177455,7,9000,ATL@NE,ATL,NE,,,,,,RB/FLEX
122185-129368,RB,Jahmyr,Jahmyr Gibbs,Gibbs,18.571428571428573,7,8900,MIN@DET,DET,MIN,,,,,,RB/FLEX
122185-62239,QB,Josh,Josh Allen,Allen,23.357142857142858,7,8900,KC@BUF,BUF,KC,,,,,,QB
122185-85671,WR,Justin,Justin Jefferson,Jefferson,13.299999782017299,7,8700,MIN@DET,MIN,DET,,,,,,WR/FLEX
122185-102785,QB,Jayden,Jayden Daniels,Daniels,19.467999267578126,5,8600,SEA@WAS,WAS,SEA,,,,,,QB
122185-57439,QB,Patrick,Patrick Mahomes,Mahomes,25.3700008392334,8,8500,KC@BUF,KC,BUF,,,,,,QB
122185-93541,RB,Javonte,Javonte Williams,Williams,17.825000762939453,8,8500,ARI@DAL,DAL,ARI,,,,,,RB/FLEX
122185-45889,WR,Davante,Davante Adams,Adams,13.942856924874443,7,8500,NO@LAR,LAR,NO,,,,,,WR/FLEX
122185-91626,RB,James,James Cook III,Cook III,20.599999564034597,7,8400,KC@BUF,BUF,KC,,,,,,RB/FLEX
122185-111311,WR,Rashee,Rashee Rice,Rice,20.350000381469727,2,8200,KC@BUF,KC,BUF,,,,,,WR/FLEX
122185-69189,QB,Justin,Justin Herbert,Herbert,22.049999237060547,8,8100,LAC@TEN,LAC,TEN,,,,,,QB
122185-120033,WR,Rome,Rome Odunze,Odunze,14.114286150251116,7,8000,CHI@CIN,CHI,CIN,,,,,,WR/FLEX
122185-102965,QB,Bo,Bo Nix,Nix,21.15250015258789,8,8000,DEN@HOU,DEN,HOU,,,,,,QB
122185-104433,RB,Kyren,Kyren Williams,Williams,14.257143293108259,7,8000,NO@LAR,LAR,NO,,,,,,RB/FLEX
122185-63519,QB,Daniel,Daniel Jones,Jones,21.135000228881836,8,7900,IND@PIT,IND,PIT,,,,,,QB
122185-91419,WR,Nico,Nico Collins,Collins,11.116666158040365,6,7900,DEN@HOU,HOU,DEN,,,,,,WR/FLEX
122185-133472,WR,Ladd,Ladd McConkey,McConkey,11.162500381469727,8,7800,LAC@TEN,LAC,TEN,,,,,,WR/FLEX
122185-152316,QB,Drake,Drake Maye,Maye,21.967500686645508,8,7800,ATL@NE,NE,ATL,,,,,,QB
122185-112745,WR,Drake,Drake London,London,13.65000025431315,6,7700,ATL@NE,ATL,NE,,,,,,WR/FLEX
122185-6654,QB,Matthew,Matthew Stafford,Stafford,20.34857177734375,7,7700,NO@LAR,LAR,NO,,,,,,QB
122185-128633,RB,Kimani,Kimani Vidal,Vidal,10.88000030517578,5,7700,LAC@TEN,LAC,TEN,,,,,,RB/FLEX
122185-31716,QB,Dak,Dak Prescott,Prescott,20.5575008392334,8,7700,ARI@DAL,DAL,ARI,,,,,,QB
122185-73048,WR,DK,DK Metcalf,Metcalf,13.228571210588727,7,7600,IND@PIT,PIT,IND,,,,,,WR/FLEX
122185-38435,QB,Jared,Jared Goff,Goff,17.64857155936105,7,7600,MIN@DET,DET,MIN,,,,,,QB
122185-57403,WR,Courtland,Courtland Sutton,Sutton,11.887499809265137,8,7500,DEN@HOU,DEN,HOU,,,,,,WR/FLEX
122185-69017,QB,Jordan,Jordan Love,Love,19.831429617745535,7,7500,CAR@GB,GB,CAR,,,,,,QB
122185-129210,WR,Jordan,Jordan Addison,Addison,14.850000381469727,4,7400,MIN@DET,MIN,DET,,,,,,WR/FLEX
122185-151966,QB,Jaxson,Jaxson Dart,Dart,15.694285801478795,7,7400,SF@NYG,NYG,SF,,,,,,QB
122185-110246,WR,George,George Pickens,Pickens,16.5,8,7400,ARI@DAL,DAL,ARI,,,,,,WR/FLEX
122185-63589,QB,Sam,Sam Darnold,Darnold,16.751428876604354,7,7300,SEA@WAS,SEA,WAS,,,,,,QB
122185-152113,QB,Caleb,Caleb Williams,Williams,17.491428920200892,7,7300,CHI@CIN,CHI,CIN,,,,,,QB
122185-87787,RB,J.K.,J.K. Dobbins,Dobbins,12.637499809265137,8,7300,DEN@HOU,DEN,HOU,,,,,,RB/FLEX
122185-89981,WR,Tee,Tee Higgins,Higgins,9.0625,8,7300,CHI@CIN,CIN,CHI,,,,,,WR/FLEX
122185-89493,RB,Chase,Chase Brown,Brown,10.800000190734863,8,7200,CHI@CIN,CIN,CHI,,,,,,RB/FLEX
122185-30231,QB,Jacoby,Jacoby Brissett,Brissett,11.164999961853027,4,7200,ARI@DAL,ARI,DAL,,,,,,QB
122185-6714,QB,Joe,Joe Flacco,Flacco,14.851428440638951,7,7200,CHI@CIN,CIN,CHI,Q,Shoulder - ac joint,,,,QB
122185-69213,WR,Michael,Michael Pittman Jr.,Pittman Jr.,13.012499809265137,8,7200,IND@PIT,IND,PIT,,,,,,WR/FLEX
122185-56018,WR,Deebo,Deebo Samuel Sr.,Samuel Sr.,11.385713849748884,7,7200,SEA@WAS,WAS,SEA,,,,,,WR/FLEX
122185-63484,QB,Kyler,Kyler Murray,Murray,16.155999755859376,5,7200,ARI@DAL,ARI,DAL,Q,Foot,,,,QB
122185-90584,QB,Mac,Mac Jones,Jones,17.09666697184245,6,7100,SF@NYG,SF,NYG,,,,,,QB
122185-85607,QB,Brock,Brock Purdy,Purdy,20.719999313354492,2,7100,SF@NYG,SF,NYG,Q,Toe,,,,QB
122185-87770,WR,Chris,Chris Olave,Olave,11.625,8,7100,NO@LAR,NO,LAR,,,,,,WR/FLEX
122185-167031,RB,Ashton,Ashton Jeanty,Jeanty,13.085714067731585,7,7000,JAC@LV,LV,JAC,,,,,,RB/FLEX
122185-91750,TE,Trey,Trey McBride,McBride,12.799999782017299,7,7000,ARI@DAL,ARI,DAL,,,,,,TE/FLEX
122185-6894,QB,Aaron,Aaron Rodgers,Rodgers,17.48000008719308,7,7000,IND@PIT,PIT,IND,,,,,,QB
122185-120639,WR,Quentin,Quentin Johnston,Johnston,13.90000025431315,6,7000,LAC@TEN,LAC,TEN,,,,,,WR/FLEX
122185-151745,WR,Brian,Brian Thomas Jr.,Thomas Jr.,9.085714067731585,7,6900,JAC@LV,JAC,LV,,,,,,WR/FLEX
122185-91598,RB,D'Andre,D'Andre Swift,Swift,15.514285496303014,7,6900,CHI@CIN,CHI,CIN,O,Groin,,,,RB/FLEX
122185-29358,QB,Marcus,Marcus Mariota,Mariota,13.9399995803833,4,6900,SEA@WAS,WAS,SEA,,,,,,QB
122185-89951,QB,Trevor,Trevor Lawrence,Lawrence,16.72857121058873,7,6900,JAC@LV,JAC,LV,,,,,,QB
122185-151794,TE,Brock,Brock Bowers,Bowers,9.25,4,6800,JAC@LV,LV,JAC,,,,,,TE/FLEX
122185-158974,WR,Xavier,Xavier Worthy,Worthy,7.733333587646484,6,6800,KC@BUF,KC,BUF,,,,,,WR/FLEX
122185-129471,QB,C.J.,C.J. Stroud,Stroud,17.802857535226003,7,6800,DEN@HOU,HOU,DEN,,,,,,QB
122185-89956,RB,Travis,Travis Etienne Jr.,Etienne Jr.,12.914285932268415,7,6800,JAC@LV,JAC,LV,,,,,,RB/FLEX
122185-103342,RB,Kenneth,Kenneth Walker III,Walker III,10.585714067731585,7,6800,SEA@WAS,SEA,WAS,,,,,,RB/FLEX
122185-56250,WR,Terry,Terry McLaurin,McLaurin,8.199999809265137,4,6800,SEA@WAS,WAS,SEA,O,Quadriceps,,,,WR/FLEX
122185-42104,RB,Alvin,Alvin Kamara,Kamara,8.5625,8,6700,NO@LAR,NO,LAR,Q,Ankle,,,,RB/FLEX
122185-137530,TE,Tyler,Tyler Warren,Warren,11.537500381469727,8,6700,IND@PIT,IND,PIT,,,,,,TE/FLEX
122185-89680,TE,Jake,Jake Ferguson,Ferguson,11.862500190734863,8,6700,ARI@DAL,DAL,ARI,,,,,,TE/FLEX
122185-167620,WR,Tetairoa,Tetairoa McMillan,McMillan,10.587499618530273,8,6700,CAR@GB,CAR,GB,,,,,,WR/FLEX
122185-152575,QB,J.J.,J.J. McCarthy,McCarthy,14.020000457763672,2,6700,MIN@DET,MIN,DET,,,,,,QB
122185-152651,WR,Marvin,Marvin Harrison Jr.,Harrison Jr.,9.085714067731585,7,6600,ARI@DAL,ARI,DAL,,,,,,WR/FLEX
122185-29253,WR,Keenan,Keenan Allen,Allen,12.362500190734863,8,6600,LAC@TEN,LAC,TEN,,,,,,WR/FLEX
122185-88797,QB,Michael,Michael Penix Jr.,Penix Jr.,14.110000610351562,6,6600,ATL@NE,ATL,NE,,,,,,QB
122185-86875,RB,Jordan,Jordan Mason,Mason,10.285714285714286,7,6600,MIN@DET,MIN,DET,,,,,,RB/FLEX
122185-111631,WR,Jameson,Jameson Williams,Williams,7.5,7,6500,MIN@DET,DET,MIN,,,,,,WR/FLEX
122185-112057,RB,Jaylen,Jaylen Warren,Warren,12.550000508626303,6,6500,IND@PIT,PIT,IND,,,,,,RB/FLEX
122185-117178,RB,Jacory,Jacory Croskey-Merritt,Croskey-Merritt,9.087499618530273,8,6500,SEA@WAS,WAS,SEA,,,,,,RB/FLEX
122185-119606,QB,Bryce,Bryce Young,Young,14.345714024135045,7,6500,CAR@GB,CAR,GB,,,,,,QB
122185-26483,QB,Geno,Geno Smith,Smith,12.41142817905971,7,6500,JAC@LV,LV,JAC,,,,,,QB
122185-14225,QB,Andy,Andy Dalton,Dalton,2.630000114440918,4,6500,CAR@GB,CAR,GB,Q,Thumb,,,,QB
122185-88431,QB,Tyler,Tyler Shough,Shough,2.6600000858306885,2,6400,NO@LAR,NO,LAR,,,,,,QB
122185-168356,QB,Cam,Cam Ward,Ward,9.074999809265137,8,6400,LAC@TEN,TEN,LAC,,,,,,QB
122185-63043,WR,DJ,DJ Moore,Moore,7.685714176722935,7,6400,CHI@CIN,CHI,CIN,,,,,,WR/FLEX
122185-72297,RB,Rico,Rico Dowdle,Dowdle,12.887499809265137,8,6400,CAR@GB,CAR,GB,,,,,,RB/FLEX
122185-70324,QB,Carson,Carson Wentz,Wentz,16.267999267578126,5,6400,MIN@DET,MIN,DET,IR,Shoulder,,,,QB
122185-158438,TE,Oronde,Oronde Gadsden II,Gadsden II,10.833333333333334,6,6400,LAC@TEN,LAC,TEN,,,,,,TE/FLEX
122185-111557,QB,Spencer,Spencer Rattler,Rattler,12.954999923706055,8,6400,NO@LAR,NO,LAR,,,,,,QB
122185-200653,QB,Max,Max Brosmer,Brosmer,0.5266666809717814,3,6400,MIN@DET,MIN,DET,,,,,,QB
122185-94370,WR,Romeo,Romeo Doubs,Doubs,10.642857142857142,7,6300,CAR@GB,GB,CAR,,,,,,WR/FLEX
122185-61798,QB,Gardner,Gardner Minshew II,Minshew II,-0.30000001192092896,2,6300,KC@BUF,KC,BUF,,,,,,QB
122185-87467,RB,Chuba,Chuba Hubbard,Hubbard,10.916666666666666,6,6300,CAR@GB,CAR,GB,,,,,,RB/FLEX
122185-22038,QB,Kirk,Kirk Cousins,Cousins,4.139999866485596,2,6300,ATL@NE,ATL,NE,,,,,,QB
122185-87691,QB,Malik,Malik Willis,Willis,7.399999891008649,7,6300,CAR@GB,GB,CAR,,,,,,QB
122185-8023,QB,Josh,Josh Johnson,Johnson,0.19499999284744263,4,6300,SEA@WAS,WAS,SEA,,,,,,QB
122185-92020,QB,Kenny,Kenny Pickett,Pickett,-1.6799999475479126,1,6300,JAC@LV,LV,JAC,,,,,,QB
122185-120105,QB,Will,Will Howard,Howard,,0,6200,IND@PIT,PIT,IND,IR,Hand,,,,QB
122185-92575,RB,Isiah,Isiah Pacheco,Pacheco,6.837500095367432,8,6200,KC@BUF,KC,BUF,O,Knee - mcl,,,,RB/FLEX
122185-53729,QB,Mason,Mason Rudolph,Rudolph,0.23999999463558197,2,6200,IND@PIT,PIT,IND,,,,,,QB
122185-25079,WR,Stefon,Stefon Diggs,Diggs,10,8,6200,ATL@NE,NE,ATL,,,,,,WR/FLEX
122185-160303,TE,Tucker,Tucker Kraft,Kraft,14.885713849748884,7,6200,CAR@GB,GB,CAR,,,,,,TE/FLEX
122185-86793,QB,Jake,Jake Haener,Haener,1.7799999713897705,8,6200,NO@LAR,NO,LAR,,,,,,QB
122185-61593,WR,Jauan,Jauan Jennings,Jennings,6.366666793823242,6,6100,SF@NYG,SF,NYG,,,,,,WR/FLEX
122185-86518,WR,Khalil,Khalil Shakir,Shakir,9.942856924874443,7,6100,KC@BUF,BUF,KC,,,,,,WR/FLEX
122185-73273,RB,David,David Montgomery,Montgomery,11.674285888671875,7,6100,MIN@DET,DET,MIN,,,,,,RB/FLEX
122185-103376,RB,Zach,Zach Charbonnet,Charbonnet,9.516666412353516,6,6100,SEA@WAS,SEA,WAS,,,,,,RB/FLEX
122185-86081,QB,Emory,Emory Jones,Jones,,0,6000,ATL@NE,ATL,NE,IR,Concussion,,,,QB
122185-52342,QB,Will,Will Grier,Grier,,0,6000,ARI@DAL,DAL,ARI,,,,,,QB
122185-86153,RB,Tyrone,Tyrone Tracy Jr.,Tracy Jr.,5.616666793823242,6,6000,SF@NYG,NYG,SF,,,,,,RB/FLEX
122185-103591,QB,Graham,Graham Mertz,Mertz,,0,6000,DEN@HOU,HOU,DEN,,,,,,QB
122185-86200,QB,Sean,Sean Clifford,Clifford,,0,6000,CHI@CIN,CIN,CHI,,,,,,QB
122185-149696,QB,Trey,Trey Lance,Lance,2.859999895095825,1,6000,LAC@TEN,LAC,TEN,,,,,,QB
122185-93382,QB,Aidan,Aidan O'Connell,O'Connell,11.164444817437065,9,6000,JAC@LV,LV,JAC,IR,Wrist,,,,QB
122185-69833,QB,Shane,Shane Buechele,Buechele,,0,6000,KC@BUF,BUF,KC,,,,,,QB
122185-86243,QB,Will,Will Levis,Levis,10.995000203450521,12,6000,LAC@TEN,TEN,LAC,IR,Shoulder,,,,QB
122185-91390,QB,Joe,Joe Milton III,Milton III,3.4800000190734863,2,6000,ARI@DAL,DAL,ARI,,,,,,QB
122185-24849,QB,Jameis,Jameis Winston,Winston,13.830909035422586,11,6000,SF@NYG,NYG,SF,,,,,,QB
122185-129315,QB,Anthony,Anthony Richardson Sr.,Richardson Sr.,0.8299999833106995,2,6000,IND@PIT,IND,PIT,IR,Orbital,,,,QB
122185-54604,QB,Jimmy,Jimmy Garoppolo,Garoppolo,-0.30000001192092896,1,6000,NO@LAR,LAR,NO,,,,,,QB
122185-27986,QB,C.J.,C.J. Beathard,Beathard,,0,6000,MIN@DET,DET,MIN,,,,,,QB
122185-102796,WR,Ricky,Ricky Pearsall,Pearsall,12.074999809265137,4,6000,SF@NYG,SF,NYG,O,Knee - pcl,,,,WR/FLEX
122185-92560,QB,Sam,Sam Ehlinger,Ehlinger,0,1,6000,DEN@HOU,DEN,HOU,,,,,,QB
122185-103824,QB,Easton,Easton Stick,Stick,,0,6000,ATL@NE,ATL,NE,,,,,,QB
122185-60840,QB,Jake,Jake Browning,Browning,14.045000076293945,4,6000,CHI@CIN,CIN,CHI,,,,,,QB
122185-185776,QB,Tyson,Tyson Bagent,Bagent,1.7799999713897705,1,6000,CHI@CIN,CHI,CIN,,,,,,QB
122185-91583,QB,Stetson,Stetson Bennett IV,Bennett IV,0,1,6000,NO@LAR,LAR,NO,,,,,,QB
122185-31170,QB,Brandon,Brandon Allen,Allen,2.7866665522257485,3,6000,LAC@TEN,TEN,LAC,,,,,,QB
122185-22994,QB,Case,Case Keenum,Keenum,,0,6000,CHI@CIN,CHI,CIN,,,,,,QB
122185-40407,QB,Joshua,Joshua Dobbs,Dobbs,0.03999999910593033,2,6000,ATL@NE,NE,ATL,,,,,,QB
122185-22015,QB,Russell,Russell Wilson,Wilson,10.568000030517577,5,6000,SF@NYG,NYG,SF,,,,,,QB
122185-60947,QB,Jarrett,Jarrett Stidham,Stidham,-0.10000000149011612,1,6000,DEN@HOU,DEN,HOU,,,,,,QB
122185-102933,QB,Kedon,Kedon Slovis,Slovis,,0,6000,ARI@DAL,ARI,DAL,,,,,,QB
122185-89628,QB,Davis,Davis Mills,Mills,1.2200000286102295,1,6000,DEN@HOU,HOU,DEN,,,,,,QB
122185-94748,QB,Tommy,Tommy DeVito,DeVito,6.739999771118164,2,6000,ATL@NE,NE,ATL,,,,,,QB
122185-87594,QB,Sam,Sam Hartman,Hartman,,0,6000,SEA@WAS,WAS,SEA,,,,,,QB
122185-64051,QB,Drew,Drew Lock,Lock,0.5,1,6000,SEA@WAS,SEA,WAS,,,,,,QB
122185-208467,QB,Cam,Cam Miller,Miller,,0,6000,JAC@LV,LV,JAC,,,,,,QB
122185-40534,QB,Mike,Mike White,White,1.1200000047683716,1,6000,CAR@GB,CAR,GB,,,,,,QB
122185-41562,QB,Nick,Nick Mullens,Mullens,0.33000001311302185,4,6000,JAC@LV,JAC,LV,,,,,,QB
122185-69294,QB,Skylar,Skylar Thompson,Thompson,2.626666704813639,3,6000,IND@PIT,PIT,IND,IR,Hamstring,,,,QB
122185-73398,QB,Chris,Chris Oladokun,Oladokun,0.25,2,6000,KC@BUF,KC,BUF,,,,,,QB
122185-90813,QB,Clayton,Clayton Tune,Tune,-0.3466666539510091,6,6000,CAR@GB,GB,CAR,,,,,,QB
122185-38628,QB,Mitchell,Mitchell Trubisky,Trubisky,0.9300000071525574,2,6000,KC@BUF,BUF,KC,,,,,,QB
122185-61157,QB,Brett,Brett Rypien,Rypien,0,1,6000,IND@PIT,IND,PIT,,,,,,QB
122185-28434,QB,Trevor,Trevor Siemian,Siemian,,0,6000,LAC@TEN,TEN,LAC,,,,,,QB
122185-92975,QB,Malik,Malik Cunningham,Cunningham,,0,6000,MIN@DET,DET,MIN,,,,,,QB
122185-154450,QB,Riley,Riley Leonard,Leonard,0.10000000149011612,1,6000,IND@PIT,IND,PIT,,,,,,QB
122185-154462,QB,Jalen,Jalen Milroe,Milroe,-0.5333333412806193,3,6000,SEA@WAS,SEA,WAS,,,,,,QB
122185-90981,QB,Adrian,Adrian Martinez,Martinez,,0,6000,SF@NYG,SF,NYG,,,,,,QB
122185-53095,QB,Kyle,Kyle Allen,Allen,-0.20000000298023224,1,6000,MIN@DET,DET,MIN,,,,,,QB
122185-63336,QB,Joe,Joe Burrow,Burrow,7.929999828338623,2,6000,CHI@CIN,CIN,CHI,IR,Toe,,,,QB
122185-88937,QB,Carter,Carter Bradley,Bradley,,0,6000,JAC@LV,JAC,LV,,,,,,QB
122185-39793,TE,George,George Kittle,Kittle,7.599999745686849,3,6000,SF@NYG,SF,NYG,,,,,,TE/FLEX
122185-184184,WR,Travis,Travis Hunter,Hunter,7.5428570338657925,7,6000,JAC@LV,JAC,LV,IR,Knee,,,,WR/FLEX
122185-85983,QB,Hendon,Hendon Hooker,Hooker,0.6700000166893005,4,6000,CAR@GB,CAR,GB,,,,,,QB
122185-129010,QB,DJ,DJ Uiagalelei,Uiagalelei,,0,6000,LAC@TEN,LAC,TEN,,,,,,QB
122185-103539,WR,Wan'Dale,Wan'Dale Robinson,Robinson,10.449999809265137,8,5900,SF@NYG,NYG,SF,,,,,,WR/FLEX
122185-45229,RB,Kareem,Kareem Hunt,Hunt,8.024999618530273,8,5900,KC@BUF,KC,BUF,,,,,,RB/FLEX
122185-151903,WR,Troy,Troy Franklin,Franklin,9.949999809265137,8,5900,DEN@HOU,DEN,HOU,,,,,,WR/FLEX
122185-138774,RB,Woody,Woody Marks,Marks,8.914285932268415,7,5900,DEN@HOU,HOU,DEN,,,,,,RB/FLEX
122185-103252,RB,Zonovan,Zonovan Knight,Knight,5.740000152587891,5,5900,ARI@DAL,ARI,DAL,,,,,,RB/FLEX
122185-119653,WR,Kayshon,Kayshon Boutte,Boutte,10.949999809265137,8,5900,ATL@NE,NE,ATL,,,,,,WR/FLEX
122185-166916,WR,Matthew,Matthew Golden,Golden,5.757142748151507,7,5800,CAR@GB,GB,CAR,,,,,,WR/FLEX
122185-103547,WR,Luke,Luke McCaffrey,McCaffrey,5.724999904632568,8,5800,SEA@WAS,WAS,SEA,,,,,,WR/FLEX
122185-129305,WR,Josh,Josh Downs,Downs,7.442856924874442,7,5800,IND@PIT,IND,PIT,,,,,,WR/FLEX
122185-170287,WR,Rashid,Rashid Shaheed,Shaheed,9.512499809265137,8,5800,NO@LAR,NO,LAR,Q,Hip,,,,WR/FLEX
122185-33076,TE,Travis,Travis Kelce,Kelce,10.487500190734863,8,5800,KC@BUF,KC,BUF,,,,,,TE/FLEX
122185-110484,RB,RJ,RJ Harvey,Harvey,8.8125,8,5800,DEN@HOU,DEN,HOU,,,,,,RB/FLEX
122185-111540,RB,Rhamondre,Rhamondre Stevenson,Stevenson,8.350000381469727,8,5800,ATL@NE,NE,ATL,O,Toe,,,,RB/FLEX
122185-87127,RB,Chris,Chris Rodriguez Jr.,Rodriguez Jr.,3.5799999237060547,5,5700,SEA@WAS,WAS,SEA,,,,,,RB/FLEX
122185-69777,WR,Darnell,Darnell Mooney,Mooney,4.259999847412109,5,5700,ATL@NE,ATL,NE,,,,,,WR/FLEX
122185-86312,WR,Alec,Alec Pierce,Pierce,7.933333079020183,6,5700,IND@PIT,IND,PIT,,,,,,WR/FLEX
122185-53562,RB,Nick,Nick Chubb,Chubb,7.785714285714286,7,5700,DEN@HOU,HOU,DEN,,,,,,RB/FLEX
122185-40442,RB,Aaron,Aaron Jones Sr.,Jones Sr.,6.833333333333333,3,5700,MIN@DET,MIN,DET,,,,,,RB/FLEX
122185-169776,WR,Christian,Christian Watson,Watson,10.5,1,5700,CAR@GB,GB,CAR,,,,,,WR/FLEX
122185-155775,RB,Brashard,Brashard Smith,Smith,3.3375000953674316,8,5600,KC@BUF,KC,BUF,,,,,,RB/FLEX
122185-90428,RB,Tyler,Tyler Allgeier,Allgeier,7.028571537562779,7,5600,ATL@NE,ATL,NE,,,,,,RB/FLEX
122185-56648,RB,Jeremy,Jeremy McNichols,McNichols,5.600000108991351,7,5600,SEA@WAS,WAS,SEA,,,,,,RB/FLEX
122185-60858,WR,Christian,Christian Kirk,Kirk,5.299999872843425,3,5600,DEN@HOU,HOU,DEN,,,,,,WR/FLEX
122185-89612,WR,Michael,Michael Wilson,Wilson,3.8714286259242465,7,5600,ARI@DAL,ARI,DAL,,,,,,WR/FLEX
122185-90870,WR,Calvin,Calvin Austin III,Austin III,7.1400001525878904,5,5600,IND@PIT,PIT,IND,,,,,,WR/FLEX
122185-147315,WR,Jayden,Jayden Higgins,Higgins,4.857142857142857,7,5600,DEN@HOU,HOU,DEN,,,,,,WR/FLEX
122185-105646,TE,Sam,Sam LaPorta,LaPorta,8.62857164655413,7,5500,MIN@DET,DET,MIN,,,,,,TE/FLEX
122185-103619,WR,Tre,Tre Tucker,Tucker,11.900000435965401,7,5500,JAC@LV,LV,JAC,,,,,,WR/FLEX
122185-63759,RB,Tony,Tony Pollard,Pollard,9.0625,8,5500,LAC@TEN,TEN,LAC,,,,,,RB/FLEX
122185-63819,WR,Darius,Darius Slayton,Slayton,4.033333460489909,6,5500,SF@NYG,NYG,SF,,,,,,WR/FLEX
122185-93539,RB,Michael,Michael Carter,Carter,6.974999904632568,4,5500,ARI@DAL,ARI,DAL,,,,,,RB/FLEX
122185-90912,RB,Kenneth,Kenneth Gainwell,Gainwell,8.285714285714286,7,5500,IND@PIT,PIT,IND,,,,,,RB/FLEX
122185-110457,WR,Dontayvion,Dontayvion Wicks,Wicks,3.316666603088379,6,5500,CAR@GB,GB,CAR,O,Calf,,,,WR/FLEX
122185-64555,WR,Calvin,Calvin Ridley,Ridley,6.666666666666667,6,5400,LAC@TEN,TEN,LAC,O,Hamstring,,,,WR/FLEX
122185-79970,WR,Cooper,Cooper Kupp,Kupp,6.614285605294364,7,5400,SEA@WAS,SEA,WAS,Q,Hamstring,,,,WR/FLEX
122185-63634,WR,Jakobi,Jakobi Meyers,Meyers,7.900000254313151,6,5400,JAC@LV,LV,JAC,,,,,,WR/FLEX
122185-145558,TE,Dalton,Dalton Kincaid,Kincaid,10.416666666666666,6,5400,KC@BUF,BUF,KC,,,,,,TE/FLEX
122185-91361,RB,Hassan,Hassan Haskins,Haskins,1.0500000317891438,6,5400,LAC@TEN,LAC,TEN,IR,Hamstring,,,,RB/FLEX
122185-86687,WR,Hollywood,Hollywood Brown,Brown,8.949999809265137,8,5400,KC@BUF,KC,BUF,,,,,,WR/FLEX
122185-107293,RB,Tyjae,Tyjae Spears,Spears,7.400000095367432,4,5400,LAC@TEN,TEN,LAC,,,,,,RB/FLEX
122185-119788,WR,Xavier,Xavier Hutchinson,Hutchinson,6.671428680419922,7,5400,DEN@HOU,HOU,DEN,,,,,,WR/FLEX
122185-152647,RB,TreVeyon,TreVeyon Henderson,Henderson,5.587500095367432,8,5300,ATL@NE,NE,ATL,,,,,,RB/FLEX
122185-29780,TE,Zach,Zach Ertz,Ertz,8,8,5300,SEA@WAS,WAS,SEA,,,,,,TE/FLEX
122185-129112,WR,Chimere,Chimere Dike,Dike,4.574999809265137,8,5300,LAC@TEN,TEN,LAC,,,,,,WR/FLEX
122185-137516,WR,Parker,Parker Washington,Washington,6.014285496303013,7,5300,JAC@LV,JAC,LV,,,,,,WR/FLEX
122185-80289,WR,Kendrick,Kendrick Bourne,Bourne,8.985714503696986,7,5300,SF@NYG,SF,NYG,,,,,,WR/FLEX
122185-55987,WR,JuJu,JuJu Smith-Schuster,Smith-Schuster,5.862500190734863,8,5300,KC@BUF,KC,BUF,,,,,,WR/FLEX
122185-128810,TE,Theo,Theo Johnson,Johnson,7.087500095367432,8,5300,SF@NYG,NYG,SF,,,,,,TE/FLEX
122185-40845,TE,Hunter,Hunter Henry,Henry,8.524999618530273,8,5300,ATL@NE,NE,ATL,,,,,,TE/FLEX
122185-70603,RB,Devin,Devin Singletary,Singletary,1.587499976158142,8,5300,SF@NYG,NYG,SF,,,,,,RB/FLEX
122185-128986,WR,Jaylin,Jaylin Lane,Lane,3.299999952316284,8,5300,SEA@WAS,WAS,SEA,,,,,,WR/FLEX
122185-71706,TE,T.J.,T.J. Hockenson,Hockenson,5.9571429661342075,7,5200,MIN@DET,MIN,DET,,,,,,TE/FLEX
122185-86244,TE,Pat,Pat Freiermuth,Freiermuth,7.166666666666667,6,5200,IND@PIT,PIT,IND,,,,,,TE/FLEX
122185-87418,WR,Joshua,Joshua Palmer,Palmer,5.066666603088379,6,5200,KC@BUF,BUF,KC,O,Knee,,,,WR/FLEX
122185-152007,WR,Jaylin,Jaylin Noel,Noel,4.271428516932896,7,5200,DEN@HOU,HOU,DEN,,,,,,WR/FLEX
122185-185861,RB,Emanuel,Emanuel Wilson,Wilson,3.6999999455043246,7,5200,CAR@GB,GB,CAR,,,,,,RB/FLEX
122185-137953,TE,AJ,AJ Barner,Barner,7.828571319580078,7,5200,SEA@WAS,SEA,WAS,,,,,,TE/FLEX
122185-144102,RB,Kyle,Kyle Monangai,Monangai,4.814285823277065,7,5200,CHI@CIN,CHI,CIN,,,,,,RB/FLEX
122185-157467,WR,Keon,Keon Coleman,Coleman,7.600000108991351,7,5200,KC@BUF,BUF,KC,,,,,,WR/FLEX
122185-172861,WR,Elic,Elic Ayomanor,Ayomanor,6.400000095367432,8,5200,LAC@TEN,TEN,LAC,,,,,,WR/FLEX
122185-86080,TE,Kyle,Kyle Pitts Sr.,Pitts Sr.,8.557143075125557,7,5100,ATL@NE,ATL,NE,,,,,,TE/FLEX
122185-52451,RB,Samaje,Samaje Perine,Perine,3.7249999046325684,8,5100,CHI@CIN,CIN,CHI,,,,,,RB/FLEX
122185-64808,TE,Juwan,Juwan Johnson,Johnson,7.349999904632568,8,5100,NO@LAR,NO,LAR,,,,,,TE/FLEX
122185-41305,WR,Zay,Zay Jones,Jones,4.8599998474121096,5,5100,ARI@DAL,ARI,DAL,,,,,,WR/FLEX
122185-93538,WR,Dyami,Dyami Brown,Brown,5.933333079020183,6,5100,JAC@LV,JAC,LV,,,,,,WR/FLEX
122185-114198,WR,Xavier,Xavier Legette,Legette,6.233333587646484,6,5100,CAR@GB,CAR,GB,,,,,,WR/FLEX
122185-137967,RB,Blake,Blake Corum,Corum,4.114285605294364,7,5100,NO@LAR,LAR,NO,,,,,,RB/FLEX
122185-103195,WR,Jordan,Jordan Whittington,Whittington,2.7571427481515065,7,5100,NO@LAR,LAR,NO,,,,,,WR/FLEX
122185-64496,WR,Olamide,Olamide Zaccheaus,Zaccheaus,4.785714285714286,7,5100,CHI@CIN,CHI,CIN,,,,,,WR/FLEX
122185-48116,TE,Jonnu,Jonnu Smith,Smith,5.342857360839844,7,5100,IND@PIT,PIT,IND,,,,,,TE/FLEX
122185-71705,TE,Noah,Noah Fant,Fant,6.783333460489909,6,5000,CHI@CIN,CIN,CHI,,,,,,TE/FLEX
122185-12533,D,Green Bay,Green Bay Packers,Packers,5,7,5000,CAR@GB,GB,CAR,,,,,,DEF
122185-111876,WR,DeMario,DeMario Douglas,Douglas,5.128571646554129,7,5000,ATL@NE,NE,ATL,,,,,,WR/FLEX
122185-33047,WR,Chris,Chris Moore,Moore,4.549999872843425,6,5000,SEA@WAS,WAS,SEA,,,,,,WR/FLEX
122185-120093,WR,Marvin,Marvin Mims Jr.,Mims Jr.,6.224999904632568,8,5000,DEN@HOU,DEN,HOU,O,Concussion,,,,WR/FLEX
122185-38264,WR,Demarcus,Demarcus Robinson,Robinson,3.3599998474121096,5,5000,SF@NYG,SF,NYG,,,,,,WR/FLEX
122185-90562,RB,Brian,Brian Robinson Jr.,Robinson Jr.,2.25,8,5000,SF@NYG,SF,NYG,,,,,,RB/FLEX
122185-45565,TE,Taysom,Taysom Hill,Hill,2.565000057220459,4,5000,NO@LAR,NO,LAR,,,,,,TE/FLEX
122185-138998,TE,Michael,Michael Mayer,Mayer,4.540000152587891,5,5000,JAC@LV,LV,JAC,,,,,,TE/FLEX
122185-138037,WR,Roman,Roman Wilson,Wilson,5.25,4,5000,IND@PIT,PIT,IND,,,,,,WR/FLEX
122185-160620,RB,Bhayshul,Bhayshul Tuten,Tuten,4.842857360839844,7,5000,JAC@LV,JAC,LV,,,,,,RB/FLEX
122185-41872,TE,Evan,Evan Engram,Engram,5.885714394705636,7,5000,DEN@HOU,DEN,HOU,,,,,,TE/FLEX
122185-89220,WR,Tyquan,Tyquan Thornton,Thornton,9.34999974568685,6,4900,KC@BUF,KC,BUF,,,,,,WR/FLEX
122185-12538,D,Los Angeles,Los Angeles Rams,Rams,9,7,4900,NO@LAR,LAR,NO,,,,,,DEF
122185-185593,WR,Andrei,Andrei Iosivas,Iosivas,3.8333333333333335,6,4900,CHI@CIN,CIN,CHI,,,,,,WR/FLEX
122185-154971,RB,Devin,Devin Neal,Neal,1.1999999682108562,3,4900,NO@LAR,NO,LAR,,,,,,RB/FLEX
122185-88575,WR,Elijah,Elijah Moore,Moore,3.133333206176758,6,4900,KC@BUF,BUF,KC,,,,,,WR/FLEX
122185-92677,RB,Zavier,Zavier Scott,Scott,4.6400001525878904,5,4900,MIN@DET,MIN,DET,,,,,,RB/FLEX
122185-60957,WR,KaVontae,KaVontae Turpin,Turpin,5.366666793823242,6,4900,ARI@DAL,DAL,ARI,,,,,,WR/FLEX
122185-55042,TE,Dalton,Dalton Schultz,Schultz,6.685714176722935,7,4900,DEN@HOU,HOU,DEN,Q,Knee,,,,TE/FLEX
122185-201547,WR,Jalen,Jalen Coker,Coker,2.549999952316284,2,4900,CAR@GB,CAR,GB,,,,,,WR/FLEX
122185-166801,RB,Jaydon,Jaydon Blue,Blue,1.875,4,4900,ARI@DAL,DAL,ARI,,,,,,RB/FLEX
122185-91047,TE,Cole,Cole Kmet,Kmet,3.9500001271565757,6,4900,CHI@CIN,CHI,CIN,,,,,,TE/FLEX
122185-93143,TE,Noah,Noah Gray,Gray,2.1857143129621233,7,4900,KC@BUF,KC,BUF,,,,,,TE/FLEX
122185-12548,D,Los Angeles,Los Angeles Chargers,Chargers,5.375,8,4800,LAC@TEN,LAC,TEN,,,,,,DEF
122185-158983,TE,Ja'Tavion,Ja'Tavion Sanders,Sanders,3.6200000762939455,5,4800,CAR@GB,CAR,GB,,,,,,TE/FLEX
122185-91488,RB,Chris,Chris Brooks,Brooks,1.1399999618530274,5,4800,CAR@GB,GB,CAR,,,,,,RB/FLEX
122185-133477,TE,Darnell,Darnell Washington,Washington,5.224999904632568,4,4800,IND@PIT,PIT,IND,,,,,,TE/FLEX
122185-88548,WR,Jalen,Jalen Tolbert,Tolbert,4.025000095367432,8,4800,ARI@DAL,DAL,ARI,,,,,,WR/FLEX
122185-129546,WR,Tre',Tre' Harris,Harris,3.1142856052943637,7,4800,LAC@TEN,LAC,TEN,,,,,,WR/FLEX
122185-62055,WR,Ray-Ray,Ray-Ray McCloud III,McCloud III,2.3499999046325684,4,4800,SF@NYG,NYG,SF,,,,,,WR/FLEX
122185-88699,RB,Jaret,Jaret Patterson,Patterson,3,1,4800,LAC@TEN,LAC,TEN,,,,,,RB/FLEX
122185-25267,WR,Mack,Mack Hollins,Hollins,6.028571537562779,7,4800,ATL@NE,NE,ATL,,,,,,WR/FLEX
122185-92859,WR,Jalen,Jalen Nailor,Nailor,4.600000108991351,7,4800,MIN@DET,MIN,DET,,,,,,WR/FLEX
122185-166588,TE,Colston,Colston Loveland,Loveland,2.8500000635782876,6,4800,CHI@CIN,CHI,CIN,,,,,,TE/FLEX
122185-152258,TE,Elijah,Elijah Arroyo,Arroyo,2.5,7,4800,SEA@WAS,SEA,WAS,,,,,,TE/FLEX
122185-155551,WR,Pat,Pat Bryant,Bryant,3.6200000762939455,5,4800,DEN@HOU,DEN,HOU,,,,,,WR/FLEX
122185-69558,WR,Greg,Greg Dortch,Dortch,3.1000001089913503,7,4800,ARI@DAL,ARI,DAL,,,,,,WR/FLEX
122185-64581,WR,Van,Van Jefferson,Jefferson,3.5166667302449546,6,4700,LAC@TEN,TEN,LAC,,,,,,WR/FLEX
122185-166092,WR,Luther,Luther Burden III,Burden III,4.742857251848493,7,4700,CHI@CIN,CHI,CIN,O,Concussion,,,,WR/FLEX
122185-88297,TE,Chig,Chig Okonkwo,Okonkwo,5.074999809265137,8,4700,LAC@TEN,TEN,LAC,,,,,,TE/FLEX
122185-151789,WR,Adonai,Adonai Mitchell,Mitchell,2.357142857142857,7,4700,IND@PIT,IND,PIT,,,,,,WR/FLEX
122185-12541,D,New England,New England Patriots,Patriots,9.5,8,4700,ATL@NE,NE,ATL,,,,,,DEF
122185-103694,RB,Ray,Ray Davis,Davis,1.9857142312186105,7,4700,KC@BUF,BUF,KC,,,,,,RB/FLEX
122185-85306,WR,KhaDarel,KhaDarel Hodge,Hodge,2.299999952316284,2,4700,ATL@NE,ATL,NE,,,,,,WR/FLEX
122185-91467,TE,Jake,Jake Tonges,Tonges,8.514285496303014,7,4700,SF@NYG,SF,NYG,,,,,,TE/FLEX
122185-94579,RB,Emari,Emari Demercado,Demercado,3.0600000381469727,5,4700,ARI@DAL,ARI,DAL,,,,,,RB/FLEX
122185-134837,WR,Tory,Tory Horton,Horton,5.685714176722935,7,4700,SEA@WAS,SEA,WAS,,,,,,WR/FLEX
122185-128765,RB,Nathan,Nathan Carter,Carter,2,2,4700,ATL@NE,ATL,NE,,,,,,RB/FLEX
122185-47870,TE,Tyler,Tyler Higbee,Higbee,4.920000076293945,5,4700,NO@LAR,LAR,NO,,,,,,TE/FLEX
122185-29501,WR,Brandin,Brandin Cooks,Cooks,2.924999952316284,8,4700,NO@LAR,NO,LAR,,,,,,WR/FLEX
122185-28744,RB,Raheem,Raheem Mostert,Mostert,2.575000047683716,4,4600,JAC@LV,LV,JAC,,,,,,RB/FLEX
122185-61555,WR,David,David Sills V,Sills V,1.899999976158142,2,4600,ATL@NE,ATL,NE,,,,,,WR/FLEX
122185-151741,WR,Jack,Jack Bech,Bech,2.160000038146973,5,4600,JAC@LV,LV,JAC,,,,,,WR/FLEX
122185-90307,TE,Daniel,Daniel Bellinger,Bellinger,5.149999936421712,6,4600,SF@NYG,NYG,SF,D,Neck,,,,TE/FLEX
122185-12532,D,Detroit,Detroit Lions,Lions,8.428571428571429,7,4600,MIN@DET,DET,MIN,,,,,,DEF
122185-151915,TE,Terrance,Terrance Ferguson,Ferguson,4.066666603088379,3,4600,NO@LAR,LAR,NO,,,,,,TE/FLEX
122185-71105,WR,Ben,Ben Skowronek,Skowronek,3.5,3,4600,IND@PIT,PIT,IND,,,,,,WR/FLEX
122185-113228,TE,Luke,Luke Musgrave,Musgrave,1.6799999237060548,5,4600,CAR@GB,GB,CAR,,,,,,TE/FLEX
122185-152148,TE,Gunnar,Gunnar Helm,Helm,4.087500095367432,8,4600,LAC@TEN,TEN,LAC,,,,,,TE/FLEX
122185-26251,WR,Robbie,Robbie Chosen,Chosen,5.599999904632568,1,4600,SEA@WAS,WAS,SEA,,,,,,WR/FLEX
122185-92976,WR,Tutu,Tutu Atwell,Atwell,4.8799999237060545,5,4600,NO@LAR,LAR,NO,IR,Hamstring,,,,WR/FLEX
122185-168916,RB,Kaleb,Kaleb Johnson,Johnson,0.4000000059604645,4,4600,IND@PIT,PIT,IND,,,,,,RB/FLEX
122185-111637,TE,Cade,Cade Stover,Stover,4.199999809265137,1,4500,DEN@HOU,HOU,DEN,IR,Foot,,,,TE/FLEX
122185-86055,RB,Dameon,Dameon Pierce,Pierce,0.8666666348775228,3,4500,DEN@HOU,HOU,DEN,,,,,,RB/FLEX
122185-137265,TE,Ben,Ben Sinnott,Sinnott,1.9500000476837158,2,4500,SEA@WAS,WAS,SEA,,,,,,TE/FLEX
122185-103511,WR,Devaughn,Devaughn Vele,Vele,3.0999999046325684,4,4500,NO@LAR,NO,LAR,,,,,,WR/FLEX
122185-152717,WR,Beaux,Beaux Collins,Collins,1.1666666666666667,3,4500,SF@NYG,NYG,SF,,,,,,WR/FLEX
122185-12531,D,Denver,Denver Broncos,Broncos,8,8,4500,DEN@HOU,DEN,HOU,,,,,,DEF
122185-12550,D,Seattle,Seattle Seahawks,Seahawks,9.714285714285714,7,4500,SEA@WAS,SEA,WAS,,,,,,DEF
122185-52495,WR,Braxton,Braxton Berrios,Berrios,3.3499999046325684,2,4500,DEN@HOU,HOU,DEN,,,,,,WR/FLEX
122185-151909,WR,Dont'e,Dont'e Thornton Jr.,Thornton Jr.,1.9833332697550456,6,4500,JAC@LV,LV,JAC,,,,,,WR/FLEX
122185-52613,WR,Curtis,Curtis Samuel,Samuel,3.6666666666666665,3,4500,KC@BUF,BUF,KC,,,,,,WR/FLEX
122185-91618,TE,John,John FitzPatrick,FitzPatrick,2.7249999046325684,4,4500,CAR@GB,GB,CAR,,,,,,TE/FLEX
122185-89588,TE,Colby,Colby Parkinson,Parkinson,1.8250000476837158,4,4500,NO@LAR,LAR,NO,,,,,,TE/FLEX
122185-112192,WR,Jonathan,Jonathan Mingo,Mingo,1.6928571973528181,14,4500,ARI@DAL,DAL,ARI,,,,,,WR/FLEX
122185-63050,RB,Ty,Ty Johnson,Johnson,1.3285714558192663,7,4500,KC@BUF,BUF,KC,,,,,,RB/FLEX
122185-70422,WR,Kalif,Kalif Raymond,Raymond,2.9666665395100913,6,4500,MIN@DET,DET,MIN,,,,,,WR/FLEX
122185-39716,WR,Adam,Adam Thielen,Thielen,1.5333333015441895,6,4500,MIN@DET,MIN,DET,,,,,,WR/FLEX
122185-93075,TE,Hunter,Hunter Long,Long,4.233333269755046,6,4500,JAC@LV,JAC,LV,,,,,,TE/FLEX
122185-91101,TE,Tommy,Tommy Tremble,Tremble,3.5,8,4500,CAR@GB,CAR,GB,,,,,,TE/FLEX
122185-72705,TE,John,John Bates,Bates,1.6999999682108562,3,4400,SEA@WAS,WAS,SEA,Q,Ankle,,,,TE/FLEX
122185-60451,TE,Tyler,Tyler Conklin,Conklin,2.75,4,4400,LAC@TEN,LAC,TEN,,,,,,TE/FLEX
122185-40126,TE,Austin,Austin Hooper,Hooper,3.914285659790039,7,4400,ATL@NE,NE,ATL,,,,,,TE/FLEX
122185-12549,D,San Francisco,San Francisco 49ers,49ers,4.625,8,4400,SF@NYG,SF,NYG,,,,,,DEF
122185-71031,WR,Lil'Jordan,Lil'Jordan Humphrey,Humphrey,3.75,2,4400,SF@NYG,NYG,SF,,,,,,WR/FLEX
122185-154000,WR,Konata,Konata Mumpfield,Mumpfield,4.099999904632568,2,4400,NO@LAR,LAR,NO,,,,,,WR/FLEX
122185-112037,WR,Casey,Casey Washington,Washington,2.4799999237060546,5,4400,ATL@NE,ATL,NE,O,Back,,,,WR/FLEX
122185-80353,TE,Robert,Robert Tonyan,Tonyan,,0,4400,KC@BUF,KC,BUF,,,,,,TE/FLEX
122185-112101,WR,Jared,Jared Wayne,Wayne,3,1,4400,DEN@HOU,HOU,DEN,,,,,,WR/FLEX
122185-138786,WR,Malik,Malik Heath,Heath,3.3333333333333335,3,4400,CAR@GB,GB,CAR,,,,,,WR/FLEX
122185-102986,TE,Elijah,Elijah Higgins,Higgins,2.449999968210856,6,4400,ARI@DAL,ARI,DAL,,,,,,TE/FLEX
122185-172646,RB,Trevor,Trevor Etienne,Etienne,1.1375000476837158,8,4400,CAR@GB,CAR,GB,,,,,,RB/FLEX
122185-157438,WR,Jimmy,Jimmy Horn Jr.,Horn Jr.,3.174999952316284,4,4400,CAR@GB,CAR,GB,,,,,,WR/FLEX
122185-103187,RB,Roschon,Roschon Johnson,Johnson,0.8500000238418579,2,4400,CHI@CIN,CHI,CIN,O,Back,,,,RB/FLEX
122185-139094,WR,Jalin,Jalin Hyatt,Hyatt,0.800000011920929,4,4400,SF@NYG,NYG,SF,,,,,,WR/FLEX
122185-133180,TE,Ben,Ben Yurosek,Yurosek,1,1,4300,MIN@DET,MIN,DET,,,,,,TE/FLEX
122185-64585,TE,Dawson,Dawson Knox,Knox,3.133333206176758,6,4300,KC@BUF,BUF,KC,,,,,,TE/FLEX
122185-79987,WR,David,David Moore,Moore,0.7333333492279053,3,4300,CAR@GB,CAR,GB,IR,Elbow,,,,WR/FLEX
122185-63625,RB,Nyheim,Nyheim Miller-Hines,Miller-Hines,-0.06666666766007741,3,4300,LAC@TEN,LAC,TEN,,,,,,RB/FLEX
122185-12547,D,Pittsburgh,Pittsburgh Steelers,Steelers,5.857142857142857,7,4300,IND@PIT,PIT,IND,,,,,,DEF
122185-91417,TE,Luke,Luke Schoonmaker,Schoonmaker,1.1999999455043249,7,4300,ARI@DAL,DAL,ARI,,,,,,TE/FLEX
122185-56711,TE,Drew,Drew Sample,Sample,2.1799999237060548,5,4300,CHI@CIN,CIN,CHI,,,,,,TE/FLEX
122185-63907,TE,Josh,Josh Oliver,Oliver,4.1200000762939455,5,4300,MIN@DET,MIN,DET,O,Foot,,,,TE/FLEX
122185-102831,TE,Davis,Davis Allen,Allen,3.1285713740757535,7,4300,NO@LAR,LAR,NO,,,,,,TE/FLEX
122185-40371,TE,Johnny,Johnny Mundt,Mundt,0.9499999682108561,6,4300,JAC@LV,JAC,LV,,,,,,TE/FLEX
122185-113096,WR,Xavier,Xavier Smith,Smith,0.9428571292332241,7,4300,NO@LAR,LAR,NO,,,,,,WR/FLEX
122185-90583,WR,Tyrell,Tyrell Shavers,Shavers,1.899999976158142,4,4300,KC@BUF,BUF,KC,,,,,,WR/FLEX
122185-201233,WR,Ryan,Ryan Flournoy,Flournoy,6.220000076293945,5,4300,ARI@DAL,DAL,ARI,,,,,,WR/FLEX
122185-27229,RB,Ameer,Ameer Abdullah,Abdullah,3.299999952316284,4,4300,IND@PIT,IND,PIT,,,,,,RB/FLEX
122185-200291,TE,Jackson,Jackson Hawes,Hawes,3.1799999237060548,5,4300,KC@BUF,BUF,KC,,,,,,TE/FLEX
122185-138854,WR,Ke'Shawn,Ke'Shawn Williams,Williams,0,3,4300,IND@PIT,PIT,IND,,,,,,WR/FLEX
122185-57091,WR,Tim,Tim Patrick,Patrick,2.383333365122477,6,4300,JAC@LV,JAC,LV,O,Groin,,,,WR/FLEX
122185-71444,RB,Travis,Travis Homer,Homer,0.9800000190734863,5,4300,CHI@CIN,CHI,CIN,,,,,,RB/FLEX
122185-120642,WR,Savion,Savion Williams,Williams,2.057142802647182,7,4300,CAR@GB,GB,CAR,,,,,,WR/FLEX
122185-134014,WR,Jordan,Jordan Watkins,Watkins,1.2000000476837158,1,4300,SF@NYG,SF,NYG,,,,,,WR/FLEX
122185-91046,TE,Brock,Brock Wright,Wright,7.333333333333333,3,4300,MIN@DET,DET,MIN,,,,,,TE/FLEX
122185-70601,TE,Harrison,Harrison Bryant,Bryant,0.3333333333333333,3,4300,DEN@HOU,HOU,DEN,,,,,,TE/FLEX
122185-93150,WR,Jake,Jake Bobo,Bobo,1.5,2,4300,SEA@WAS,SEA,WAS,O,Achilles,,,,WR/FLEX
122185-86047,RB,Malik,Malik Davis,Davis,0.30000001192092896,1,4200,ARI@DAL,DAL,ARI,,,,,,RB/FLEX
122185-114787,RB,Terrell,Terrell Jennings,Jennings,1.649999976158142,2,4200,ATL@NE,NE,ATL,,,,,,RB/FLEX
122185-28827,RB,Dare,Dare Ogunbowale,Ogunbowale,1.2666666507720947,3,4200,DEN@HOU,HOU,DEN,,,,,,RB/FLEX
122185-83117,TE,Tanner,Tanner Hudson,Hudson,5.199999809265137,2,4200,CHI@CIN,CIN,CHI,,,,,,TE/FLEX
122185-183488,WR,Isaac,Isaac TeSlaa,TeSlaa,3.779999923706055,5,4200,MIN@DET,DET,MIN,,,,,,WR/FLEX
122185-130270,TE,Adam,Adam Trautman,Trautman,3.825000047683716,4,4200,DEN@HOU,DEN,HOU,,,,,,TE/FLEX
122185-12535,D,Indianapolis,Indianapolis Colts,Colts,8.625,8,4200,IND@PIT,IND,PIT,,,,,,DEF
122185-176467,WR,Jalen,Jalen Royals,Royals,0,1,4200,KC@BUF,KC,BUF,,,,,,WR/FLEX
122185-94621,WR,Derius,Derius Davis,Davis,-0.3,5,4200,LAC@TEN,LAC,TEN,,,,,,WR/FLEX
122185-112062,WR,Skyy,Skyy Moore,Moore,0.44999998807907104,8,4200,SF@NYG,SF,NYG,,,,,,WR/FLEX
122185-157150,RB,Audric,Audric Estime,Estime,3.553846212533804,13,4200,NO@LAR,NO,LAR,,,,,,RB/FLEX
122185-39428,RB,Kyle,Kyle Juszczyk,Juszczyk,2.950000047683716,8,4200,SF@NYG,SF,NYG,,,,,,RB/FLEX
122185-185863,RB,Hunter,Hunter Luepke,Luepke,2.160000038146973,5,4200,ARI@DAL,DAL,ARI,,,,,,RB/FLEX
122185-89613,WR,Simi,Simi Fehoko,Fehoko,2.720000076293945,5,4200,ARI@DAL,ARI,DAL,,,,,,WR/FLEX
122185-154124,TE,Mitchell,Mitchell Evans,Evans,4.25,6,4200,CAR@GB,CAR,GB,,,,,,TE/FLEX
122185-201260,WR,Mason,Mason Tipton,Tipton,0,3,4200,NO@LAR,NO,LAR,,,,,,WR/FLEX
122185-114231,RB,George,George Holani,Holani,0.5333333412806193,6,4200,SEA@WAS,SEA,WAS,,,,,,RB/FLEX
122185-173626,TE,Nate,Nate Adkins,Adkins,2.7600000381469725,5,4200,DEN@HOU,DEN,HOU,O,Knee,,,,TE/FLEX
122185-104012,WR,Ashton,Ashton Dulin,Dulin,1.6666666666666667,6,4200,IND@PIT,IND,PIT,,,,,,WR/FLEX
122185-87668,WR,Shedrick,Shedrick Jackson,Jackson,,0,4200,JAC@LV,LV,JAC,,,,,,WR/FLEX
122185-94887,RB,Tyler,Tyler Badie,Badie,2.1666666666666665,6,4200,DEN@HOU,DEN,HOU,,,,,,RB/FLEX
122185-87731,WR,Dominique,Dominique Robinson,Robinson,0,1,4200,CHI@CIN,CHI,CIN,O,Ankle,,,,WR/FLEX
122185-71351,TE,Charlie,Charlie Woerner,Woerner,0,3,4200,ATL@NE,ATL,NE,,,,,,TE/FLEX
122185-166749,RB,LeQuint,LeQuint Allen Jr.,Allen Jr.,1.1571429116385323,7,4200,JAC@LV,JAC,LV,,,,,,RB/FLEX
122185-169834,WR,Dareke,Dareke Young,Young,1.1600000381469726,5,4200,SEA@WAS,SEA,WAS,O,Quadriceps,,,,WR/FLEX
122185-128912,WR,Mitch,Mitch Tinsley,Tinsley,3.066666603088379,3,4200,CHI@CIN,CIN,CHI,,,,,,WR/FLEX
122185-137122,RB,Tahj,Tahj Brooks,Brooks,0.8500000238418579,2,4200,CHI@CIN,CIN,CHI,,,,,,RB/FLEX
122185-71662,WR,DJ,DJ Turner,Turner,3.258333206176758,12,4200,JAC@LV,LV,JAC,,,,,,WR/FLEX
122185-105648,RB,Tyler,Tyler Goodson,Goodson,0.4333333174387614,3,4100,IND@PIT,IND,PIT,,,,,,RB/FLEX
122185-170184,RB,Julius,Julius Chestnut,Chestnut,0.7199999809265136,5,4100,LAC@TEN,TEN,LAC,,,,,,RB/FLEX
122185-12554,D,Jacksonville,Jacksonville Jaguars,Jaguars,7.285714285714286,7,4100,JAC@LV,JAC,LV,,,,,,DEF
122185-60712,TE,Foster,Foster Moreau,Moreau,0.699999988079071,2,4100,NO@LAR,NO,LAR,,,,,,TE/FLEX
122185-92479,TE,David,David Martin-Robinson,Martin-Robinson,6.599999904632568,1,4100,LAC@TEN,TEN,LAC,,,,,,TE/FLEX
122185-149832,TE,Shane,Shane Zylstra,Zylstra,1.350000023841858,2,4100,MIN@DET,DET,MIN,IR,Ankle,,,,TE/FLEX
122185-136538,WR,Kyle,Kyle Williams,Williams,0.5599999904632569,5,4100,ATL@NE,NE,ATL,,,,,,WR/FLEX
122185-56708,TE,Will,Will Dissly,Dissly,1.5750000476837158,4,4100,LAC@TEN,LAC,TEN,Q,Illness,,,,TE/FLEX
122185-73176,TE,Luke,Luke Farrell,Farrell,2.2166666984558105,6,4100,SF@NYG,SF,NYG,,,,,,TE/FLEX
122185-102882,WR,Anthony,Anthony Gould,Gould,0.11428571598870414,7,4100,IND@PIT,IND,PIT,O,Knee,,,,WR/FLEX
122185-201230,RB,Dylan,Dylan Laube,Laube,0.5428571360451835,7,4100,JAC@LV,LV,JAC,,,,,,RB/FLEX
122185-89627,WR,Brycen,Brycen Tremayne,Tremayne,3.825000047683716,4,4100,CAR@GB,CAR,GB,,,,,,WR/FLEX
122185-89644,RB,Isaac,Isaac Guerendo,Guerendo,0,4,4100,SF@NYG,SF,NYG,,,,,,RB/FLEX
122185-226878,TE,Carter,Carter Runyon,Runyon,0.800000011920929,1,4100,JAC@LV,LV,JAC,,,,,,TE/FLEX
122185-104008,TE,Stephen,Stephen Carlson,Carlson,,0,4100,CHI@CIN,CHI,CIN,,,,,,TE/FLEX
122185-147049,TE,Drew,Drew Ogletree,Ogletree,0,1,4100,IND@PIT,IND,PIT,,,,,,TE/FLEX
122185-57986,WR,Hunter,Hunter Renfrow,Renfrow,4.733333269755046,6,4100,CAR@GB,CAR,GB,,,,,,WR/FLEX
122185-155293,RB,DJ,DJ Giddens,Giddens,1.649999976158142,4,4100,IND@PIT,IND,PIT,,,,,,RB/FLEX
122185-88752,WR,Charlie,Charlie Jones,Jones,0,7,4100,CHI@CIN,CIN,CHI,,,,,,WR/FLEX
122185-92882,TE,Connor,Connor Heyward,Heyward,2.25,4,4100,IND@PIT,PIT,IND,,,,,,TE/FLEX
122185-86800,TE,Colson,Colson Yankoff,Yankoff,,0,4100,SEA@WAS,WAS,SEA,O,Hamstring,,,,TE/FLEX
122185-128805,WR,KeAndre,KeAndre Lambert-Smith,Lambert-Smith,0.15000000596046448,4,4100,LAC@TEN,LAC,TEN,,,,,,WR/FLEX
122185-55088,WR,Malik,Malik Turner,Turner,0,1,4100,SF@NYG,SF,NYG,,,,,,WR/FLEX
122185-69451,TE,Jack,Jack Stoll,Stoll,2.575000047683716,4,4100,NO@LAR,NO,LAR,,,,,,TE/FLEX
122185-85842,TE,Brevyn,Brevyn Spann-Ford,Spann-Ford,0.7250000238418579,4,4100,ARI@DAL,DAL,ARI,,,,,,TE/FLEX
122185-24533,TE,Mo,Mo Alie-Cox,Alie-Cox,1.75,4,4100,IND@PIT,IND,PIT,,,,,,TE/FLEX
122185-152537,WR,Tai,Tai Felton,Felton,0.4666666587193807,3,4100,MIN@DET,MIN,DET,,,,,,WR/FLEX
122185-104424,RB,Craig,Craig Reynolds,Reynolds,0.20000000298023224,2,4100,MIN@DET,DET,MIN,O,Hamstring,,,,RB/FLEX
122185-57338,TE,Jordan,Jordan Akins,Akins,4.4375,16,4100,JAC@LV,JAC,LV,,,,,,TE/FLEX
122185-92166,WR,Marcus,Marcus Jones,Jones,0.8571428571428571,7,4000,ATL@NE,NE,ATL,,,,,,WR/FLEX
122185-90123,TE,Quintin,Quintin Morris,Morris,2.4200000762939453,5,4000,JAC@LV,JAC,LV,O,Groin,,,,TE/FLEX
122185-226319,WR,Junior,Junior Bergen,Bergen,,0,4000,SF@NYG,SF,NYG,,,,,,WR/FLEX
122185-156684,RB,Kye,Kye Robichaux,Robichaux,,0,4000,MIN@DET,DET,MIN,IR,Undisclosed,,,,RB/FLEX
122185-139284,RB,Frank,Frank Gore Jr.,Gore Jr.,,0,4000,KC@BUF,BUF,KC,,,,,,RB/FLEX
122185-110617,WR,Isaiah,Isaiah Neyor,Neyor,,0,4000,CAR@GB,GB,CAR,,,,,,WR/FLEX
122185-110616,TE,Treyton,Treyton Welch,Welch,,0,4000,NO@LAR,NO,LAR,,,,,,TE/FLEX
122185-152603,RB,Anthony,Anthony Tyus III,Tyus III,,0,4000,CAR@GB,CAR,GB,,,,,,RB/FLEX
122185-137254,RB,Deuce,Deuce Vaughn,Vaughn,1.7166666984558105,6,4000,DEN@HOU,DEN,HOU,,,,,,RB/FLEX
122185-154661,WR,Michael,Michael Bandy,Bandy,,0,4000,DEN@HOU,DEN,HOU,,,,,,WR/FLEX
122185-88109,RB,Gary,Gary Brightwell,Brightwell,0,1,4000,CHI@CIN,CIN,CHI,,,,,,RB/FLEX
122185-152631,WR,Samori,Samori Toure,Toure,,0,4000,DEN@HOU,DEN,HOU,,,,,,WR/FLEX
122185-152628,TE,Thomas,Thomas Fidone II,Fidone II,,0,4000,SF@NYG,NYG,SF,,,,,,TE/FLEX
122185-86075,TE,Lucas,Lucas Krull,Krull,1.25,2,4000,DEN@HOU,DEN,HOU,IR,Foot,,,,TE/FLEX
122185-42046,TE,Durham,Durham Smythe,Smythe,0.7538461685180664,13,4000,CHI@CIN,CHI,CIN,,,,,,TE/FLEX
122185-87109,WR,Bryce,Bryce Oliver,Oliver,1.2999999523162842,1,4000,LAC@TEN,TEN,LAC,Q,Knee,,,,WR/FLEX
122185-174148,RB,Carlos,Carlos Washington Jr.,Washington Jr.,,0,4000,ATL@NE,ATL,NE,,,,,,RB/FLEX
122185-165962,TE,Nikola,Nikola Kalinic,Kalinic,,0,4000,CHI@CIN,CHI,CIN,,,,,,TE/FLEX
122185-112715,WR,Joshua,Joshua Cephus,Cephus,,0,4000,JAC@LV,JAC,LV,IR,Undisclosed,,,,WR/FLEX
122185-103506,TE,Nick,Nick Kallerup,Kallerup,,0,4000,SEA@WAS,SEA,WAS,,,,,,TE/FLEX
122185-65627,WR,Maurice,Maurice Alexander,Alexander,0,1,4000,CHI@CIN,CHI,CIN,,,,,,WR/FLEX
122185-42077,TE,James,James Winchester,Winchester,0,2,4000,KC@BUF,KC,BUF,,,,,,TE/FLEX
122185-86113,WR,Ihmir,Ihmir Smith-Marsette,Smith-Marsette,0.4,15,4000,SF@NYG,NYG,SF,,,,,,WR/FLEX
122185-169067,TE,Bryce,Bryce Pierre,Pierre,,0,4000,CAR@GB,CAR,GB,,,,,,TE/FLEX
122185-79979,WR,Jamal,Jamal Agnew,Agnew,0,5,4000,ATL@NE,ATL,NE,,,,,,WR/FLEX
122185-79980,TE,Eric,Eric Saubert,Saubert,0.8500000238418579,2,4000,SEA@WAS,SEA,WAS,IR,Calf,,,,TE/FLEX
122185-64634,WR,Alex,Alex Bachman,Bachman,0.27999999523162844,5,4000,JAC@LV,LV,JAC,,,,,,WR/FLEX
122185-68730,TE,Sean,Sean McKeon,McKeon,,0,4000,IND@PIT,IND,PIT,,,,,,TE/FLEX
122185-80001,RB,Austin,Austin Ekeler,Ekeler,5.300000190734863,2,4000,SEA@WAS,WAS,SEA,IR,Achilles,,,,RB/FLEX
122185-104577,WR,Gunner,Gunner Olszewski,Olszewski,0,8,4000,SF@NYG,NYG,SF,,,,,,WR/FLEX
122185-174215,RB,Omarion,Omarion Hampton,Hampton,14,5,4000,LAC@TEN,LAC,TEN,IR,Ankle,,,,RB/FLEX
122185-83081,RB,Chase,Chase Edmonds,Edmonds,,0,4000,SEA@WAS,WAS,SEA,,,,,,RB/FLEX
122185-83083,WR,Justin,Justin Watson,Watson,2.25,2,4000,DEN@HOU,HOU,DEN,IR,Achilles,,,,WR/FLEX
122185-87179,TE,Thomas,Thomas Yassmin,Yassmin,,0,4000,LAC@TEN,LAC,TEN,,,,,,TE/FLEX
122185-168076,RB,Sione,Sione Vaki,Vaki,1.3199999809265137,5,4000,MIN@DET,DET,MIN,Q,Groin,,,,RB/FLEX
122185-89230,RB,Cam,Cam Akers,Akers,3.5899999141693115,2,4000,MIN@DET,MIN,DET,,,,,,RB/FLEX
122185-143509,TE,Caleb,Caleb Lohner,Lohner,,0,4000,DEN@HOU,DEN,HOU,,,,,,TE/FLEX
122185-63646,TE,Lawrence,Lawrence Cager,Cager,,0,4000,SEA@WAS,WAS,SEA,,,,,,TE/FLEX
122185-135325,TE,Rivaldo,Rivaldo Fairweather,Fairweather,,0,4000,ARI@DAL,DAL,ARI,,,,,,TE/FLEX
122185-103587,TE,Brenton,Brenton Strange,Strange,6.079999923706055,5,4000,JAC@LV,JAC,LV,IR,Quadriceps,,,,TE/FLEX
122185-71845,RB,Miles,Miles Sanders,Sanders,5.675000190734863,4,4000,ARI@DAL,DAL,ARI,IR,Knee,,,,RB/FLEX
122185-151726,TE,Robbie,Robbie Ouzts,Ouzts,,0,4000,SEA@WAS,SEA,WAS,,,,,,TE/FLEX
122185-201903,WR,Coleman,Coleman Owen,Owen,,0,4000,IND@PIT,IND,PIT,,,,,,WR/FLEX
122185-52409,RB,Jakob,Jakob Johnson,Johnson,,0,4000,DEN@HOU,HOU,DEN,IR,Hamstring,,,,RB/FLEX
122185-86203,WR,Justin,Justin Shorter,Shorter,0,1,4000,JAC@LV,LV,JAC,,,,,,WR/FLEX
122185-151740,RB,Corey,Corey Kiner,Kiner,,0,4000,MIN@DET,MIN,DET,,,,,,RB/FLEX
122185-131266,RB,Lan,Lan Larison,Larison,,0,4000,ATL@NE,NE,ATL,IR,Foot,,,,RB/FLEX
122185-83138,TE,Ross,Ross Dwelley,Dwelley,1,1,4000,MIN@DET,DET,MIN,,,,,,TE/FLEX
122185-57543,RB,D'Ernest,D'Ernest Johnson,Johnson,0,1,4000,ATL@NE,NE,ATL,,,,,,RB/FLEX
122185-70859,TE,Albert,Albert Okwuegbunam Jr.,Okwuegbunam Jr.,6.099999904632568,1,4000,JAC@LV,LV,JAC,,,,,,TE/FLEX
122185-166095,RB,Cody,Cody Schrader,Schrader,0.4666666587193807,3,4000,JAC@LV,JAC,LV,,,,,,RB/FLEX
122185-151761,WR,Malik,Malik Nabers,Nabers,12.774999618530273,4,4000,SF@NYG,NYG,SF,IR,Knee - acl,,,,WR/FLEX
122185-104661,TE,Patrick,Patrick Herbert,Herbert,,0,4000,JAC@LV,JAC,LV,,,,,,TE/FLEX
122185-25813,WR,Phillip,Phillip Dorsett II,Dorsett II,,0,4000,JAC@LV,LV,JAC,,,,,,WR/FLEX
122185-95455,WR,D.J.,D.J. Montgomery,Montgomery,,0,4000,IND@PIT,IND,PIT,IR,Undisclosed,,,,WR/FLEX
122185-226525,WR,Chandler,Chandler Brayboy,Brayboy,,0,4000,JAC@LV,JAC,LV,,,,,,WR/FLEX
122185-93408,WR,Rondale,Rondale Moore,Moore,,0,4000,MIN@DET,MIN,DET,IR,Knee,,,,WR/FLEX
122185-120035,TE,Mark,Mark Redman,Redman,,0,4000,NO@LAR,LAR,NO,,,,,,TE/FLEX
122185-130275,WR,Kristian,Kristian Wilkerson,Wilkerson,8.800000190734863,1,4000,KC@BUF,BUF,KC,,,,,,WR/FLEX
122185-88290,WR,Jeshaun,Jeshaun Jones,Jones,,0,4000,MIN@DET,MIN,DET,,,,,,WR/FLEX
122185-69860,RB,Trayveon,Trayveon Williams,Williams,0,3,4000,LAC@TEN,LAC,TEN,,,,,,RB/FLEX
122185-130276,WR,Mason,Mason Kinsey,Kinsey,0.5400000095367432,5,4000,LAC@TEN,TEN,LAC,,,,,,WR/FLEX
122185-86255,TE,Josh,Josh Whyle,Whyle,3.11999994913737,15,4000,CAR@GB,GB,CAR,,,,,,TE/FLEX
122185-12527,D,Chicago,Chicago Bears,Bears,7.285714285714286,7,4000,CHI@CIN,CHI,CIN,,,,,,DEF
122185-151799,WR,Jackson,Jackson Meeks,Meeks,,0,4000,MIN@DET,DET,MIN,,,,,,WR/FLEX
122185-92413,RB,Elijah,Elijah Mitchell,Mitchell,,0,4000,KC@BUF,KC,BUF,,,,,,RB/FLEX
122185-61693,TE,Danny,Danny Pinter,Pinter,0,1,4000,IND@PIT,IND,PIT,,,,,,TE/FLEX
122185-71935,WR,Kendric,Kendric Pryor,Pryor,1.399999976158142,1,4000,CHI@CIN,CIN,CHI,,,,,,WR/FLEX
122185-91401,WR,Ronnie,Ronnie Bell,Bell,0.6400000095367432,5,4000,NO@LAR,NO,LAR,,,,,,WR/FLEX
122185-94481,WR,Deven,Deven Thompkins,Thompkins,0,1,4000,ATL@NE,ATL,NE,,,,,,WR/FLEX
122185-174355,WR,Jeremiah,Jeremiah Webb,Webb,,0,4000,ATL@NE,NE,ATL,,,,,,WR/FLEX
122185-71957,WR,Quintez,Quintez Cephus,Cephus,,0,4000,DEN@HOU,HOU,DEN,,,,,,WR/FLEX
122185-157975,TE,Keleki,Keleki Latu,Latu,,0,4000,KC@BUF,BUF,KC,,,,,,TE/FLEX
122185-129302,WR,Stephen,Stephen Gosnell,Gosnell,,0,4000,KC@BUF,BUF,KC,,,,,,WR/FLEX
122185-64827,WR,Miles,Miles Boykin,Boykin,,0,4000,CHI@CIN,CHI,CIN,,,,,,WR/FLEX
122185-156997,WR,Tru,Tru Edwards,Edwards,,0,4000,NO@LAR,LAR,NO,,,,,,WR/FLEX
122185-87371,RB,Ty,Ty Chandler,Chandler,0,1,4000,MIN@DET,MIN,DET,IR,Knee,,,,RB/FLEX
122185-91481,WR,Nikko,Nikko Remigio,Remigio,0.4625000059604645,8,4000,KC@BUF,KC,BUF,,,,,,WR/FLEX
122185-89437,WR,Tim,Tim Jones,Jones,1.1199999809265138,5,4000,JAC@LV,JAC,LV,,,,,,WR/FLEX
122185-93540,RB,British,British Brooks,Brooks,1.5,1,4000,DEN@HOU,HOU,DEN,,,,,,RB/FLEX
122185-153957,TE,Zaire,Zaire Mitchell-Paden,Mitchell-Paden,0.4000000059604645,2,4000,NO@LAR,NO,LAR,,,,,,TE/FLEX
122185-151914,TE,Moliki,Moliki Matavao,Matavao,,0,4000,NO@LAR,NO,LAR,,,,,,TE/FLEX
122185-63851,TE,Tyree,Tyree Jackson,Jackson,,0,4000,SEA@WAS,WAS,SEA,IR,Undisclosed,,,,TE/FLEX
122185-89455,WR,Jayden,Jayden Reed,Reed,12,1,4000,CAR@GB,GB,CAR,IR,Collarbone,,,,WR/FLEX
122185-133484,WR,Jermaine,Jermaine Burton,Burton,1.587499976158142,8,4000,CHI@CIN,CIN,CHI,,,,,,WR/FLEX
122185-90480,TE,Joel,Joel Wilson,Wilson,,0,4000,LAC@TEN,TEN,LAC,,,,,,TE/FLEX
122185-90483,TE,Bernhard,Bernhard Raimann,Raimann,0,2,4000,IND@PIT,IND,PIT,,,,,,TE/FLEX
122185-71032,WR,Devin,Devin Duvernay,Duvernay,0.09999999829701015,7,4000,CHI@CIN,CHI,CIN,,,,,,WR/FLEX
122185-56698,WR,Dante,Dante Pettis,Pettis,3.25,8,4000,NO@LAR,NO,LAR,,,,,,WR/FLEX
122185-92545,RB,Keaontay,Keaontay Ingram,Ingram,0,1,4000,KC@BUF,KC,BUF,IR,Undisclosed,,,,RB/FLEX
122185-185728,TE,Patrick,Patrick Murtagh,Murtagh,,0,4000,DEN@HOU,DEN,HOU,,,,,,TE/FLEX
122185-114054,WR,Dalen,Dalen Cambre,Cambre,,0,4000,SF@NYG,NYG,SF,,,,,,WR/FLEX
122185-94600,WR,John,John Stephens Jr.,Stephens Jr.,,0,4000,ARI@DAL,DAL,ARI,IR,Undisclosed,,,,WR/FLEX
122185-183693,WR,Da'Quan,Da'Quan Felton,Felton,,0,4000,SF@NYG,NYG,SF,IR,Undisclosed,,,,WR/FLEX
122185-138643,WR,Jason,Jason Brownlee,Brownlee,0,1,4000,KC@BUF,KC,BUF,,,,,,WR/FLEX
122185-87442,TE,Princeton,Princeton Fant,Fant,0,2,4000,ARI@DAL,DAL,ARI,,,,,,TE/FLEX
122185-43416,WR,Trent,Trent Taylor,Taylor,1.600000023841858,1,4000,SF@NYG,SF,NYG,IR,Undisclosed,,,,WR/FLEX
122185-92573,TE,Travis,Travis Vokolek,Vokolek,0,1,4000,ARI@DAL,ARI,DAL,IR,Neck,,,,TE/FLEX
122185-93600,WR,Bryce,Bryce Ford-Wheaton,Ford-Wheaton,0,1,4000,SF@NYG,NYG,SF,IR,Achilles,,,,WR/FLEX
122185-103844,WR,Nick,Nick Nash,Nash,,0,4000,ATL@NE,ATL,NE,,,,,,WR/FLEX
122185-60838,WR,Andre,Andre Baccellia,Baccellia,,0,4000,ARI@DAL,ARI,DAL,,,,,,WR/FLEX
122185-112044,WR,Dalevon,Dalevon Campbell,Campbell,,0,4000,LAC@TEN,LAC,TEN,,,,,,WR/FLEX
122185-92590,RB,Raheem,Raheem Blackshear,Blackshear,0.5333333333333333,15,4000,IND@PIT,PIT,IND,,,,,,RB/FLEX
122185-91578,RB,Zamir,Zamir White,White,1.9666666984558105,3,4000,JAC@LV,LV,JAC,,,,,,RB/FLEX
122185-114109,WR,Ainias,Ainias Smith,Smith,2.839999961853027,5,4000,CAR@GB,CAR,GB,,,,,,WR/FLEX
122185-92606,WR,Bo,Bo Melton,Melton,0.07500000298023224,4,4000,CAR@GB,GB,CAR,,,,,,WR/FLEX
122185-26057,RB,Michael,Michael Burton,Burton,2.209090839732777,11,4000,DEN@HOU,DEN,HOU,IR,Hamstring,,,,RB/FLEX
122185-152014,WR,JP,JP Richardson,Richardson,,0,4000,CHI@CIN,CHI,CIN,,,,,,WR/FLEX
122185-90575,RB,Najee,Najee Harris,Harris,3.366666793823242,3,4000,LAC@TEN,LAC,TEN,IR,Achilles,,,,RB/FLEX
122185-109007,WR,Josh,Josh Kelly,Kelly,,0,4000,DEN@HOU,HOU,DEN,,,,,,WR/FLEX
122185-109008,WR,Jalen,Jalen Cropper,Cropper,0,2,4000,ARI@DAL,DAL,ARI,,,,,,WR/FLEX
122185-54746,TE,Tyler,Tyler Ott,Ott,0,1,4000,SEA@WAS,WAS,SEA,,,,,,TE/FLEX
122185-185827,RB,Jacob,Jacob Saylors,Saylors,0.2200000047683716,5,4000,MIN@DET,DET,MIN,,,,,,RB/FLEX
122185-14820,RB,Nick,Nick Bellore,Bellore,0,1,4000,SEA@WAS,WAS,SEA,,,,,,RB/FLEX
122185-133615,WR,Dontae,Dontae Fleming,Fleming,,0,4000,MIN@DET,MIN,DET,,,,,,WR/FLEX
122185-193004,WR,Jahdae,Jahdae Walker,Walker,,0,4000,CHI@CIN,CHI,CIN,,,,,,WR/FLEX
122185-89586,TE,Tucker,Tucker Fisk,Fisk,0,2,4000,LAC@TEN,LAC,TEN,,,,,,TE/FLEX
122185-102902,WR,Trey,Trey Palmer,Palmer,2.085714340209961,14,4000,NO@LAR,NO,LAR,IR,Ankle,,,,WR/FLEX
122185-156152,WR,Tejhaun,Tejhaun Palmer,Palmer,,0,4000,ARI@DAL,ARI,DAL,,,,,,WR/FLEX
122185-60930,RB,Myles,Myles Gaskin,Gaskin,0.375,4,4000,SEA@WAS,SEA,WAS,,,,,,RB/FLEX
122185-113160,WR,Jakobie,Jakobie Keeney-James,Keeney-James,,0,4000,CAR@GB,GB,CAR,,,,,,WR/FLEX
122185-128535,TE,Maximilian,Maximilian Mang,Mang,,0,4000,IND@PIT,IND,PIT,,,,,,TE/FLEX
122185-129560,WR,Xavier,Xavier Restrepo,Restrepo,,0,4000,LAC@TEN,TEN,LAC,,,,,,WR/FLEX
122185-160287,RB,Amar,Amar Johnson,Johnson,,0,4000,LAC@TEN,LAC,TEN,,,,,,RB/FLEX
122185-156197,TE,Bryson,Bryson Nesbit,Nesbit,,0,4000,MIN@DET,MIN,DET,,,,,,TE/FLEX
122185-160306,RB,Pierre,Pierre Strong Jr.,Strong Jr.,2.3500000635782876,12,4000,CAR@GB,GB,CAR,,,,,,RB/FLEX
122185-114224,WR,Kyrese,Kyrese Rowan,Rowan,,0,4000,DEN@HOU,DEN,HOU,,,,,,WR/FLEX
122185-226875,WR,Ja'seem,Ja'seem Reed,Reed,,0,4000,CAR@GB,CAR,GB,,,,,,WR/FLEX
122185-173631,RB,Dante,Dante Miller,Miller,,0,4000,SF@NYG,NYG,SF,,,,,,RB/FLEX
122185-152128,WR,Dominic,Dominic Lovett,Lovett,0,1,4000,MIN@DET,DET,MIN,,,,,,WR/FLEX
122185-87621,WR,A.T.,A.T. Perry,Perry,,0,4000,DEN@HOU,DEN,HOU,,,,,,WR/FLEX
122185-114252,WR,Xavier,Xavier Weaver,Weaver,0,2,4000,ARI@DAL,ARI,DAL,,,,,,WR/FLEX
122185-54863,WR,C.J.,C.J. Goodwin,Goodwin,0,4,4000,ARI@DAL,DAL,ARI,,,,,,WR/FLEX
122185-104019,TE,Matt,Matt Orzech,Orzech,0,2,4000,CAR@GB,GB,CAR,,,,,,TE/FLEX
122185-86612,TE,Brayden,Brayden Willis,Willis,0,1,4000,SF@NYG,SF,NYG,,,,,,TE/FLEX
122185-18009,TE,Chris,Chris Manhertz,Manhertz,0.6000000238418579,2,4000,SF@NYG,NYG,SF,,,,,,TE/FLEX
122185-152159,WR,Bryson,Bryson Green,Green,,0,4000,ARI@DAL,ARI,DAL,,,,,,WR/FLEX
122185-129641,WR,Will,Will Sheppard,Sheppard,,0,4000,CAR@GB,GB,CAR,,,,,,WR/FLEX
122185-147051,RB,Jaleel,Jaleel McLaughlin,McLaughlin,0,1,4000,DEN@HOU,DEN,HOU,,,,,,RB/FLEX
122185-88685,WR,Austin,Austin Trammell,Trammell,3,1,4000,JAC@LV,JAC,LV,,,,,,WR/FLEX
122185-131694,TE,Luke,Luke Lachey,Lachey,,0,4000,DEN@HOU,HOU,DEN,,,,,,TE/FLEX
122185-206447,RB,Max,Max Hurleman,Hurleman,,0,4000,IND@PIT,PIT,IND,,,,,,RB/FLEX
122185-94831,RB,Deneric,Deneric Prince,Prince,,0,4000,ATL@NE,NE,ATL,IR,Undisclosed,,,,RB/FLEX
122185-86646,RB,Trey,Trey Sermon,Sermon,0,1,4000,IND@PIT,PIT,IND,,,,,,RB/FLEX
122185-104054,RB,Sincere,Sincere McCormick,McCormick,6.050000190734863,4,4000,SF@NYG,SF,NYG,,,,,,RB/FLEX
122185-201342,RB,Chris,Chris Collier,Collier,0.2166666587193807,6,4000,JAC@LV,LV,JAC,,,,,,RB/FLEX
122185-167561,WR,Juice,Juice Wells Jr.,Wells Jr.,,0,4000,SF@NYG,NYG,SF,,,,,,WR/FLEX
122185-94864,RB,Jashaun,Jashaun Corbin,Corbin,,0,4000,ATL@NE,NE,ATL,O,Undisclosed,,,,RB/FLEX
122185-135824,WR,Luke,Luke Grimm,Grimm,,0,4000,LAC@TEN,LAC,TEN,,,,,,WR/FLEX
122185-110230,RB,Kenny,Kenny McIntosh,McIntosh,2.322222179836697,9,4000,SEA@WAS,SEA,WAS,IR,Knee - acl,,,,RB/FLEX
122185-136857,RB,Ja'Quinden,Ja'Quinden Jackson,Jackson,,0,4000,JAC@LV,JAC,LV,,,,,,RB/FLEX
122185-137889,WR,Brennan,Brennan Presley,Presley,,0,4000,NO@LAR,LAR,NO,,,,,,WR/FLEX
122185-86692,TE,Thomas,Thomas Odukoya,Odukoya,,0,4000,ATL@NE,NE,ATL,,,,,,TE/FLEX
122185-167588,WR,Jacoby,Jacoby Jones,Jones,,0,4000,SEA@WAS,WAS,SEA,,,,,,WR/FLEX
122185-104102,TE,Leroy,Leroy Watson IV,Watson IV,0,1,4000,JAC@LV,LV,JAC,,,,,,TE/FLEX
122185-152232,WR,Jordan,Jordan Moore,Moore,,0,4000,CHI@CIN,CIN,CHI,,,,,,WR/FLEX
122185-110259,WR,Treylon,Treylon Burks,Burks,1.1,5,4000,SEA@WAS,WAS,SEA,,,,,,WR/FLEX
122185-52916,WR,Russell,Russell Gage Jr.,Gage Jr.,,0,4000,SF@NYG,SF,NYG,,,,,,WR/FLEX
122185-104117,TE,Joshua,Joshua Simon,Simon,,0,4000,ATL@NE,ATL,NE,,,,,,TE/FLEX
122185-69302,TE,Feleipe,Feleipe Franks,Franks,0.20000000298023224,1,4000,ATL@NE,ATL,NE,,,,,,TE/FLEX
122185-61112,TE,Josiah,Josiah Deguara,Deguara,0.9666666984558105,3,4000,ARI@DAL,ARI,DAL,,,,,,TE/FLEX
122185-110274,WR,Bub,Bub Means,Means,5.574999809265137,4,4000,NO@LAR,NO,LAR,IR,Lower leg,,,,WR/FLEX
122185-193226,TE,Mason,Mason Pline,Pline,,0,4000,NO@LAR,NO,LAR,IR,Upper body,,,,TE/FLEX
122185-65231,RB,Adam,Adam Prentice,Prentice,0.48000001907348633,5,4000,DEN@HOU,DEN,HOU,,,,,,RB/FLEX
122185-63186,WR,James,James Proche II,Proche II,0.1777777804268731,9,4000,LAC@TEN,TEN,LAC,,,,,,WR/FLEX
122185-156374,TE,Tre,Tre Watson,Watson,,0,4000,KC@BUF,KC,BUF,,,,,,TE/FLEX
122185-142042,RB,Trey,Trey Benson,Benson,7.224999904632568,4,4000,ARI@DAL,ARI,DAL,IR,Knee - meniscus,,,,RB/FLEX
122185-86747,WR,Dylan,Dylan Drummond,Drummond,,0,4000,ATL@NE,ATL,NE,,,,,,WR/FLEX
122185-92890,WR,Cody,Cody White,White,0,1,4000,SEA@WAS,SEA,WAS,,,,,,WR/FLEX
122185-111325,RB,Ulysses,Ulysses Bentley IV,Bentley IV,0,1,4000,IND@PIT,IND,PIT,,,,,,RB/FLEX
122185-147168,WR,Chris,Chris Blair,Blair,1.100000023841858,2,4000,ATL@NE,ATL,NE,,,,,,WR/FLEX
122185-29411,TE,Pharaoh,Pharaoh Brown,Brown,1.0625,8,4000,ARI@DAL,ARI,DAL,,,,,,TE/FLEX
122185-104165,RB,Lew,Lew Nichols,Nichols,0,1,4000,IND@PIT,PIT,IND,,,,,,RB/FLEX
122185-86762,TE,Jack,Jack Westover,Westover,0,1,4000,ATL@NE,NE,ATL,,,,,,TE/FLEX
122185-85741,RB,Clyde,Clyde Edwards-Helaire,Edwards-Helaire,2.8333333333333335,3,4000,KC@BUF,KC,BUF,,,,,,RB/FLEX
122185-40687,RB,James,James Conner,Conner,9.766666412353516,3,4000,ARI@DAL,ARI,DAL,IR,Foot,,,,RB/FLEX
122185-131835,WR,Efton,Efton Chism III,Chism III,0,2,4000,ATL@NE,NE,ATL,,,,,,WR/FLEX
122185-56059,WR,Trent,Trent Sherfield Sr.,Sherfield Sr.,1.1999999682108562,3,4000,DEN@HOU,DEN,HOU,,,,,,WR/FLEX
122185-86780,RB,Salvon,Salvon Ahmed,Ahmed,,0,4000,IND@PIT,IND,PIT,IR,Ankle,,,,RB/FLEX
122185-137990,TE,Tip,Tip Reiman,Reiman,1.099999984105428,3,4000,ARI@DAL,ARI,DAL,IR,Ankle,,,,TE/FLEX
122185-156426,RB,Brock,Brock Lampe,Lampe,,0,4000,ATL@NE,NE,ATL,IR,Undisclosed,,,,RB/FLEX
122185-103192,TE,Jared,Jared Wiley,Wiley,0.6000000238418579,2,4000,KC@BUF,KC,BUF,,,,,,TE/FLEX
122185-70426,RB,Reggie,Reggie Gilliam,Gilliam,0.3499999940395355,2,4000,KC@BUF,BUF,KC,,,,,,RB/FLEX
122185-71459,RB,Brittain,Brittain Brown,Brown,,0,4000,CHI@CIN,CHI,CIN,,,,,,RB/FLEX
122185-114469,WR,Tyrone,Tyrone Broden,Broden,,0,4000,SEA@WAS,SEA,WAS,,,,,,WR/FLEX
122185-87844,TE,Brady,Brady Russell,Russell,0,1,4000,SEA@WAS,SEA,WAS,,,,,,TE/FLEX
122185-138028,RB,Kalel,Kalel Mullings,Mullings,,0,4000,LAC@TEN,TEN,LAC,IR,Ankle,,,,RB/FLEX
122185-90933,RB,Antonio,Antonio Gibson,Gibson,4.44000015258789,5,4000,ATL@NE,NE,ATL,IR,Knee - acl,,,,RB/FLEX
122185-72515,TE,Ian,Ian Thomas,Thomas,2.200000047683716,2,4000,JAC@LV,LV,JAC,,,,,,TE/FLEX
122185-91971,RB,Ronnie,Ronnie Rivers,Rivers,2.075000047683716,8,4000,NO@LAR,LAR,NO,,,,,,RB/FLEX
122185-119619,WR,Traeshon,Traeshon Holden,Holden,,0,4000,ARI@DAL,DAL,ARI,,,,,,WR/FLEX
122185-58189,TE,Mitchell,Mitchell Fraboni,Fraboni,0,1,4000,DEN@HOU,DEN,HOU,,,,,,TE/FLEX
122185-41806,WR,Laquon,Laquon Treadwell,Treadwell,,0,4000,IND@PIT,IND,PIT,,,,,,WR/FLEX
122185-120657,RB,Kendre,Kendre Miller,Miller,4.399999891008649,7,4000,NO@LAR,NO,LAR,IR,Knee - acl,,,,RB/FLEX
122185-201553,WR,John,John Jiles,Jiles,,0,4000,ATL@NE,NE,ATL,,,,,,WR/FLEX
122185-91989,RB,Jordan,Jordan Mims,Mims,2.8714286259242465,7,4000,LAC@TEN,TEN,LAC,,,,,,RB/FLEX
122185-104278,TE,Donald,Donald Parham Jr.,Parham Jr.,,0,4000,IND@PIT,PIT,IND,IR,Achilles,,,,TE/FLEX
122185-61273,WR,Scotty,Scotty Miller,Miller,0.699999988079071,2,4000,IND@PIT,PIT,IND,O,Finger,,,,WR/FLEX
122185-93023,RB,Jermar,Jermar Jefferson,Jefferson,1.850000023841858,2,4000,ARI@DAL,ARI,DAL,,,,,,RB/FLEX
122185-154461,WR,Ja'Corey,Ja'Corey Brooks,Brooks,,0,4000,SEA@WAS,WAS,SEA,,,,,,WR/FLEX
122185-201564,TE,Cam,Cam Grandy,Grandy,1.100000023841858,1,4000,CHI@CIN,CIN,CHI,,,,,,TE/FLEX
122185-93026,TE,Teagan,Teagan Quitoriano,Quitoriano,0,2,4000,ATL@NE,ATL,NE,,,,,,TE/FLEX
122185-114530,WR,Jacob,Jacob Cowing,Cowing,0.5799999872843424,15,4000,SF@NYG,SF,NYG,IR,Hamstring,,,,WR/FLEX
122185-70501,RB,C.J.,C.J. Ham,Ham,1,1,4000,MIN@DET,MIN,DET,O,Hand,,,,RB/FLEX
122185-114532,RB,Deion,Deion Hankins,Hankins,,0,4000,CHI@CIN,CHI,CIN,IR,Quadriceps,,,,RB/FLEX
122185-192359,WR,JaQuae,JaQuae Jackson,Jackson,,0,4000,LAC@TEN,LAC,TEN,,,,,,WR/FLEX
122185-156523,RB,Carson,Carson Steele,Steele,1.569230739886944,13,4000,KC@BUF,KC,BUF,,,,,,RB/FLEX
122185-120694,WR,Ja'Lynn,Ja'Lynn Polk,Polk,2.053846212533804,13,4000,NO@LAR,NO,LAR,IR,Shoulder,,,,WR/FLEX
122185-119672,RB,Kendall,Kendall Milton,Milton,,0,4000,CHI@CIN,CIN,CHI,,,,,,RB/FLEX
122185-93055,WR,Isaiah,Isaiah Hodgins,Hodgins,1.100000023841858,2,4000,IND@PIT,PIT,IND,,,,,,WR/FLEX
122185-94087,RB,DeeJay,DeeJay Dallas,Dallas,0,2,4000,CAR@GB,CAR,GB,,,,,,RB/FLEX
122185-103302,WR,Courtney,Courtney Jackson,Jackson,,0,4000,SEA@WAS,SEA,WAS,,,,,,WR/FLEX
122185-23435,TE,Andrew,Andrew DePaola,DePaola,,0,4000,MIN@DET,MIN,DET,,,,,,TE/FLEX
122185-103308,RB,Jawhar,Jawhar Jordan,Jordan,,0,4000,DEN@HOU,HOU,DEN,,,,,,RB/FLEX
122185-94094,TE,Brevin,Brevin Jordan,Jordan,0.8500000238418579,2,4000,DEN@HOU,HOU,DEN,IR,Knee,,,,TE/FLEX
122185-119697,RB,MarShawn,MarShawn Lloyd,Lloyd,2.299999952316284,1,4000,CAR@GB,GB,CAR,IR,Hamstring,,,,RB/FLEX
122185-64405,WR,Dan,Dan Chisena,Chisena,1.2999999523162842,4,4000,CAR@GB,CAR,GB,,,,,,WR/FLEX
122185-28570,TE,Nick,Nick Vannett,Vannett,3.3333333333333335,12,4000,MIN@DET,MIN,DET,,,,,,TE/FLEX
122185-114591,TE,William,William Wagner,Wagner,,0,4000,CHI@CIN,CIN,CHI,,,,,,TE/FLEX
122185-94116,TE,Will,Will Mallory,Mallory,0.612500011920929,8,4000,IND@PIT,IND,PIT,,,,,,TE/FLEX
122185-167849,TE,Zach,Zach Horton,Horton,,0,4000,MIN@DET,DET,MIN,,,,,,TE/FLEX
122185-91055,WR,Kevin,Kevin Austin Jr.,Austin Jr.,0,1,4000,NO@LAR,NO,LAR,,,,,,WR/FLEX
122185-175021,RB,Jordan,Jordan James,James,,0,4000,SF@NYG,SF,NYG,,,,,,RB/FLEX
122185-137139,WR,Myles,Myles Price,Price,-0.2857142857142857,7,4000,MIN@DET,MIN,DET,,,,,,WR/FLEX
122185-72627,RB,Patrick,Patrick Taylor Jr.,Taylor Jr.,6.259999847412109,5,4000,SF@NYG,SF,NYG,IR,Shoulder,,,,RB/FLEX
122185-119730,WR,Jimmy,Jimmy Holiday,Holiday,,0,4000,KC@BUF,KC,BUF,,,,,,WR/FLEX
122185-156596,RB,Jarquez,Jarquez Hunter,Hunter,,0,4000,NO@LAR,LAR,NO,,,,,,RB/FLEX
122185-56248,WR,Noah,Noah Brown,Brown,2.549999952316284,2,4000,SEA@WAS,WAS,SEA,IR,Groin,,,,WR/FLEX
122185-104388,WR,Tom,Tom Kennedy,Kennedy,0,3,4000,MIN@DET,DET,MIN,,,,,,WR/FLEX
122185-56262,WR,Parris,Parris Campbell,Campbell,2.4,5,4000,ARI@DAL,DAL,ARI,,,,,,WR/FLEX
122185-152522,RB,Phil,Phil Mafah,Mafah,,0,4000,ARI@DAL,DAL,ARI,IR,Shoulder,,,,RB/FLEX
122185-56265,TE,Mike,Mike Gesicki,Gesicki,2.0200000762939454,5,4000,CHI@CIN,CIN,CHI,IR,Pectoral,,,,TE/FLEX
122185-183240,RB,Cam,Cam Skattebo,Skattebo,14.462499618530273,8,4000,SF@NYG,NYG,SF,IR,Ankle,,,,RB/FLEX
122185-152526,TE,Jake,Jake Briningstool,Briningstool,,0,4000,KC@BUF,KC,BUF,IR,Hamstring,,,,TE/FLEX
122185-169937,WR,Lance,Lance McCutcheon,McCutcheon,,0,4000,LAC@TEN,TEN,LAC,,,,,,WR/FLEX
122185-72665,TE,Kenny,Kenny Yeboah,Yeboah,2.199999968210856,6,4000,MIN@DET,DET,MIN,IR,Knee,,,,TE/FLEX
122185-152540,TE,CJ,CJ Dippre,Dippre,,0,4000,ATL@NE,NE,ATL,,,,,,TE/FLEX
122185-54239,TE,Matt,Matt Sokol,Sokol,,0,4000,IND@PIT,PIT,IND,,,,,,TE/FLEX
122185-85986,TE,James,James Mitchell,Mitchell,2.1500000953674316,2,4000,CAR@GB,CAR,GB,,,,,,TE/FLEX
122185-138221,WR,Ricky,Ricky White III,White III,,0,4000,SEA@WAS,SEA,WAS,,,,,,WR/FLEX
122185-152574,RB,Donovan,Donovan Edwards,Edwards,,0,4000,SEA@WAS,WAS,SEA,,,,,,RB/FLEX
122185-96254,TE,Nick,Nick Muse,Muse,0,2,4000,ARI@DAL,ARI,DAL,,,,,,TE/FLEX
122185-12556,D,Houston,Houston Texans,Texans,9.428571428571429,7,3900,DEN@HOU,HOU,DEN,,,,,,DEF
122185-12526,D,Buffalo,Buffalo Bills,Bills,6.428571428571429,7,3800,KC@BUF,BUF,KC,,,,,,DEF
122185-12530,D,Dallas,Dallas Cowboys,Cowboys,3.25,8,3800,ARI@DAL,DAL,ARI,,,,,,DEF
122185-12536,D,Kansas City,Kansas City Chiefs,Chiefs,7.25,8,3700,KC@BUF,KC,BUF,,,,,,DEF
122185-12552,D,Washington,Washington Commanders,Commanders,5.875,8,3700,SEA@WAS,WAS,SEA,,,,,,DEF
122185-12525,D,Atlanta,Atlanta Falcons,Falcons,6,7,3600,ATL@NE,ATL,NE,,,,,,DEF
122185-12540,D,Minnesota,Minnesota Vikings,Vikings,7.142857142857143,7,3500,MIN@DET,MIN,DET,,,,,,DEF
122185-12537,D,Las Vegas,Las Vegas Raiders,Raiders,4.142857142857143,7,3400,JAC@LV,LV,JAC,,,,,,DEF
122185-12546,D,Arizona,Arizona Cardinals,Cardinals,5.571428571428571,7,3400,ARI@DAL,ARI,DAL,,,,,,DEF
122185-12543,D,New York,New York Giants,Giants,2.875,8,3300,SF@NYG,NYG,SF,,,,,,DEF
122185-12542,D,New Orleans,New Orleans Saints,Saints,5.375,8,3200,NO@LAR,NO,LAR,,,,,,DEF
122185-12553,D,Carolina,Carolina Panthers,Panthers,5.25,8,3100,CAR@GB,CAR,GB,,,,,,DEF
122185-12528,D,Cincinnati,Cincinnati Bengals,Bengals,2,8,3000,CHI@CIN,CIN,CHI,,,,,,DEF
122185-12534,D,Tennessee,Tennessee Titans,Titans,4.375,8,3000,LAC@TEN,TEN,LAC,,,,,,DEF