Id,Position,First Name,Nickname,Last Name,FPPG,Played,Salary,Game,Team,Opponent,Injury Indicator,Injury Details,Tier,,,Roster Position
122899-55050,RB,Christian,Christian McCaffrey,McCaffrey,22.030000305175783,10,10000,SF@ARI,SF,ARI,,,,,,RB/FLEX
122899-129458,WR,Jaxon,Jaxon Smith-Njigba,Smith-Njigba,20.422222561306423,9,9700,SEA@LAR,SEA,LAR,,,,,,WR/FLEX
122899-103020,WR,Puka,Puka Nacua,Nacua,19.375,8,9500,SEA@LAR,LAR,SEA,,,,,,WR/FLEX
122899-85701,WR,Ja'Marr,Ja'Marr Chase,Chase,17.966666327582466,9,9400,CIN@PIT,CIN,PIT,,,,,,WR/FLEX
122899-136855,RB,Bijan,Bijan Robinson,Robinson,18.900000678168404,9,9300,CAR@ATL,ATL,CAR,,,,,,RB/FLEX
122899-129368,RB,Jahmyr,Jahmyr Gibbs,Gibbs,19.333333333333332,9,9200,DET@PHI,DET,PHI,,,,,,RB/FLEX
122899-86631,WR,CeeDee,CeeDee Lamb,Lamb,16.360000610351562,5,9200,DAL@LV,DAL,LV,,,,,,WR/FLEX
122899-72731,RB,Josh,Josh Jacobs,Jacobs,18.055555555555557,9,9100,GB@NYG,GB,NYG,,,,,,RB/FLEX
122899-86997,WR,Amon-Ra,Amon-Ra St. Brown,St. Brown,17.355555216471355,9,9100,DET@PHI,DET,PHI,,,,,,WR/FLEX
122899-62239,QB,Josh,Josh Allen,Allen,23.962222629123264,9,9000,TB@BUF,BUF,TB,,,,,,QB
122899-69531,QB,Jalen,Jalen Hurts,Hurts,21.08888922797309,9,9000,DET@PHI,PHI,DET,,,,,,QB
122899-91626,RB,James,James Cook III,Cook III,18.711110432942707,9,8900,TB@BUF,BUF,TB,,,,,,RB/FLEX
122899-93541,RB,Javonte,Javonte Williams,Williams,16.599999321831596,9,8600,DAL@LV,DAL,LV,,,,,,RB/FLEX
122899-63115,QB,Lamar,Lamar Jackson,Jackson,22.759999593098957,6,8600,BAL@CLE,BAL,CLE,,,,,,QB
122899-85671,WR,Justin,Justin Jefferson,Jefferson,12.5,9,8600,CHI@MIN,MIN,CHI,,,,,,WR/FLEX
122899-39280,RB,Derrick,Derrick Henry,Henry,13.48888905843099,9,8500,BAL@CLE,BAL,CLE,,,,,,RB/FLEX
122899-64401,RB,Saquon,Saquon Barkley,Barkley,14.488888210720486,9,8500,DET@PHI,PHI,DET,,,,,,RB/FLEX
122899-112745,WR,Drake,Drake London,London,17.950000762939453,8,8400,CAR@ATL,ATL,CAR,Q,Illness,,,,WR/FLEX
122899-104433,RB,Kyren,Kyren Williams,Williams,15.733334011501736,9,8400,SEA@LAR,LAR,SEA,,,,,,RB/FLEX
122899-57439,QB,Patrick,Patrick Mahomes,Mahomes,23.82888963487413,9,8300,KC@DEN,KC,DEN,,,,,,QB
122899-72846,WR,A.J.,A.J. Brown,Brown,10.037500381469727,8,8300,DET@PHI,PHI,DET,,,,,,WR/FLEX
122899-91419,WR,Nico,Nico Collins,Collins,12.475000381469727,8,8300,HOU@TEN,HOU,TEN,,,,,,WR/FLEX
122899-69189,QB,Justin,Justin Herbert,Herbert,21.980000305175782,10,8200,LAC@JAC,LAC,JAC,,,,,,QB
122899-111311,WR,Rashee,Rashee Rice,Rice,19.099999745686848,3,8200,KC@DEN,KC,DEN,,,,,,WR/FLEX
122899-72297,RB,Rico,Rico Dowdle,Dowdle,14.7,10,8100,CAR@ATL,CAR,ATL,,,,,,RB/FLEX
122899-38435,QB,Jared,Jared Goff,Goff,18.966666327582466,9,8000,DET@PHI,DET,PHI,,,,,,QB
122899-41535,QB,Baker,Baker Mayfield,Mayfield,18.71999952528212,9,8000,TB@BUF,TB,BUF,,,,,,QB
122899-45889,WR,Davante,Davante Adams,Adams,14.977778116861979,9,8000,SEA@LAR,LAR,SEA,Q,Oblique,,,,WR/FLEX
122899-152655,WR,Emeka,Emeka Egbuka,Egbuka,15.06666734483507,9,7900,TB@BUF,TB,BUF,,,,,,WR/FLEX
122899-6654,QB,Matthew,Matthew Stafford,Stafford,21.797776963975693,9,7900,SEA@LAR,LAR,SEA,,,,,,QB
122899-6714,QB,Joe,Joe Flacco,Flacco,17.457500457763672,8,7800,CIN@PIT,CIN,PIT,,,,,,QB
122899-31716,QB,Dak,Dak Prescott,Prescott,20.095555623372395,9,7800,DAL@LV,DAL,LV,,,,,,QB
122899-169410,RB,Quinshon,Quinshon Judkins,Judkins,12.887499809265137,8,7700,BAL@CLE,CLE,BAL,,,,,,RB/FLEX
122899-152113,QB,Caleb,Caleb Williams,Williams,20.582222832573784,9,7700,CHI@MIN,CHI,MIN,,,,,,QB
122899-91750,TE,Trey,Trey McBride,McBride,14.422222561306423,9,7700,SF@ARI,ARI,SF,,,,,,TE/FLEX
122899-152664,RB,Bucky,Bucky Irving,Irving,16.375,4,7600,TB@BUF,TB,BUF,O,Shoulder,,,,RB/FLEX
122899-151966,QB,Jaxson,Jaxson Dart,Dart,18.153333875868057,9,7600,GB@NYG,NYG,GB,O,Concussion,,,,QB
122899-133472,WR,Ladd,Ladd McConkey,McConkey,11.859999847412109,10,7500,LAC@JAC,LAC,JAC,,,,,,WR/FLEX
122899-102965,QB,Bo,Bo Nix,Nix,19.65399932861328,10,7500,KC@DEN,DEN,KC,,,,,,QB
122899-110246,WR,George,George Pickens,Pickens,15.877777099609375,9,7500,DAL@LV,DAL,LV,,,,,,WR/FLEX
122899-73048,WR,DK,DK Metcalf,Metcalf,11.022221883138021,9,7400,CIN@PIT,PIT,CIN,,,,,,WR/FLEX
122899-69017,QB,Jordan,Jordan Love,Love,17.408888075086807,9,7400,GB@NYG,GB,NYG,,,,,,QB
122899-128633,RB,Kimani,Kimani Vidal,Vidal,10.67142813546317,7,7400,LAC@JAC,LAC,JAC,,,,,,RB/FLEX
122899-167031,RB,Ashton,Ashton Jeanty,Jeanty,13.644444783528646,9,7300,DAL@LV,LV,DAL,,,,,,RB/FLEX
122899-137902,RB,Rachaad,Rachaad White,White,9.200000339084202,9,7300,TB@BUF,TB,BUF,,,,,,RB/FLEX
122899-6894,QB,Aaron,Aaron Rodgers,Rodgers,15.879999796549479,9,7300,CIN@PIT,PIT,CIN,,,,,,QB
122899-89981,WR,Tee,Tee Higgins,Higgins,11.677777608235678,9,7300,CIN@PIT,CIN,PIT,,,,,,WR/FLEX
122899-63589,QB,Sam,Sam Darnold,Darnold,17.153333875868057,9,7200,SEA@LAR,SEA,LAR,,,,,,QB
122899-120033,WR,Rome,Rome Odunze,Odunze,12.933333502875435,9,7200,CHI@MIN,CHI,MIN,,,,,,WR/FLEX
122899-151794,TE,Brock,Brock Bowers,Bowers,13.416666666666666,6,7200,DAL@LV,LV,DAL,,,,,,TE/FLEX
122899-89493,RB,Chase,Chase Brown,Brown,11.288888719346788,9,7200,CIN@PIT,CIN,PIT,,,,,,RB/FLEX
122899-90584,QB,Mac,Mac Jones,Jones,18.18000030517578,8,7100,SF@ARI,SF,ARI,,,,,,QB
122899-85607,QB,Brock,Brock Purdy,Purdy,20.719999313354492,2,7100,SF@ARI,SF,ARI,,,,,,QB
122899-112295,WR,Zay,Zay Flowers,Flowers,10.788888719346788,9,7100,BAL@CLE,BAL,CLE,,,,,,WR/FLEX
122899-112057,RB,Jaylen,Jaylen Warren,Warren,12.662500381469727,8,7000,CIN@PIT,PIT,CIN,,,,,,RB/FLEX
122899-30231,QB,Jacoby,Jacoby Brissett,Brissett,14.819999694824219,6,7000,SF@ARI,ARI,SF,,,,,,QB
122899-29253,WR,Keenan,Keenan Allen,Allen,10.69000015258789,10,7000,LAC@JAC,LAC,JAC,,,,,,WR/FLEX
122899-129210,WR,Jordan,Jordan Addison,Addison,11.966667175292969,6,6900,CHI@MIN,MIN,CHI,,,,,,WR/FLEX
122899-91598,RB,D'Andre,D'Andre Swift,Swift,15.112500190734863,8,6900,CHI@MIN,CHI,MIN,,,,,,RB/FLEX
122899-90576,WR,DeVonta,DeVonta Smith,Smith,12.633332994249132,9,6900,DET@PHI,PHI,DET,,,,,,WR/FLEX
122899-89680,TE,Jake,Jake Ferguson,Ferguson,11.155555725097656,9,6900,DAL@LV,DAL,LV,,,,,,TE/FLEX
122899-89951,QB,Trevor,Trevor Lawrence,Lawrence,16.67999945746528,9,6900,LAC@JAC,JAC,LAC,,,,,,QB
122899-57403,WR,Courtland,Courtland Sutton,Sutton,10.85,10,6800,KC@DEN,DEN,KC,,,,,,WR/FLEX
122899-89956,RB,Travis,Travis Etienne Jr.,Etienne Jr.,13.233333163791233,9,6800,LAC@JAC,JAC,LAC,,,,,,RB/FLEX
122899-152575,QB,J.J.,J.J. McCarthy,McCarthy,16.170000076293945,4,6800,CHI@MIN,MIN,CHI,,,,,,QB
122899-111631,WR,Jameson,Jameson Williams,Williams,10.11111111111111,9,6700,DET@PHI,DET,PHI,,,,,,WR/FLEX
122899-151745,WR,Brian,Brian Thomas Jr.,Thomas Jr.,8.824999809265137,8,6700,LAC@JAC,JAC,LAC,Q,Ankle,,,,WR/FLEX
122899-129471,QB,C.J.,C.J. Stroud,Stroud,16.122499465942383,8,6700,HOU@TEN,HOU,TEN,O,Concussion,,,,QB
122899-89628,QB,Davis,Davis Mills,Mills,12.026667277018229,3,6700,HOU@TEN,HOU,TEN,,,,,,QB
122899-87787,RB,J.K.,J.K. Dobbins,Dobbins,11.640000152587891,10,6700,KC@DEN,DEN,KC,IR,Foot,,,,RB/FLEX
122899-22015,QB,Russell,Russell Wilson,Wilson,9.306666692097982,6,6600,GB@NYG,NYG,GB,,,,,,QB
122899-120639,WR,Quentin,Quentin Johnston,Johnston,12.925000190734863,8,6600,LAC@JAC,LAC,JAC,Q,Shin,,,,WR/FLEX
122899-39793,TE,George,George Kittle,Kittle,9.319999694824219,5,6600,SF@ARI,SF,ARI,,,,,,TE/FLEX
122899-103342,RB,Kenneth,Kenneth Walker III,Walker III,9.855555216471354,9,6600,SEA@LAR,SEA,LAR,,,,,,RB/FLEX
122899-152651,WR,Marvin,Marvin Harrison Jr.,Harrison Jr.,10.61111111111111,9,6500,SF@ARI,ARI,SF,O,Appendix,,,,WR/FLEX
122899-88797,QB,Michael,Michael Penix Jr.,Penix Jr.,14.797499656677246,8,6500,CAR@ATL,ATL,CAR,,,,,,QB
122899-158438,TE,Oronde,Oronde Gadsden II,Gadsden II,9.637499809265137,8,6500,LAC@JAC,LAC,JAC,,,,,,TE/FLEX
122899-119606,QB,Bryce,Bryce Young,Young,11.884444342719185,9,6500,CAR@ATL,CAR,ATL,,,,,,QB
122899-26483,QB,Geno,Geno Smith,Smith,13.284444173177084,9,6500,DAL@LV,LV,DAL,,,,,,QB
122899-92020,QB,Kenny,Kenny Pickett,Pickett,-0.8399999737739563,2,6500,DAL@LV,LV,DAL,,,,,,QB
122899-103376,RB,Zach,Zach Charbonnet,Charbonnet,9.5625,8,6500,SEA@LAR,SEA,LAR,,,,,,RB/FLEX
122899-105646,TE,Sam,Sam LaPorta,LaPorta,9.655555725097656,9,6400,DET@PHI,DET,PHI,IR,Back,,,,TE/FLEX
122899-158974,WR,Xavier,Xavier Worthy,Worthy,7.271428789411273,7,6400,KC@DEN,KC,DEN,,,,,,WR/FLEX
122899-103698,QB,Dillon,Dillon Gabriel,Gabriel,9.880000523158483,7,6400,BAL@CLE,CLE,BAL,,,,,,QB
122899-168356,QB,Cam,Cam Ward,Ward,8.777777777777779,9,6400,HOU@TEN,TEN,HOU,,,,,,QB
122899-40442,RB,Aaron,Aaron Jones Sr.,Jones Sr.,9.140000152587891,5,6400,CHI@MIN,MIN,CHI,,,,,,RB/FLEX
122899-94370,WR,Romeo,Romeo Doubs,Doubs,9.788888719346788,9,6300,GB@NYG,GB,NYG,,,,,,WR/FLEX
122899-149696,QB,Trey,Trey Lance,Lance,2.859999895095825,1,6300,LAC@JAC,LAC,JAC,,,,,,QB
122899-24849,QB,Jameis,Jameis Winston,Winston,13.830909035422586,11,6300,GB@NYG,NYG,GB,,,,,,QB
122899-53729,QB,Mason,Mason Rudolph,Rudolph,0.23999999463558197,2,6300,CIN@PIT,PIT,CIN,,,,,,QB
122899-89607,QB,Tanner,Tanner McKee,McKee,-0.20000000298023224,1,6300,DET@PHI,PHI,DET,,,,,,QB
122899-138774,RB,Woody,Woody Marks,Marks,8.911110772026909,9,6300,HOU@TEN,HOU,TEN,,,,,,RB/FLEX
122899-73273,RB,David,David Montgomery,Montgomery,11.257777743869358,9,6300,DET@PHI,DET,PHI,,,,,,RB/FLEX
122899-87691,QB,Malik,Malik Willis,Willis,7.399999891008649,7,6300,GB@NYG,GB,NYG,,,,,,QB
122899-104576,QB,Sam,Sam Howell,Howell,0.07999999821186066,2,6200,DET@PHI,PHI,DET,,,,,,QB
122899-86153,RB,Tyrone,Tyrone Tracy Jr.,Tracy Jr.,5.8125,8,6200,GB@NYG,NYG,GB,,,,,,RB/FLEX
122899-61593,WR,Jauan,Jauan Jennings,Jennings,8.050000190734863,8,6200,SF@ARI,SF,ARI,,,,,,WR/FLEX
122899-167620,WR,Tetairoa,Tetairoa McMillan,McMillan,9.980000305175782,10,6200,CAR@ATL,CAR,ATL,,,,,,WR/FLEX
122899-151903,WR,Troy,Troy Franklin,Franklin,9.84000015258789,10,6100,KC@DEN,DEN,KC,,,,,,WR/FLEX
122899-86518,WR,Khalil,Khalil Shakir,Shakir,9.633332994249132,9,6100,TB@BUF,BUF,TB,,,,,,WR/FLEX
122899-144102,RB,Kyle,Kyle Monangai,Monangai,7.422222561306423,9,6100,CHI@MIN,CHI,MIN,,,,,,RB/FLEX
122899-86081,QB,Emory,Emory Jones,Jones,,0,6000,CAR@ATL,ATL,CAR,IR,Concussion,,,,QB
122899-152646,QB,Kyle,Kyle McCord,McCord,,0,6000,DET@PHI,PHI,DET,,,,,,QB
122899-52342,QB,Will,Will Grier,Grier,,0,6000,DAL@LV,DAL,LV,,,,,,QB
122899-103591,QB,Graham,Graham Mertz,Mertz,,0,6000,HOU@TEN,HOU,TEN,,,,,,QB
122899-45229,RB,Kareem,Kareem Hunt,Hunt,8.466666327582466,9,6000,KC@DEN,KC,DEN,,,,,,RB/FLEX
122899-86200,QB,Sean,Sean Clifford,Clifford,,0,6000,CIN@PIT,CIN,PIT,,,,,,QB
122899-93382,QB,Aidan,Aidan O'Connell,O'Connell,11.164444817437065,9,6000,DAL@LV,LV,DAL,IR,Wrist,,,,QB
122899-69833,QB,Shane,Shane Buechele,Buechele,,0,6000,TB@BUF,BUF,TB,,,,,,QB
122899-86243,QB,Will,Will Levis,Levis,10.995000203450521,12,6000,HOU@TEN,TEN,HOU,IR,Shoulder,,,,QB
122899-91390,QB,Joe,Joe Milton III,Milton III,3.4800000190734863,2,6000,DAL@LV,DAL,LV,,,,,,QB
122899-120105,QB,Will,Will Howard,Howard,,0,6000,CIN@PIT,PIT,CIN,,,,,,QB
122899-54604,QB,Jimmy,Jimmy Garoppolo,Garoppolo,-0.30000001192092896,1,6000,SEA@LAR,LAR,SEA,,,,,,QB
122899-27986,QB,C.J.,C.J. Beathard,Beathard,,0,6000,DET@PHI,DET,PHI,,,,,,QB
122899-61798,QB,Gardner,Gardner Minshew II,Minshew II,-0.30000001192092896,2,6000,KC@DEN,KC,DEN,,,,,,QB
122899-89455,WR,Jayden,Jayden Reed,Reed,12,1,6000,GB@NYG,GB,NYG,IR,Collarbone,,,,WR/FLEX
122899-92560,QB,Sam,Sam Ehlinger,Ehlinger,0,1,6000,KC@DEN,DEN,KC,,,,,,QB
122899-103824,QB,Easton,Easton Stick,Stick,,0,6000,CAR@ATL,ATL,CAR,,,,,,QB
122899-70051,QB,Tyler,Tyler Huntley,Huntley,11.680000305175781,2,6000,BAL@CLE,BAL,CLE,,,,,,QB
122899-60840,QB,Jake,Jake Browning,Browning,14.045000076293945,4,6000,CIN@PIT,CIN,PIT,,,,,,QB
122899-110000,QB,Connor,Connor Bazelak,Bazelak,,0,6000,TB@BUF,TB,BUF,,,,,,QB
122899-185776,QB,Tyson,Tyson Bagent,Bagent,1.2899999618530273,2,6000,CHI@MIN,CHI,MIN,,,,,,QB
122899-91583,QB,Stetson,Stetson Bennett IV,Bennett IV,0,1,6000,SEA@LAR,LAR,SEA,,,,,,QB
122899-31170,QB,Brandon,Brandon Allen,Allen,2.7866665522257485,3,6000,HOU@TEN,TEN,HOU,,,,,,QB
122899-22994,QB,Case,Case Keenum,Keenum,,0,6000,CHI@MIN,CHI,MIN,,,,,,QB
122899-33259,QB,Teddy,Teddy Bridgewater,Bridgewater,-0.10000000149011612,1,6000,TB@BUF,TB,BUF,,,,,,QB
122899-60947,QB,Jarrett,Jarrett Stidham,Stidham,-0.10000000149011612,1,6000,KC@DEN,DEN,KC,,,,,,QB
122899-102933,QB,Kedon,Kedon Slovis,Slovis,0,1,6000,SF@ARI,ARI,SF,,,,,,QB
122899-22038,QB,Kirk,Kirk Cousins,Cousins,4.139999866485596,2,6000,CAR@ATL,ATL,CAR,,,,,,QB
122899-30253,QB,Jeff,Jeff Driskel,Driskel,0,1,6000,SF@ARI,ARI,SF,,,,,,QB
122899-64051,QB,Drew,Drew Lock,Lock,0.05000000074505806,2,6000,SEA@LAR,SEA,LAR,,,,,,QB
122899-63043,WR,DJ,DJ Moore,Moore,8.308888753255209,9,6000,CHI@MIN,CHI,MIN,,,,,,WR/FLEX
122899-208467,QB,Cam,Cam Miller,Miller,,0,6000,DAL@LV,LV,DAL,,,,,,QB
122899-41562,QB,Nick,Nick Mullens,Mullens,0.33000001311302185,4,6000,LAC@JAC,JAC,LAC,,,,,,QB
122899-44715,QB,Cooper,Cooper Rush,Rush,1.4299999475479126,4,6000,BAL@CLE,BAL,CLE,,,,,,QB
122899-69294,QB,Skylar,Skylar Thompson,Thompson,2.626666704813639,3,6000,CIN@PIT,PIT,CIN,IR,Hamstring,,,,QB
122899-70324,QB,Carson,Carson Wentz,Wentz,16.267999267578126,5,6000,CHI@MIN,MIN,CHI,IR,Shoulder,,,,QB
122899-73398,QB,Chris,Chris Oladokun,Oladokun,0.25,2,6000,KC@DEN,KC,DEN,,,,,,QB
122899-90813,QB,Clayton,Clayton Tune,Tune,-0.3466666539510091,6,6000,GB@NYG,GB,NYG,,,,,,QB
122899-139985,QB,Bailey,Bailey Zappe,Zappe,4.5,2,6000,BAL@CLE,CLE,BAL,,,,,,QB
122899-38628,QB,Mitchell,Mitchell Trubisky,Trubisky,0.753333330154419,3,6000,TB@BUF,BUF,TB,,,,,,QB
122899-28434,QB,Trevor,Trevor Siemian,Siemian,,0,6000,HOU@TEN,TEN,HOU,,,,,,QB
122899-92975,QB,Malik,Malik Cunningham,Cunningham,,0,6000,DET@PHI,DET,PHI,,,,,,QB
122899-154462,QB,Jalen,Jalen Milroe,Milroe,-0.5333333412806193,3,6000,SEA@LAR,SEA,LAR,,,,,,QB
122899-90981,QB,Adrian,Adrian Martinez,Martinez,-0.10000000149011612,1,6000,SF@ARI,SF,ARI,,,,,,QB
122899-53095,QB,Kyle,Kyle Allen,Allen,-0.15000000596046448,2,6000,DET@PHI,DET,PHI,,,,,,QB
122899-63336,QB,Joe,Joe Burrow,Burrow,7.929999828338623,2,6000,CIN@PIT,CIN,PIT,IR,Toe,,,,QB
122899-88937,QB,Carter,Carter Bradley,Bradley,,0,6000,LAC@JAC,JAC,LAC,,,,,,QB
122899-184183,QB,Shedeur,Shedeur Sanders,Sanders,,0,6000,BAL@CLE,CLE,BAL,,,,,,QB
122899-56192,QB,John,John Wolford,Wolford,,0,6000,CHI@MIN,MIN,CHI,,,,,,QB
122899-14225,QB,Andy,Andy Dalton,Dalton,2.630000114440918,4,6000,CAR@ATL,CAR,ATL,,,,,,QB
122899-200653,QB,Max,Max Brosmer,Brosmer,0.5266666809717814,3,6000,CHI@MIN,MIN,CHI,,,,,,QB
122899-129010,QB,DJ,DJ Uiagalelei,Uiagalelei,,0,6000,LAC@JAC,LAC,JAC,,,,,,QB
122899-63484,QB,Kyler,Kyler Murray,Murray,16.155999755859376,5,6000,SF@ARI,ARI,SF,IR,Foot,,,,QB
122899-63634,WR,Jakobi,Jakobi Meyers,Meyers,7.162499904632568,8,5900,LAC@JAC,JAC,LAC,,,,,,WR/FLEX
122899-137516,WR,Parker,Parker Washington,Washington,7.944444444444445,9,5900,LAC@JAC,JAC,LAC,,,,,,WR/FLEX
122899-92575,RB,Isiah,Isiah Pacheco,Pacheco,6.837500095367432,8,5900,KC@DEN,KC,DEN,O,Knee - mcl,,,,RB/FLEX
122899-128624,WR,Tez,Tez Johnson,Johnson,7.4375,8,5900,TB@BUF,TB,BUF,,,,,,WR/FLEX
122899-128810,TE,Theo,Theo Johnson,Johnson,7.790000152587891,10,5900,GB@NYG,NYG,GB,,,,,,TE/FLEX
122899-103539,WR,Wan'Dale,Wan'Dale Robinson,Robinson,10.19000015258789,10,5800,GB@NYG,NYG,GB,,,,,,WR/FLEX
122899-83074,TE,Dallas,Dallas Goedert,Goedert,11.899999618530273,8,5800,DET@PHI,PHI,DET,,,,,,TE/FLEX
122899-103619,WR,Tre,Tre Tucker,Tucker,10.344444274902344,9,5800,DAL@LV,LV,DAL,,,,,,WR/FLEX
122899-52436,TE,Mark,Mark Andrews,Andrews,7.744444105360243,9,5800,BAL@CLE,BAL,CLE,,,,,,TE/FLEX
122899-63819,WR,Darius,Darius Slayton,Slayton,5.474999904632568,8,5800,GB@NYG,NYG,GB,O,Hamstring,,,,WR/FLEX
122899-169776,WR,Christian,Christian Watson,Watson,7.599999745686849,3,5800,GB@NYG,GB,NYG,,,,,,WR/FLEX
122899-86875,RB,Jordan,Jordan Mason,Mason,8.866667005750868,9,5800,CHI@MIN,MIN,CHI,,,,,,RB/FLEX
122899-110484,RB,RJ,RJ Harvey,Harvey,8.740000152587891,10,5800,KC@DEN,DEN,KC,,,,,,RB/FLEX
122899-145558,TE,Dalton,Dalton Kincaid,Kincaid,11.162500381469727,8,5700,TB@BUF,BUF,TB,O,Hamstring,,,,TE/FLEX
122899-90428,RB,Tyler,Tyler Allgeier,Allgeier,7.5,9,5700,CAR@ATL,ATL,CAR,,,,,,RB/FLEX
122899-102796,WR,Ricky,Ricky Pearsall,Pearsall,12.074999809265137,4,5700,SF@ARI,SF,ARI,,,,,,WR/FLEX
122899-90561,WR,Jerry,Jerry Jeudy,Jeudy,5.944444444444445,9,5700,BAL@CLE,CLE,BAL,,,,,,WR/FLEX
122899-90870,WR,Calvin,Calvin Austin III,Austin III,6.600000108991351,7,5700,CIN@PIT,PIT,CIN,,,,,,WR/FLEX
122899-90912,RB,Kenneth,Kenneth Gainwell,Gainwell,7.200000339084202,9,5700,CIN@PIT,PIT,CIN,,,,,,RB/FLEX
122899-166916,WR,Matthew,Matthew Golden,Golden,5.275000095367432,8,5600,GB@NYG,GB,NYG,Q,Shoulder,,,,WR/FLEX
122899-69777,WR,Darnell,Darnell Mooney,Mooney,3.642857142857143,7,5600,CAR@ATL,ATL,CAR,,,,,,WR/FLEX
122899-63759,RB,Tony,Tony Pollard,Pollard,8.866667005750868,9,5600,HOU@TEN,TEN,HOU,,,,,,RB/FLEX
122899-170287,WR,Rashid,Rashid Shaheed,Shaheed,8.819999694824219,10,5600,SEA@LAR,SEA,LAR,,,,,,WR/FLEX
122899-33076,TE,Travis,Travis Kelce,Kelce,10.5,9,5600,KC@DEN,KC,DEN,,,,,,TE/FLEX
122899-185861,RB,Emanuel,Emanuel Wilson,Wilson,3.2222222222222223,9,5600,GB@NYG,GB,NYG,,,,,,RB/FLEX
122899-92859,WR,Jalen,Jalen Nailor,Nailor,6.466666751437717,9,5600,CHI@MIN,MIN,CHI,,,,,,WR/FLEX
122899-174215,RB,Omarion,Omarion Hampton,Hampton,14,5,5500,LAC@JAC,LAC,JAC,IR,Ankle,,,,RB/FLEX
122899-89612,WR,Michael,Michael Wilson,Wilson,4.4555553860134545,9,5500,SF@ARI,ARI,SF,,,,,,WR/FLEX
122899-88699,RB,Jaret,Jaret Patterson,Patterson,2.5,3,5500,LAC@JAC,LAC,JAC,,,,,,RB/FLEX
122899-86687,WR,Hollywood,Hollywood Brown,Brown,8.877777947319878,9,5500,KC@DEN,KC,DEN,,,,,,WR/FLEX
122899-142042,RB,Trey,Trey Benson,Benson,7.224999904632568,4,5500,SF@ARI,ARI,SF,IR,Knee - meniscus,,,,RB/FLEX
122899-86811,TE,Cade,Cade Otton,Otton,6.599999904632568,8,5500,TB@BUF,TB,BUF,,,,,,TE/FLEX
122899-27477,WR,Sterling,Sterling Shepard,Shepard,5.522222306993273,9,5500,TB@BUF,TB,BUF,,,,,,WR/FLEX
122899-103252,RB,Zonovan,Zonovan Knight,Knight,5.4571429661342075,7,5500,SF@ARI,ARI,SF,Q,Ankle,,,,RB/FLEX
122899-110457,WR,Dontayvion,Dontayvion Wicks,Wicks,3.671428680419922,7,5500,GB@NYG,GB,NYG,,,,,,WR/FLEX
122899-53562,RB,Nick,Nick Chubb,Chubb,7.066666497124566,9,5400,HOU@TEN,HOU,TEN,,,,,,RB/FLEX
122899-137953,TE,AJ,AJ Barner,Barner,7.233333163791233,9,5400,SEA@LAR,SEA,LAR,,,,,,TE/FLEX
122899-137967,RB,Blake,Blake Corum,Corum,4.466666751437717,9,5400,SEA@LAR,LAR,SEA,,,,,,RB/FLEX
122899-157467,WR,Keon,Keon Coleman,Coleman,7.555555555555555,9,5400,TB@BUF,BUF,TB,,,,,,WR/FLEX
122899-172861,WR,Elic,Elic Ayomanor,Ayomanor,6.3666665818956165,9,5400,HOU@TEN,TEN,HOU,,,,,,WR/FLEX
122899-147315,WR,Jayden,Jayden Higgins,Higgins,5.288888719346788,9,5400,HOU@TEN,HOU,TEN,,,,,,WR/FLEX
122899-70603,RB,Devin,Devin Singletary,Singletary,2.7600000381469725,10,5400,GB@NYG,NYG,GB,,,,,,RB/FLEX
122899-129112,WR,Chimere,Chimere Dike,Dike,4.844444274902344,9,5300,HOU@TEN,TEN,HOU,,,,,,WR/FLEX
122899-79970,WR,Cooper,Cooper Kupp,Kupp,6.837500095367432,8,5300,SEA@LAR,SEA,LAR,,,,,,WR/FLEX
122899-94579,RB,Emari,Emari Demercado,Demercado,5.071428571428571,7,5300,SF@ARI,ARI,SF,,,,,,RB/FLEX
122899-60858,WR,Christian,Christian Kirk,Kirk,4.259999847412109,5,5300,HOU@TEN,HOU,TEN,,,,,,WR/FLEX
122899-60957,WR,KaVontae,KaVontae Turpin,Turpin,4.928571428571429,7,5300,DAL@LV,DAL,LV,,,,,,WR/FLEX
122899-55042,TE,Dalton,Dalton Schultz,Schultz,8.033333672417534,9,5300,HOU@TEN,HOU,TEN,,,,,,TE/FLEX
122899-107293,RB,Tyjae,Tyjae Spears,Spears,7.459999847412109,5,5300,HOU@TEN,TEN,HOU,,,,,,RB/FLEX
122899-152520,RB,Will,Will Shipley,Shipley,1.3285714558192663,7,5300,DET@PHI,PHI,DET,,,,,,RB/FLEX
122899-64496,WR,Olamide,Olamide Zaccheaus,Zaccheaus,5.477777693006727,9,5300,CHI@MIN,CHI,MIN,,,,,,WR/FLEX
122899-71706,TE,T.J.,T.J. Hockenson,Hockenson,5.733333163791233,9,5200,CHI@MIN,MIN,CHI,,,,,,TE/FLEX
122899-64555,WR,Calvin,Calvin Ridley,Ridley,6.666666666666667,6,5200,HOU@TEN,TEN,HOU,Q,Hamstring,,,,WR/FLEX
122899-87467,RB,Chuba,Chuba Hubbard,Hubbard,8.649999618530273,8,5200,CAR@ATL,CAR,ATL,,,,,,RB/FLEX
122899-113228,TE,Luke,Luke Musgrave,Musgrave,2.442857197352818,7,5200,GB@NYG,GB,NYG,,,,,,TE/FLEX
122899-128693,RB,Tank,Tank Bigsby,Bigsby,2.0999999046325684,8,5200,DET@PHI,PHI,DET,,,,,,RB/FLEX
122899-166588,TE,Colston,Colston Loveland,Loveland,6.800000190734863,8,5200,CHI@MIN,CHI,MIN,,,,,,TE/FLEX
122899-85845,WR,Rashod,Rashod Bateman,Bateman,4.600000169542101,9,5200,BAL@CLE,BAL,CLE,O,Ankle,,,,WR/FLEX
122899-137059,RB,Sean,Sean Tucker,Tucker,3,9,5200,TB@BUF,TB,BUF,,,,,,RB/FLEX
122899-69558,WR,Greg,Greg Dortch,Dortch,3.1999999152289496,9,5200,SF@ARI,ARI,SF,,,,,,WR/FLEX
122899-71705,TE,Noah,Noah Fant,Fant,7.214285714285714,7,5100,CIN@PIT,CIN,PIT,,,,,,TE/FLEX
122899-185593,WR,Andrei,Andrei Iosivas,Iosivas,5.5,7,5100,CIN@PIT,CIN,PIT,,,,,,WR/FLEX
122899-41305,WR,Zay,Zay Jones,Jones,4.049999872843425,6,5100,SF@ARI,ARI,SF,IR,Achilles,,,,WR/FLEX
122899-90562,RB,Brian,Brian Robinson Jr.,Robinson Jr.,4.029999923706055,10,5100,SF@ARI,SF,ARI,,,,,,RB/FLEX
122899-129546,WR,Tre',Tre' Harris,Harris,2.888888888888889,9,5100,LAC@JAC,LAC,JAC,,,,,,WR/FLEX
122899-172699,TE,Harold,Harold Fannin Jr.,Fannin Jr.,8.133332994249132,9,5100,BAL@CLE,CLE,BAL,,,,,,TE/FLEX
122899-119788,WR,Xavier,Xavier Hutchinson,Hutchinson,6.400000095367432,8,5100,HOU@TEN,HOU,TEN,,,,,,WR/FLEX
122899-48116,TE,Jonnu,Jonnu Smith,Smith,4.6999999152289496,9,5100,CIN@PIT,PIT,CIN,,,,,,TE/FLEX
122899-55335,TE,David,David Njoku,Njoku,7.574999809265137,8,5000,BAL@CLE,CLE,BAL,,,,,,TE/FLEX
122899-86080,TE,Kyle,Kyle Pitts Sr.,Pitts Sr.,7.833333333333333,9,5000,CAR@ATL,ATL,CAR,,,,,,TE/FLEX
122899-155775,RB,Brashard,Brashard Smith,Smith,3.0444444020589194,9,5000,KC@DEN,KC,DEN,,,,,,RB/FLEX
122899-103587,TE,Brenton,Brenton Strange,Strange,6.079999923706055,5,5000,LAC@JAC,JAC,LAC,IR,Hip,,,,TE/FLEX
122899-86229,WR,Jahan,Jahan Dotson,Dotson,3.137500047683716,8,5000,DET@PHI,PHI,DET,,,,,,WR/FLEX
122899-16606,WR,DeAndre,DeAndre Hopkins,Hopkins,4.311111026340061,9,5000,BAL@CLE,BAL,CLE,,,,,,WR/FLEX
122899-86244,TE,Pat,Pat Freiermuth,Freiermuth,7.25,8,5000,CIN@PIT,PIT,CIN,,,,,,TE/FLEX
122899-120042,WR,Jalen,Jalen McMillan,McMillan,8.714285714285714,14,5000,TB@BUF,TB,BUF,IR,Neck,,,,WR/FLEX
122899-12533,D,Green Bay,Green Bay Packers,Packers,5,9,5000,GB@NYG,GB,NYG,,,,,,DEF
122899-120093,WR,Marvin,Marvin Mims Jr.,Mims Jr.,6.224999904632568,8,5000,KC@DEN,DEN,KC,,,,,,WR/FLEX
122899-55635,WR,Chris,Chris Godwin Jr.,Godwin Jr.,4.099999904632568,2,5000,TB@BUF,TB,BUF,O,Lower leg,,,,WR/FLEX
122899-174486,RB,Dylan,Dylan Sampson,Sampson,3.8666665818956165,9,5000,BAL@CLE,CLE,BAL,,,,,,RB/FLEX
122899-80289,WR,Kendrick,Kendrick Bourne,Bourne,7.744444105360243,9,5000,SF@ARI,SF,ARI,,,,,,WR/FLEX
122899-27050,WR,Tyler,Tyler Lockett,Lockett,2.0999999576144748,9,5000,DAL@LV,LV,DAL,,,,,,WR/FLEX
122899-103195,WR,Jordan,Jordan Whittington,Whittington,2.7571427481515065,7,5000,SEA@LAR,LAR,SEA,,,,,,WR/FLEX
122899-174245,WR,Isaiah,Isaiah Bond,Bond,2.671428680419922,7,4900,BAL@CLE,CLE,BAL,,,,,,WR/FLEX
122899-12549,D,San Francisco,San Francisco 49ers,49ers,3.6,10,4900,SF@ARI,SF,ARI,,,,,,DEF
122899-91488,RB,Chris,Chris Brooks,Brooks,1.3000000544956751,7,4900,GB@NYG,GB,NYG,,,,,,RB/FLEX
122899-152007,WR,Jaylin,Jaylin Noel,Noel,3.899999830457899,9,4900,HOU@TEN,HOU,TEN,,,,,,WR/FLEX
122899-91618,TE,John,John FitzPatrick,FitzPatrick,2.7249999046325684,4,4900,GB@NYG,GB,NYG,,,,,,TE/FLEX
122899-55987,WR,JuJu,JuJu Smith-Schuster,Smith-Schuster,5.288888719346788,9,4900,KC@DEN,KC,DEN,,,,,,WR/FLEX
122899-134837,WR,Tory,Tory Horton,Horton,7.324999809265137,8,4900,SEA@LAR,SEA,LAR,O,Groin,,,,WR/FLEX
122899-47870,TE,Tyler,Tyler Higbee,Higbee,5.4571429661342075,7,4900,SEA@LAR,LAR,SEA,,,,,,TE/FLEX
122899-138037,WR,Roman,Roman Wilson,Wilson,5.066666603088379,6,4900,CIN@PIT,PIT,CIN,,,,,,WR/FLEX
122899-160620,RB,Bhayshul,Bhayshul Tuten,Tuten,4.944444444444445,9,4900,LAC@JAC,JAC,LAC,,,,,,RB/FLEX
122899-41872,TE,Evan,Evan Engram,Engram,4.822222391764323,9,4900,KC@DEN,DEN,KC,,,,,,TE/FLEX
122899-151741,WR,Jack,Jack Bech,Bech,1.8000000317891438,6,4800,DAL@LV,LV,DAL,,,,,,WR/FLEX
122899-166092,WR,Luther,Luther Burden III,Burden III,4.974999904632568,8,4800,CHI@MIN,CHI,MIN,,,,,,WR/FLEX
122899-87260,TE,Isaiah,Isaiah Likely,Likely,3.0600000381469727,5,4800,BAL@CLE,BAL,CLE,,,,,,TE/FLEX
122899-52451,RB,Samaje,Samaje Perine,Perine,3.3666665818956165,9,4800,CIN@PIT,CIN,PIT,O,Ankle,,,,RB/FLEX
122899-158983,TE,Ja'Tavion,Ja'Tavion Sanders,Sanders,3.5428570338657925,7,4800,CAR@ATL,CAR,ATL,,,,,,TE/FLEX
122899-12556,D,Houston,Houston Texans,Texans,9.88888888888889,9,4800,HOU@TEN,HOU,TEN,,,,,,DEF
122899-94534,WR,Gabe,Gabe Davis,Davis,4.877777947319879,9,4800,TB@BUF,BUF,TB,,,,,,WR/FLEX
122899-93539,RB,Michael,Michael Carter,Carter,5.659999847412109,5,4800,SF@ARI,ARI,SF,,,,,,RB/FLEX
122899-133477,TE,Darnell,Darnell Washington,Washington,4.866666793823242,6,4800,CIN@PIT,PIT,CIN,,,,,,TE/FLEX
122899-38264,WR,Demarcus,Demarcus Robinson,Robinson,3.1000001089913503,7,4800,SF@ARI,SF,ARI,,,,,,WR/FLEX
122899-88548,WR,Jalen,Jalen Tolbert,Tolbert,4.025000095367432,8,4800,DAL@LV,DAL,LV,,,,,,WR/FLEX
122899-89588,TE,Colby,Colby Parkinson,Parkinson,3.566666603088379,6,4800,SEA@LAR,LAR,SEA,,,,,,TE/FLEX
122899-138786,WR,Malik,Malik Heath,Heath,2.9000000953674316,4,4800,GB@NYG,GB,NYG,O,Coach's decision,,,,WR/FLEX
122899-201547,WR,Jalen,Jalen Coker,Coker,2.5250000953674316,4,4800,CAR@ATL,CAR,ATL,,,,,,WR/FLEX
122899-155551,WR,Pat,Pat Bryant,Bryant,3.6999999455043246,7,4800,KC@DEN,DEN,KC,,,,,,WR/FLEX
122899-93107,RB,A.J.,A.J. Dillon,Dillon,1.3600000381469726,5,4800,DET@PHI,PHI,DET,,,,,,RB/FLEX
122899-64585,TE,Dawson,Dawson Knox,Knox,3.4375,8,4700,TB@BUF,BUF,TB,,,,,,TE/FLEX
122899-12547,D,Pittsburgh,Pittsburgh Steelers,Steelers,7.111111111111111,9,4700,CIN@PIT,PIT,CIN,,,,,,DEF
122899-93538,WR,Dyami,Dyami Brown,Brown,5,8,4700,LAC@JAC,JAC,LAC,,,,,,WR/FLEX
122899-87432,WR,Cedric,Cedric Tillman,Tillman,6.040000152587891,5,4700,BAL@CLE,CLE,BAL,,,,,,WR/FLEX
122899-90533,RB,Jerome,Jerome Ford,Ford,2.8333333333333335,9,4700,BAL@CLE,CLE,BAL,,,,,,RB/FLEX
122899-88575,WR,Elijah,Elijah Moore,Moore,2.987499952316284,8,4700,TB@BUF,BUF,TB,,,,,,WR/FLEX
122899-114198,WR,Xavier,Xavier Legette,Legette,5.012499809265137,8,4700,CAR@ATL,CAR,ATL,,,,,,WR/FLEX
122899-152148,TE,Gunnar,Gunnar Helm,Helm,3.855555640326606,9,4700,HOU@TEN,TEN,HOU,,,,,,TE/FLEX
122899-201535,WR,Kameron,Kameron Johnson,Johnson,1.7444444232516818,9,4700,TB@BUF,TB,BUF,,,,,,WR/FLEX
122899-166801,RB,Jaydon,Jaydon Blue,Blue,1.875,4,4700,DAL@LV,DAL,LV,,,,,,RB/FLEX
122899-91047,TE,Cole,Cole Kmet,Kmet,3.2750000953674316,8,4700,CHI@MIN,CHI,MIN,,,,,,TE/FLEX
122899-168916,RB,Kaleb,Kaleb Johnson,Johnson,0.6166666746139526,6,4700,CIN@PIT,PIT,CIN,,,,,,RB/FLEX
122899-64581,WR,Van,Van Jefferson,Jefferson,3.3857143947056363,7,4600,HOU@TEN,TEN,HOU,,,,,,WR/FLEX
122899-28744,RB,Raheem,Raheem Mostert,Mostert,2.366666634877523,6,4600,DAL@LV,LV,DAL,,,,,,RB/FLEX
122899-89220,WR,Tyquan,Tyquan Thornton,Thornton,8.014285496303014,7,4600,KC@DEN,KC,DEN,,,,,,WR/FLEX
122899-90307,TE,Daniel,Daniel Bellinger,Bellinger,4.600000108991351,7,4600,GB@NYG,NYG,GB,,,,,,TE/FLEX
122899-88297,TE,Chig,Chig Okonkwo,Okonkwo,4.733333163791233,9,4600,HOU@TEN,TEN,HOU,,,,,,TE/FLEX
122899-12548,D,Los Angeles,Los Angeles Chargers,Chargers,6.6,10,4600,LAC@JAC,LAC,JAC,,,,,,DEF
122899-151915,TE,Terrance,Terrance Ferguson,Ferguson,4.459999847412109,5,4600,SEA@LAR,LAR,SEA,,,,,,TE/FLEX
122899-52613,WR,Curtis,Curtis Samuel,Samuel,2.9399999618530273,5,4600,TB@BUF,BUF,TB,,,,,,WR/FLEX
122899-92677,RB,Zavier,Zavier Scott,Scott,4.6400001525878904,5,4600,CHI@MIN,MIN,CHI,,,,,,RB/FLEX
122899-62055,WR,Ray-Ray,Ray-Ray McCloud III,McCloud III,2.0799999237060547,5,4600,GB@NYG,NYG,GB,,,,,,WR/FLEX
122899-138998,TE,Michael,Michael Mayer,Mayer,4.357142857142857,7,4600,DAL@LV,LV,DAL,,,,,,TE/FLEX
122899-120642,WR,Savion,Savion Williams,Williams,1.7555555767483182,9,4600,GB@NYG,GB,NYG,Q,Foot,,,,WR/FLEX
122899-71521,RB,Justice,Justice Hill,Hill,6.077777862548828,9,4600,BAL@CLE,BAL,CLE,O,Toe,,,,RB/FLEX
122899-93143,TE,Noah,Noah Gray,Gray,1.912500023841858,8,4600,KC@DEN,KC,DEN,,,,,,TE/FLEX
122899-60451,TE,Tyler,Tyler Conklin,Conklin,2.5399999618530273,5,4500,LAC@JAC,LAC,JAC,,,,,,TE/FLEX
122899-12555,D,Baltimore,Baltimore Ravens,Ravens,3.888888888888889,9,4500,BAL@CLE,BAL,CLE,,,,,,DEF
122899-151909,WR,Dont'e,Dont'e Thornton Jr.,Thornton Jr.,1.8285714558192663,7,4500,DAL@LV,LV,DAL,,,,,,WR/FLEX
122899-87418,WR,Joshua,Joshua Palmer,Palmer,5.066666603088379,6,4500,TB@BUF,BUF,TB,,,,,,WR/FLEX
122899-201233,WR,Ryan,Ryan Flournoy,Flournoy,6.549999872843425,6,4500,DAL@LV,DAL,LV,,,,,,WR/FLEX
122899-63050,RB,Ty,Ty Johnson,Johnson,2.4333332909478083,9,4500,TB@BUF,BUF,TB,,,,,,RB/FLEX
122899-102986,TE,Elijah,Elijah Higgins,Higgins,2.762500047683716,8,4500,SF@ARI,ARI,SF,,,,,,TE/FLEX
122899-200291,TE,Jackson,Jackson Hawes,Hawes,3.8999998910086497,7,4500,TB@BUF,BUF,TB,,,,,,TE/FLEX
122899-152258,TE,Elijah,Elijah Arroyo,Arroyo,3.1555555131700306,9,4500,SEA@LAR,SEA,LAR,,,,,,TE/FLEX
122899-70422,WR,Kalif,Kalif Raymond,Raymond,3.2125000953674316,8,4500,DET@PHI,DET,PHI,,,,,,WR/FLEX
122899-39716,WR,Adam,Adam Thielen,Thielen,1.6857143129621233,7,4500,CHI@MIN,MIN,CHI,,,,,,WR/FLEX
122899-92976,WR,Tutu,Tutu Atwell,Atwell,4.8799999237060545,5,4500,SEA@LAR,LAR,SEA,IR,Hamstring,,,,WR/FLEX
122899-119697,RB,MarShawn,MarShawn Lloyd,Lloyd,2.299999952316284,1,4500,GB@NYG,GB,NYG,IR,Hamstring,,,,RB/FLEX
122899-93075,TE,Hunter,Hunter Long,Long,3.7857142857142856,7,4500,LAC@JAC,JAC,LAC,O,Hip,,,,TE/FLEX
122899-61555,WR,David,David Sills V,Sills V,0.949999988079071,4,4400,CAR@ATL,ATL,CAR,,,,,,WR/FLEX
122899-112780,WR,Jamari,Jamari Thrash,Thrash,1.962499976158142,8,4400,BAL@CLE,CLE,BAL,,,,,,WR/FLEX
122899-69860,RB,Trayveon,Trayveon Williams,Williams,0,1,4400,LAC@JAC,LAC,JAC,,,,,,RB/FLEX
122899-12531,D,Denver,Denver Broncos,Broncos,8.3,10,4400,KC@DEN,DEN,KC,,,,,,DEF
122899-103694,RB,Ray,Ray Davis,Davis,1.5777777565850153,9,4400,TB@BUF,BUF,TB,,,,,,RB/FLEX
122899-102831,TE,Davis,Davis Allen,Allen,3.8777779473198786,9,4400,SEA@LAR,LAR,SEA,,,,,,TE/FLEX
122899-40371,TE,Johnny,Johnny Mundt,Mundt,1.1857143129621233,7,4400,LAC@JAC,JAC,LAC,,,,,,TE/FLEX
122899-71105,WR,Ben,Ben Skowronek,Skowronek,2.625,4,4400,CIN@PIT,PIT,CIN,,,,,,WR/FLEX
122899-112192,WR,Jonathan,Jonathan Mingo,Mingo,1.6928571973528181,14,4400,DAL@LV,DAL,LV,,,,,,WR/FLEX
122899-86682,TE,Grant,Grant Calcaterra,Calcaterra,1.2,5,4400,DET@PHI,PHI,DET,,,,,,TE/FLEX
122899-91101,TE,Tommy,Tommy Tremble,Tremble,3.111111111111111,9,4400,CAR@ATL,CAR,ATL,,,,,,TE/FLEX
122899-86055,RB,Dameon,Dameon Pierce,Pierce,0.6499999761581421,4,4300,HOU@TEN,HOU,TEN,,,,,,RB/FLEX
122899-104577,WR,Gunner,Gunner Olszewski,Olszewski,0.8899999618530273,10,4300,GB@NYG,NYG,GB,,,,,,WR/FLEX
122899-152717,WR,Beaux,Beaux Collins,Collins,1.1666666666666667,3,4300,GB@NYG,NYG,GB,IR,Neck,,,,WR/FLEX
122899-12536,D,Kansas City,Kansas City Chiefs,Chiefs,6.666666666666667,9,4300,KC@DEN,KC,DEN,,,,,,DEF
122899-52495,WR,Braxton,Braxton Berrios,Berrios,1.6749999523162842,4,4300,HOU@TEN,HOU,TEN,,,,,,WR/FLEX
122899-85306,WR,KhaDarel,KhaDarel Hodge,Hodge,1.5333333015441895,3,4300,CAR@ATL,ATL,CAR,,,,,,WR/FLEX
122899-154000,WR,Konata,Konata Mumpfield,Mumpfield,2.7333332697550454,3,4300,SEA@LAR,LAR,SEA,,,,,,WR/FLEX
122899-94621,WR,Derius,Derius Davis,Davis,-0.09999999829701015,7,4300,LAC@JAC,LAC,JAC,,,,,,WR/FLEX
122899-73176,TE,Luke,Luke Farrell,Farrell,2.9000000953674316,8,4300,SF@ARI,SF,ARI,,,,,,TE/FLEX
122899-87515,WR,Tylan,Tylan Wallace,Wallace,2.0833333333333335,6,4300,BAL@CLE,BAL,CLE,,,,,,WR/FLEX
122899-89586,TE,Tucker,Tucker Fisk,Fisk,0.7250000238418579,4,4300,LAC@JAC,LAC,JAC,,,,,,TE/FLEX
122899-226859,WR,Darius,Darius Cooper,Cooper,,0,4300,DET@PHI,PHI,DET,,,,,,WR/FLEX
122899-138854,WR,Ke'Shawn,Ke'Shawn Williams,Williams,-0.4,5,4300,CIN@PIT,PIT,CIN,,,,,,WR/FLEX
122899-128765,RB,Nathan,Nathan Carter,Carter,2,2,4300,CAR@ATL,ATL,CAR,,,,,,RB/FLEX
122899-157438,WR,Jimmy,Jimmy Horn Jr.,Horn Jr.,2.8,5,4300,CAR@ATL,CAR,ATL,,,,,,WR/FLEX
122899-71459,RB,Brittain,Brittain Brown,Brown,9.699999809265137,1,4300,CHI@MIN,CHI,MIN,,,,,,RB/FLEX
122899-128805,WR,KeAndre,KeAndre Lambert-Smith,Lambert-Smith,0.12000000476837158,5,4300,LAC@JAC,LAC,JAC,,,,,,WR/FLEX
122899-112455,WR,Xavier,Xavier Gipson,Gipson,-0.30000001192092896,4,4300,DET@PHI,PHI,DET,,,,,,WR/FLEX
122899-166749,RB,LeQuint,LeQuint Allen Jr.,Allen Jr.,1.2000000211927626,9,4300,LAC@JAC,JAC,LAC,,,,,,RB/FLEX
122899-134023,RB,Keaton,Keaton Mitchell,Mitchell,2.3,5,4300,BAL@CLE,BAL,CLE,,,,,,RB/FLEX
122899-91046,TE,Brock,Brock Wright,Wright,4.720000076293945,5,4300,DET@PHI,DET,PHI,Q,Ankle,,,,TE/FLEX
122899-111637,TE,Cade,Cade Stover,Stover,4.199999809265137,1,4200,HOU@TEN,HOU,TEN,Q,Foot,,,,TE/FLEX
122899-133180,TE,Ben,Ben Yurosek,Yurosek,0.5,2,4200,CHI@MIN,MIN,CHI,,,,,,TE/FLEX
122899-103506,TE,Nick,Nick Kallerup,Kallerup,0,1,4200,SEA@LAR,SEA,LAR,,,,,,TE/FLEX
122899-79987,WR,David,David Moore,Moore,0.7333333492279053,3,4200,CAR@ATL,CAR,ATL,IR,Elbow,,,,WR/FLEX
122899-95370,TE,Ryan,Ryan Miller,Miller,2.0799999237060547,5,4200,TB@BUF,TB,BUF,,,,,,TE/FLEX
122899-83117,TE,Tanner,Tanner Hudson,Hudson,5.200000127156575,3,4200,CIN@PIT,CIN,PIT,,,,,,TE/FLEX
122899-183488,WR,Isaac,Isaac TeSlaa,TeSlaa,3.4166666666666665,6,4200,DET@PHI,DET,PHI,Q,Oblique,,,,WR/FLEX
122899-93391,TE,Payne,Payne Durham,Durham,0,2,4200,TB@BUF,TB,BUF,,,,,,TE/FLEX
122899-130270,TE,Adam,Adam Trautman,Trautman,3.25,6,4200,KC@DEN,DEN,KC,,,,,,TE/FLEX
122899-12538,D,Los Angeles,Los Angeles Rams,Rams,8.666666666666666,9,4200,SEA@LAR,LAR,SEA,,,,,,DEF
122899-12545,D,Philadelphia,Philadelphia Eagles,Eagles,7.444444444444445,9,4200,DET@PHI,PHI,DET,,,,,,DEF
122899-91417,TE,Luke,Luke Schoonmaker,Schoonmaker,1.287500023841858,8,4200,DAL@LV,DAL,LV,,,,,,TE/FLEX
122899-91467,TE,Jake,Jake Tonges,Tonges,8.514285496303014,7,4200,SF@ARI,SF,ARI,,,,,,TE/FLEX
122899-71031,WR,Lil'Jordan,Lil'Jordan Humphrey,Humphrey,3.75,2,4200,KC@DEN,DEN,KC,,,,,,WR/FLEX
122899-56711,TE,Drew,Drew Sample,Sample,2.1799999237060548,5,4200,CIN@PIT,CIN,PIT,,,,,,TE/FLEX
122899-63907,TE,Josh,Josh Oliver,Oliver,4.1200000762939455,5,4200,CHI@MIN,MIN,CHI,,,,,,TE/FLEX
122899-112062,WR,Skyy,Skyy Moore,Moore,0.85,10,4200,SF@ARI,SF,ARI,,,,,,WR/FLEX
122899-113096,WR,Xavier,Xavier Smith,Smith,1.1888888676961262,9,4200,SEA@LAR,LAR,SEA,,,,,,WR/FLEX
122899-90583,WR,Tyrell,Tyrell Shavers,Shavers,1.9499999682108562,6,4200,TB@BUF,BUF,TB,,,,,,WR/FLEX
122899-39428,RB,Kyle,Kyle Juszczyk,Juszczyk,2.7100000381469727,10,4200,SF@ARI,SF,ARI,,,,,,RB/FLEX
122899-89613,WR,Simi,Simi Fehoko,Fehoko,0,1,4200,SF@ARI,ARI,SF,IR,Wrist,,,,WR/FLEX
122899-114231,RB,George,George Holani,Holani,1.649999976158142,8,4200,SEA@LAR,SEA,LAR,,,,,,RB/FLEX
122899-172646,RB,Trevor,Trevor Etienne,Etienne,0.9100000381469726,10,4200,CAR@ATL,CAR,ATL,,,,,,RB/FLEX
122899-88685,WR,Austin,Austin Trammell,Trammell,2.1500000953674316,2,4200,LAC@JAC,JAC,LAC,,,,,,WR/FLEX
122899-85635,TE,Charlie,Charlie Kolar,Kolar,4.049999872843425,6,4200,BAL@CLE,BAL,CLE,,,,,,TE/FLEX
122899-94887,RB,Tyler,Tyler Badie,Badie,1.8250000476837158,8,4200,KC@DEN,DEN,KC,,,,,,RB/FLEX
122899-88752,WR,Charlie,Charlie Jones,Jones,0.75,8,4200,CIN@PIT,CIN,PIT,,,,,,WR/FLEX
122899-71351,TE,Charlie,Charlie Woerner,Woerner,0.4749999940395355,4,4200,CAR@ATL,ATL,CAR,,,,,,TE/FLEX
122899-40647,WR,Marquez,Marquez Valdes-Scantling,Valdes-Scantling,1.5,4,4200,CIN@PIT,PIT,CIN,,,,,,WR/FLEX
122899-92882,TE,Connor,Connor Heyward,Heyward,1.566666603088379,6,4200,CIN@PIT,PIT,CIN,,,,,,TE/FLEX
122899-57091,WR,Tim,Tim Patrick,Patrick,2.383333365122477,6,4200,LAC@JAC,JAC,LAC,,,,,,WR/FLEX
122899-139094,WR,Jalin,Jalin Hyatt,Hyatt,0.6400000095367432,5,4200,GB@NYG,NYG,GB,,,,,,WR/FLEX
122899-134014,WR,Jordan,Jordan Watkins,Watkins,1.7999999523162842,2,4200,SF@ARI,SF,ARI,,,,,,WR/FLEX
122899-89997,WR,Michael,Michael Woods II,Woods II,2,5,4200,GB@NYG,GB,NYG,,,,,,WR/FLEX
122899-128913,WR,Malachi,Malachi Corley,Corley,2.5250000953674316,4,4200,BAL@CLE,CLE,BAL,,,,,,WR/FLEX
122899-93150,WR,Jake,Jake Bobo,Bobo,1.5,2,4200,SEA@LAR,SEA,LAR,,,,,,WR/FLEX
122899-71662,WR,DJ,DJ Turner,Turner,3.258333206176758,12,4200,DAL@LV,LV,DAL,,,,,,WR/FLEX
122899-168076,RB,Sione,Sione Vaki,Vaki,0.4000000059604645,1,4100,DET@PHI,DET,PHI,Q,Ankle,,,,RB/FLEX
122899-28827,RB,Dare,Dare Ogunbowale,Ogunbowale,1.125,4,4100,HOU@TEN,HOU,TEN,,,,,,RB/FLEX
122899-170184,RB,Julius,Julius Chestnut,Chestnut,0.7199999809265136,5,4100,HOU@TEN,TEN,HOU,,,,,,RB/FLEX
122899-130276,WR,Mason,Mason Kinsey,Kinsey,0.5400000095367432,5,4100,HOU@TEN,TEN,HOU,,,,,,WR/FLEX
122899-12550,D,Seattle,Seattle Seahawks,Seahawks,10.88888888888889,9,4100,SEA@LAR,SEA,LAR,,,,,,DEF
122899-149832,TE,Shane,Shane Zylstra,Zylstra,1.350000023841858,2,4100,DET@PHI,DET,PHI,IR,Ankle,,,,TE/FLEX
122899-91481,WR,Nikko,Nikko Remigio,Remigio,0.41111111640930176,9,4100,KC@DEN,KC,DEN,,,,,,WR/FLEX
122899-56708,TE,Will,Will Dissly,Dissly,1.5750000476837158,4,4100,LAC@JAC,LAC,JAC,,,,,,TE/FLEX
122899-112037,WR,Casey,Casey Washington,Washington,2.4799999237060546,5,4100,CAR@ATL,ATL,CAR,,,,,,WR/FLEX
122899-80353,TE,Robert,Robert Tonyan,Tonyan,,0,4100,KC@DEN,KC,DEN,,,,,,TE/FLEX
122899-112101,WR,Jared,Jared Wayne,Wayne,3,1,4100,HOU@TEN,HOU,TEN,,,,,,WR/FLEX
122899-185863,RB,Hunter,Hunter Luepke,Luepke,2.160000038146973,5,4100,DAL@LV,DAL,LV,,,,,,RB/FLEX
122899-201230,RB,Dylan,Dylan Laube,Laube,0.42222221692403156,9,4100,DAL@LV,LV,DAL,,,,,,RB/FLEX
122899-154124,TE,Mitchell,Mitchell Evans,Evans,3.642857142857143,7,4100,CAR@ATL,CAR,ATL,,,,,,TE/FLEX
122899-89627,WR,Brycen,Brycen Tremayne,Tremayne,3.3200000762939452,5,4100,CAR@ATL,CAR,ATL,,,,,,WR/FLEX
122899-226878,TE,Carter,Carter Runyon,Runyon,0.800000011920929,1,4100,DAL@LV,LV,DAL,,,,,,TE/FLEX
122899-87668,WR,Shedrick,Shedrick Jackson,Jackson,,0,4100,DAL@LV,LV,DAL,,,,,,WR/FLEX
122899-57986,WR,Hunter,Hunter Renfrow,Renfrow,4.733333269755046,6,4100,CAR@ATL,CAR,ATL,,,,,,WR/FLEX
122899-87731,WR,Dominique,Dominique Robinson,Robinson,0,1,4100,CHI@MIN,CHI,MIN,,,,,,WR/FLEX
122899-63186,WR,James,James Proche II,Proche II,0.1777777804268731,9,4100,HOU@TEN,TEN,HOU,,,,,,WR/FLEX
122899-103187,RB,Roschon,Roschon Johnson,Johnson,0.8500000238418579,2,4100,CHI@MIN,CHI,MIN,,,,,,RB/FLEX
122899-71444,RB,Travis,Travis Homer,Homer,0.9800000190734863,5,4100,CHI@MIN,CHI,MIN,,,,,,RB/FLEX
122899-85842,TE,Brevyn,Brevyn Spann-Ford,Spann-Ford,0.7250000238418579,4,4100,DAL@LV,DAL,LV,,,,,,TE/FLEX
122899-156527,WR,Devontez,Devontez Walker,Walker,9.75,2,4100,BAL@CLE,BAL,CLE,,,,,,WR/FLEX
122899-128912,WR,Mitch,Mitch Tinsley,Tinsley,3.0999999046325684,4,4100,CIN@PIT,CIN,PIT,,,,,,WR/FLEX
122899-137122,RB,Tahj,Tahj Brooks,Brooks,0.5999999841054281,3,4100,CIN@PIT,CIN,PIT,,,,,,RB/FLEX
122899-157609,WR,Gage,Gage Larvadain,Larvadain,0.7,5,4100,BAL@CLE,CLE,BAL,,,,,,WR/FLEX
122899-70601,TE,Harrison,Harrison Bryant,Bryant,0.42500001192092896,4,4100,HOU@TEN,HOU,TEN,IR,Neck,,,,TE/FLEX
122899-104424,RB,Craig,Craig Reynolds,Reynolds,0.20000000298023224,2,4100,DET@PHI,DET,PHI,,,,,,RB/FLEX
122899-57338,TE,Jordan,Jordan Akins,Akins,4.4375,16,4100,LAC@JAC,JAC,LAC,,,,,,TE/FLEX
122899-90123,TE,Quintin,Quintin Morris,Morris,2.4200000762939453,5,4000,LAC@JAC,JAC,LAC,,,,,,TE/FLEX
122899-96269,RB,Owen,Owen Wright,Wright,,0,4000,TB@BUF,TB,BUF,,,,,,RB/FLEX
122899-226319,WR,Junior,Junior Bergen,Bergen,,0,4000,SF@ARI,SF,ARI,,,,,,WR/FLEX
122899-156684,RB,Kye,Kye Robichaux,Robichaux,,0,4000,DET@PHI,DET,PHI,IR,Undisclosed,,,,RB/FLEX
122899-139284,RB,Frank,Frank Gore Jr.,Gore Jr.,,0,4000,TB@BUF,BUF,TB,,,,,,RB/FLEX
122899-110617,WR,Isaiah,Isaiah Neyor,Neyor,,0,4000,GB@NYG,GB,NYG,,,,,,WR/FLEX
122899-152603,RB,Anthony,Anthony Tyus III,Tyus III,,0,4000,CAR@ATL,CAR,ATL,,,,,,RB/FLEX
122899-86047,RB,Malik,Malik Davis,Davis,0.30000001192092896,2,4000,DAL@LV,DAL,LV,,,,,,RB/FLEX
122899-137254,RB,Deuce,Deuce Vaughn,Vaughn,1.7166666984558105,6,4000,KC@DEN,DEN,KC,,,,,,RB/FLEX
122899-138277,WR,Jalen,Jalen Brooks,Brooks,2.284615443303035,13,4000,SF@ARI,ARI,SF,,,,,,WR/FLEX
122899-154661,WR,Michael,Michael Bandy,Bandy,0.05000000074505806,2,4000,KC@DEN,DEN,KC,,,,,,WR/FLEX
122899-88109,RB,Gary,Gary Brightwell,Brightwell,0,1,4000,CIN@PIT,CIN,PIT,,,,,,RB/FLEX
122899-152628,TE,Thomas,Thomas Fidone II,Fidone II,,0,4000,GB@NYG,NYG,GB,,,,,,TE/FLEX
122899-86075,TE,Lucas,Lucas Krull,Krull,1.25,2,4000,KC@DEN,DEN,KC,IR,Foot,,,,TE/FLEX
122899-42046,TE,Durham,Durham Smythe,Smythe,0.7538461685180664,13,4000,CHI@MIN,CHI,MIN,,,,,,TE/FLEX
122899-87109,WR,Bryce,Bryce Oliver,Oliver,1.2999999523162842,1,4000,HOU@TEN,TEN,HOU,IR,Knee,,,,WR/FLEX
122899-174148,RB,Carlos,Carlos Washington Jr.,Washington Jr.,,0,4000,CAR@ATL,ATL,CAR,,,,,,RB/FLEX
122899-165962,TE,Nikola,Nikola Kalinic,Kalinic,,0,4000,CHI@MIN,CHI,MIN,,,,,,TE/FLEX
122899-112715,WR,Joshua,Joshua Cephus,Cephus,,0,4000,LAC@JAC,JAC,LAC,IR,Undisclosed,,,,WR/FLEX
122899-170056,WR,Dee,Dee Williams,Williams,-0.5,12,4000,BAL@CLE,CLE,BAL,,,,,,WR/FLEX
122899-87117,TE,Brenden,Brenden Bates,Bates,3.299999952316284,1,4000,BAL@CLE,CLE,BAL,,,,,,TE/FLEX
122899-65627,WR,Maurice,Maurice Alexander,Alexander,0,1,4000,CHI@MIN,CHI,MIN,,,,,,WR/FLEX
122899-42077,TE,James,James Winchester,Winchester,0,2,4000,KC@DEN,KC,DEN,,,,,,TE/FLEX
122899-86113,WR,Ihmir,Ihmir Smith-Marsette,Smith-Marsette,0.4,15,4000,GB@NYG,NYG,GB,,,,,,WR/FLEX
122899-89185,TE,Ben,Ben Sims,Sims,1.2399999618530273,5,4000,CHI@MIN,MIN,CHI,,,,,,TE/FLEX
122899-169067,TE,Bryce,Bryce Pierre,Pierre,,0,4000,CAR@ATL,CAR,ATL,,,,,,TE/FLEX
122899-79979,WR,Jamal,Jamal Agnew,Agnew,0,7,4000,CAR@ATL,ATL,CAR,Q,Foot,,,,WR/FLEX
122899-68714,TE,Ko,Ko Kieft,Kieft,0,1,4000,TB@BUF,TB,BUF,IR,Leg,,,,TE/FLEX
122899-79980,TE,Eric,Eric Saubert,Saubert,0.8500000238418579,2,4000,SEA@LAR,SEA,LAR,IR,Calf,,,,TE/FLEX
122899-64627,WR,Scotty,Scotty Washington,Washington,,0,4000,BAL@CLE,BAL,CLE,,,,,,WR/FLEX
122899-158836,RB,Lucas,Lucas Scott,Scott,,0,4000,BAL@CLE,BAL,CLE,,,,,,RB/FLEX
122899-64634,WR,Alex,Alex Bachman,Bachman,0.23333332935969034,6,4000,DAL@LV,LV,DAL,,,,,,WR/FLEX
122899-110721,WR,Dayton,Dayton Wade,Wade,,0,4000,BAL@CLE,BAL,CLE,IR,Ribs,,,,WR/FLEX
122899-83083,WR,Justin,Justin Watson,Watson,2.25,2,4000,HOU@TEN,HOU,TEN,IR,Achilles,,,,WR/FLEX
122899-87179,TE,Thomas,Thomas Yassmin,Yassmin,,0,4000,LAC@JAC,LAC,JAC,,,,,,TE/FLEX
122899-89230,RB,Cam,Cam Akers,Akers,3.5899999141693115,2,4000,CHI@MIN,MIN,CHI,,,,,,RB/FLEX
122899-143509,TE,Caleb,Caleb Lohner,Lohner,,0,4000,KC@DEN,DEN,KC,,,,,,TE/FLEX
122899-135325,TE,Rivaldo,Rivaldo Fairweather,Fairweather,,0,4000,DAL@LV,DAL,LV,,,,,,TE/FLEX
122899-62628,WR,DeAndre,DeAndre Carter,Carter,0,4,4000,BAL@CLE,CLE,BAL,IR,Knee,,,,WR/FLEX
122899-71845,RB,Miles,Miles Sanders,Sanders,5.675000190734863,4,4000,DAL@LV,DAL,LV,IR,Knee,,,,RB/FLEX
122899-151726,TE,Robbie,Robbie Ouzts,Ouzts,0,1,4000,SEA@LAR,SEA,LAR,,,,,,TE/FLEX
122899-52409,RB,Jakob,Jakob Johnson,Johnson,,0,4000,HOU@TEN,HOU,TEN,Q,Hamstring,,,,RB/FLEX
122899-86203,WR,Justin,Justin Shorter,Shorter,0,1,4000,DAL@LV,LV,DAL,,,,,,WR/FLEX
122899-151737,TE,E.J.,E.J. Jenkins,Jenkins,2.3999999364217124,3,4000,DET@PHI,PHI,DET,,,,,,TE/FLEX
122899-151740,RB,Corey,Corey Kiner,Kiner,,0,4000,CHI@MIN,MIN,CHI,,,,,,RB/FLEX
122899-83138,TE,Ross,Ross Dwelley,Dwelley,0,1,4000,DET@PHI,DET,PHI,,,,,,TE/FLEX
122899-70859,TE,Albert,Albert Okwuegbunam Jr.,Okwuegbunam Jr.,6.099999904632568,1,4000,DAL@LV,LV,DAL,,,,,,TE/FLEX
122899-166095,RB,Cody,Cody Schrader,Schrader,0.4666666587193807,3,4000,LAC@JAC,JAC,LAC,,,,,,RB/FLEX
122899-112850,RB,Michael,Michael Wiley,Wiley,,0,4000,TB@BUF,TB,BUF,,,,,,RB/FLEX
122899-151761,WR,Malik,Malik Nabers,Nabers,12.774999618530273,4,4000,GB@NYG,NYG,GB,IR,Knee - acl,,,,WR/FLEX
122899-104661,TE,Patrick,Patrick Herbert,Herbert,,0,4000,LAC@JAC,JAC,LAC,,,,,,TE/FLEX
122899-25813,WR,Phillip,Phillip Dorsett II,Dorsett II,,0,4000,DAL@LV,LV,DAL,,,,,,WR/FLEX
122899-129240,WR,Tyler,Tyler Scott,Scott,0.2,5,4000,SEA@LAR,LAR,SEA,,,,,,WR/FLEX
122899-226525,WR,Chandler,Chandler Brayboy,Brayboy,,0,4000,LAC@JAC,JAC,LAC,,,,,,WR/FLEX
122899-91361,RB,Hassan,Hassan Haskins,Haskins,1.0500000317891438,6,4000,LAC@JAC,LAC,JAC,IR,Hamstring,,,,RB/FLEX
122899-93408,WR,Rondale,Rondale Moore,Moore,,0,4000,CHI@MIN,MIN,CHI,IR,Knee,,,,WR/FLEX
122899-120035,TE,Mark,Mark Redman,Redman,,0,4000,SEA@LAR,LAR,SEA,,,,,,TE/FLEX
122899-130275,WR,Kristian,Kristian Wilkerson,Wilkerson,8.800000190734863,1,4000,TB@BUF,BUF,TB,,,,,,WR/FLEX
122899-170208,WR,Kaden,Kaden Davis,Davis,0,1,4000,BAL@CLE,CLE,BAL,,,,,,WR/FLEX
122899-88290,WR,Jeshaun,Jeshaun Jones,Jones,,0,4000,CHI@MIN,MIN,CHI,,,,,,WR/FLEX
122899-170214,WR,Dennis,Dennis Houston,Houston,,0,4000,TB@BUF,TB,BUF,,,,,,WR/FLEX
122899-86255,TE,Josh,Josh Whyle,Whyle,3.11999994913737,15,4000,GB@NYG,GB,NYG,,,,,,TE/FLEX
122899-12529,D,Cleveland,Cleveland Browns,Browns,7.111111111111111,9,4000,BAL@CLE,CLE,BAL,,,,,,DEF
122899-12532,D,Detroit,Detroit Lions,Lions,7.555555555555555,9,4000,DET@PHI,DET,PHI,,,,,,DEF
122899-151799,WR,Jackson,Jackson Meeks,Meeks,,0,4000,DET@PHI,DET,PHI,,,,,,WR/FLEX
122899-92413,RB,Elijah,Elijah Mitchell,Mitchell,,0,4000,KC@DEN,KC,DEN,,,,,,RB/FLEX
122899-151806,RB,Raheim,Raheim Sanders,Sanders,6.300000190734863,1,4000,BAL@CLE,CLE,BAL,,,,,,RB/FLEX
122899-71935,WR,Kendric,Kendric Pryor,Pryor,1.399999976158142,1,4000,CIN@PIT,CIN,PIT,,,,,,WR/FLEX
122899-94481,WR,Deven,Deven Thompkins,Thompkins,0,1,4000,CAR@ATL,ATL,CAR,,,,,,WR/FLEX
122899-137488,RB,Rasheen,Rasheen Ali,Ali,0.08333333333333333,6,4000,BAL@CLE,BAL,CLE,,,,,,RB/FLEX
122899-71957,WR,Quintez,Quintez Cephus,Cephus,,0,4000,HOU@TEN,HOU,TEN,,,,,,WR/FLEX
122899-110868,RB,Josh,Josh Williams,Williams,0.550000011920929,2,4000,TB@BUF,TB,BUF,IR,Suspension,,,,RB/FLEX
122899-157975,TE,Keleki,Keleki Latu,Latu,,0,4000,TB@BUF,BUF,TB,,,,,,TE/FLEX
122899-129302,WR,Stephen,Stephen Gosnell,Gosnell,,0,4000,TB@BUF,BUF,TB,,,,,,WR/FLEX
122899-91443,TE,McCallan,McCallan Castles,Castles,,0,4000,GB@NYG,GB,NYG,,,,,,TE/FLEX
122899-92479,TE,David,David Martin-Robinson,Martin-Robinson,6.599999904632568,1,4000,HOU@TEN,TEN,HOU,,,,,,TE/FLEX
122899-156997,WR,Tru,Tru Edwards,Edwards,,0,4000,SEA@LAR,LAR,SEA,,,,,,WR/FLEX
122899-87371,RB,Ty,Ty Chandler,Chandler,0,1,4000,CHI@MIN,MIN,CHI,IR,Knee,,,,RB/FLEX
122899-176467,WR,Jalen,Jalen Royals,Royals,0,1,4000,KC@DEN,KC,DEN,,,,,,WR/FLEX
122899-89437,WR,Tim,Tim Jones,Jones,1,2,4000,LAC@JAC,JAC,LAC,,,,,,WR/FLEX
122899-93540,RB,British,British Brooks,Brooks,0.75,2,4000,HOU@TEN,HOU,TEN,,,,,,RB/FLEX
122899-133484,WR,Jermaine,Jermaine Burton,Burton,1.587499976158142,8,4000,CIN@PIT,CIN,PIT,O,Illness,,,,WR/FLEX
122899-90480,TE,Joel,Joel Wilson,Wilson,,0,4000,HOU@TEN,TEN,HOU,,,,,,TE/FLEX
122899-71032,WR,Devin,Devin Duvernay,Duvernay,0.07777777645323011,9,4000,CHI@MIN,CHI,MIN,,,,,,WR/FLEX
122899-92545,RB,Keaontay,Keaontay Ingram,Ingram,0,1,4000,KC@DEN,KC,DEN,IR,Undisclosed,,,,RB/FLEX
122899-185728,TE,Patrick,Patrick Murtagh,Murtagh,,0,4000,KC@DEN,DEN,KC,,,,,,TE/FLEX
122899-114054,WR,Dalen,Dalen Cambre,Cambre,,0,4000,GB@NYG,NYG,GB,,,,,,WR/FLEX
122899-94600,WR,John,John Stephens Jr.,Stephens Jr.,,0,4000,DAL@LV,DAL,LV,IR,Undisclosed,,,,WR/FLEX
122899-183693,WR,Da'Quan,Da'Quan Felton,Felton,,0,4000,GB@NYG,NYG,GB,IR,Undisclosed,,,,WR/FLEX
122899-138643,WR,Jason,Jason Brownlee,Brownlee,0,1,4000,KC@DEN,KC,DEN,,,,,,WR/FLEX
122899-87442,TE,Princeton,Princeton Fant,Fant,0,2,4000,DAL@LV,DAL,LV,,,,,,TE/FLEX
122899-43416,WR,Trent,Trent Taylor,Taylor,1.600000023841858,1,4000,SF@ARI,SF,ARI,IR,Undisclosed,,,,WR/FLEX
122899-90522,TE,Cameron,Cameron Latu,Latu,,0,4000,DET@PHI,PHI,DET,,,,,,TE/FLEX
122899-138649,WR,LaJohntay,LaJohntay Wester,Wester,0,7,4000,BAL@CLE,BAL,CLE,,,,,,WR/FLEX
122899-92573,TE,Travis,Travis Vokolek,Vokolek,0,1,4000,SF@ARI,ARI,SF,IR,Neck,,,,TE/FLEX
122899-93600,WR,Bryce,Bryce Ford-Wheaton,Ford-Wheaton,0,1,4000,GB@NYG,NYG,GB,IR,Achilles,,,,WR/FLEX
122899-103844,WR,Nick,Nick Nash,Nash,,0,4000,CAR@ATL,ATL,CAR,,,,,,WR/FLEX
122899-60838,WR,Andre,Andre Baccellia,Baccellia,,0,4000,SF@ARI,ARI,SF,,,,,,WR/FLEX
122899-80299,RB,Patrick,Patrick Ricard,Ricard,0.30000001192092896,1,4000,BAL@CLE,BAL,CLE,,,,,,RB/FLEX
122899-112044,WR,Dalevon,Dalevon Campbell,Campbell,,0,4000,LAC@JAC,LAC,JAC,,,,,,WR/FLEX
122899-133558,WR,Luke,Luke Floriea,Floriea,,0,4000,BAL@CLE,CLE,BAL,,,,,,WR/FLEX
122899-91578,RB,Zamir,Zamir White,White,1.9666666984558105,3,4000,DAL@LV,LV,DAL,,,,,,RB/FLEX
122899-114109,WR,Ainias,Ainias Smith,Smith,2.839999961853027,5,4000,CAR@ATL,CAR,ATL,,,,,,WR/FLEX
122899-133564,TE,Marshall,Marshall Lang,Lang,,0,4000,SEA@LAR,SEA,LAR,,,,,,TE/FLEX
122899-92606,WR,Bo,Bo Melton,Melton,0.8199999809265137,5,4000,GB@NYG,GB,NYG,,,,,,WR/FLEX
122899-206276,WR,Jaden,Jaden Smith,Smith,,0,4000,TB@BUF,TB,BUF,IR,Undisclosed,,,,WR/FLEX
122899-26057,RB,Michael,Michael Burton,Burton,2.209090839732777,11,4000,KC@DEN,DEN,KC,IR,Hamstring,,,,RB/FLEX
122899-152014,WR,JP,JP Richardson,Richardson,,0,4000,CHI@MIN,CHI,MIN,,,,,,WR/FLEX
122899-90575,RB,Najee,Najee Harris,Harris,3.366666793823242,3,4000,LAC@JAC,LAC,JAC,IR,Achilles,,,,RB/FLEX
122899-109007,WR,Josh,Josh Kelly,Kelly,,0,4000,HOU@TEN,HOU,TEN,,,,,,WR/FLEX
122899-109008,WR,Jalen,Jalen Cropper,Cropper,0,2,4000,DAL@LV,DAL,LV,,,,,,WR/FLEX
122899-185827,RB,Jacob,Jacob Saylors,Saylors,0.18333333730697632,6,4000,DET@PHI,DET,PHI,Q,Back,,,,RB/FLEX
122899-71143,TE,Kylen,Kylen Granson,Granson,0.5333333412806193,3,4000,DET@PHI,PHI,DET,,,,,,TE/FLEX
122899-133615,WR,Dontae,Dontae Fleming,Fleming,,0,4000,CHI@MIN,MIN,CHI,,,,,,WR/FLEX
122899-193004,WR,Jahdae,Jahdae Walker,Walker,,0,4000,CHI@MIN,CHI,MIN,O,Concussion,,,,WR/FLEX
122899-156152,WR,Tejhaun,Tejhaun Palmer,Palmer,,0,4000,SF@ARI,ARI,SF,,,,,,WR/FLEX
122899-60930,RB,Myles,Myles Gaskin,Gaskin,0.375,4,4000,SEA@LAR,SEA,LAR,,,,,,RB/FLEX
122899-113160,WR,Jakobie,Jakobie Keeney-James,Keeney-James,,0,4000,GB@NYG,GB,NYG,,,,,,WR/FLEX
122899-6672,TE,Marcedes,Marcedes Lewis,Lewis,0.3499999940395355,2,4000,KC@DEN,DEN,KC,,,,,,TE/FLEX
122899-129560,WR,Xavier,Xavier Restrepo,Restrepo,,0,4000,HOU@TEN,TEN,HOU,,,,,,WR/FLEX
122899-160287,RB,Amar,Amar Johnson,Johnson,,0,4000,LAC@JAC,LAC,JAC,,,,,,RB/FLEX
122899-185889,TE,Tanner,Tanner Taula,Taula,,0,4000,TB@BUF,TB,BUF,,,,,,TE/FLEX
122899-156197,TE,Bryson,Bryson Nesbit,Nesbit,,0,4000,CHI@MIN,MIN,CHI,,,,,,TE/FLEX
122899-89644,RB,Isaac,Isaac Guerendo,Guerendo,0,4,4000,SF@ARI,SF,ARI,,,,,,RB/FLEX
122899-160303,TE,Tucker,Tucker Kraft,Kraft,13.399999618530273,8,4000,GB@NYG,GB,NYG,IR,Knee - acl,,,,TE/FLEX
122899-160306,RB,Pierre,Pierre Strong Jr.,Strong Jr.,2.3500000635782876,12,4000,GB@NYG,GB,NYG,,,,,,RB/FLEX
122899-114224,WR,Kyrese,Kyrese Rowan,Rowan,,0,4000,KC@DEN,DEN,KC,,,,,,WR/FLEX
122899-60981,TE,Charlie,Charlie Heck,Heck,,0,4000,TB@BUF,TB,BUF,,,,,,TE/FLEX
122899-173626,TE,Nate,Nate Adkins,Adkins,2.7600000381469725,5,4000,KC@DEN,DEN,KC,O,Knee,,,,TE/FLEX
122899-226875,WR,Ja'seem,Ja'seem Reed,Reed,,0,4000,CAR@ATL,CAR,ATL,,,,,,WR/FLEX
122899-173631,RB,Dante,Dante Miller,Miller,,0,4000,GB@NYG,NYG,GB,,,,,,RB/FLEX
122899-152128,WR,Dominic,Dominic Lovett,Lovett,0,1,4000,DET@PHI,DET,PHI,,,,,,WR/FLEX
122899-87621,WR,A.T.,A.T. Perry,Perry,,0,4000,KC@DEN,DEN,KC,,,,,,WR/FLEX
122899-71241,WR,Brandon,Brandon Johnson,Johnson,1.399999976158142,1,4000,TB@BUF,TB,BUF,,,,,,WR/FLEX
122899-104008,TE,Stephen,Stephen Carlson,Carlson,,0,4000,CHI@MIN,CHI,MIN,,,,,,TE/FLEX
122899-114252,WR,Xavier,Xavier Weaver,Weaver,0,2,4000,SF@ARI,ARI,SF,,,,,,WR/FLEX
122899-54863,WR,C.J.,C.J. Goodwin,Goodwin,0,4,4000,DAL@LV,DAL,LV,,,,,,WR/FLEX
122899-104019,TE,Matt,Matt Orzech,Orzech,0,2,4000,GB@NYG,GB,NYG,,,,,,TE/FLEX
122899-87634,TE,Blake,Blake Whiteheart,Whiteheart,0.3499999940395355,4,4000,BAL@CLE,CLE,BAL,,,,,,TE/FLEX
122899-86612,TE,Brayden,Brayden Willis,Willis,0,1,4000,SF@ARI,SF,ARI,,,,,,TE/FLEX
122899-18009,TE,Chris,Chris Manhertz,Manhertz,0.6000000238418579,2,4000,GB@NYG,NYG,GB,,,,,,TE/FLEX
122899-129641,WR,Will,Will Sheppard,Sheppard,,0,4000,GB@NYG,GB,NYG,,,,,,WR/FLEX
122899-147051,RB,Jaleel,Jaleel McLaughlin,McLaughlin,0,1,4000,KC@DEN,DEN,KC,,,,,,RB/FLEX
122899-131694,TE,Luke,Luke Lachey,Lachey,,0,4000,HOU@TEN,HOU,TEN,,,,,,TE/FLEX
122899-206447,RB,Max,Max Hurleman,Hurleman,,0,4000,CIN@PIT,PIT,CIN,,,,,,RB/FLEX
122899-86646,RB,Trey,Trey Sermon,Sermon,0,1,4000,CIN@PIT,PIT,CIN,,,,,,RB/FLEX
122899-104054,RB,Sincere,Sincere McCormick,McCormick,6.050000190734863,4,4000,SF@ARI,SF,ARI,,,,,,RB/FLEX
122899-201342,RB,Chris,Chris Collier,Collier,0.2166666587193807,6,4000,DAL@LV,LV,DAL,,,,,,RB/FLEX
122899-32384,WR,Mike,Mike Evans,Evans,6.75,4,4000,TB@BUF,TB,BUF,IR,Collarbone,,,,WR/FLEX
122899-87690,TE,Sal,Sal Cannella,Cannella,,0,4000,BAL@CLE,CLE,BAL,,,,,,TE/FLEX
122899-64147,WR,Britain,Britain Covey,Covey,1.3800000190734862,5,4000,DET@PHI,PHI,DET,,,,,,WR/FLEX
122899-110230,RB,Kenny,Kenny McIntosh,McIntosh,2.322222179836697,9,4000,SEA@LAR,SEA,LAR,IR,Knee - acl,,,,RB/FLEX
122899-136857,RB,Ja'Quinden,Ja'Quinden Jackson,Jackson,,0,4000,LAC@JAC,JAC,LAC,,,,,,RB/FLEX
122899-137889,WR,Brennan,Brennan Presley,Presley,,0,4000,SEA@LAR,LAR,SEA,,,,,,WR/FLEX
122899-104102,TE,Leroy,Leroy Watson IV,Watson IV,0,1,4000,DAL@LV,LV,DAL,,,,,,TE/FLEX
122899-128681,TE,Caden,Caden Prieskorn,Prieskorn,,0,4000,BAL@CLE,CLE,BAL,,,,,,TE/FLEX
122899-94888,TE,Messiah,Messiah Swinson,Swinson,,0,4000,SF@ARI,ARI,SF,,,,,,TE/FLEX
122899-152232,WR,Jordan,Jordan Moore,Moore,,0,4000,CIN@PIT,CIN,PIT,,,,,,WR/FLEX
122899-52916,WR,Russell,Russell Gage Jr.,Gage Jr.,,0,4000,SF@ARI,SF,ARI,,,,,,WR/FLEX
122899-104117,TE,Joshua,Joshua Simon,Simon,,0,4000,CAR@ATL,ATL,CAR,,,,,,TE/FLEX
122899-69302,TE,Feleipe,Feleipe Franks,Franks,0.10000000149011612,2,4000,CAR@ATL,ATL,CAR,Q,Foot,,,,TE/FLEX
122899-61112,TE,Josiah,Josiah Deguara,Deguara,0.9666666984558105,3,4000,SF@ARI,ARI,SF,,,,,,TE/FLEX
122899-65231,RB,Adam,Adam Prentice,Prentice,0.6285714421953473,7,4000,KC@DEN,DEN,KC,,,,,,RB/FLEX
122899-156374,TE,Tre,Tre Watson,Watson,,0,4000,KC@DEN,KC,DEN,,,,,,TE/FLEX
122899-86747,WR,Dylan,Dylan Drummond,Drummond,,0,4000,CAR@ATL,ATL,CAR,,,,,,WR/FLEX
122899-92890,WR,Cody,Cody White,White,4.166666666666667,3,4000,SEA@LAR,SEA,LAR,,,,,,WR/FLEX
122899-147168,WR,Chris,Chris Blair,Blair,1.100000023841858,2,4000,CAR@ATL,ATL,CAR,,,,,,WR/FLEX
122899-29411,TE,Pharaoh,Pharaoh Brown,Brown,1.0625,8,4000,SF@ARI,ARI,SF,,,,,,TE/FLEX
122899-104165,RB,Lew,Lew Nichols,Nichols,0,1,4000,CIN@PIT,PIT,CIN,,,,,,RB/FLEX
122899-85741,RB,Clyde,Clyde Edwards-Helaire,Edwards-Helaire,0.5,1,4000,KC@DEN,KC,DEN,,,,,,RB/FLEX
122899-40687,RB,James,James Conner,Conner,9.766666412353516,3,4000,SF@ARI,ARI,SF,IR,Foot,,,,RB/FLEX
122899-56059,WR,Trent,Trent Sherfield Sr.,Sherfield Sr.,1.1999999682108562,3,4000,KC@DEN,DEN,KC,,,,,,WR/FLEX
122899-86778,TE,Devin,Devin Culp,Culp,3.7666667302449546,3,4000,TB@BUF,TB,BUF,,,,,,TE/FLEX
122899-137990,TE,Tip,Tip Reiman,Reiman,1.099999984105428,3,4000,SF@ARI,ARI,SF,IR,Ankle,,,,TE/FLEX
122899-136970,WR,Danny,Danny Gray,Gray,0,1,4000,DET@PHI,PHI,DET,,,,,,WR/FLEX
122899-103192,TE,Jared,Jared Wiley,Wiley,0.6000000238418579,2,4000,KC@DEN,KC,DEN,,,,,,TE/FLEX
122899-70426,RB,Reggie,Reggie Gilliam,Gilliam,0.3499999940395355,2,4000,TB@BUF,BUF,TB,,,,,,RB/FLEX
122899-114469,WR,Tyrone,Tyrone Broden,Broden,,0,4000,SEA@LAR,SEA,LAR,O,Undisclosed,,,,WR/FLEX
122899-87844,TE,Brady,Brady Russell,Russell,0,1,4000,SEA@LAR,SEA,LAR,,,,,,TE/FLEX
122899-138028,RB,Kalel,Kalel Mullings,Mullings,,0,4000,HOU@TEN,TEN,HOU,IR,Ankle,,,,RB/FLEX
122899-55088,WR,Malik,Malik Turner,Turner,0,1,4000,SF@ARI,SF,ARI,,,,,,WR/FLEX
122899-137017,TE,Drake,Drake Dabney,Dabney,,0,4000,GB@NYG,GB,NYG,,,,,,TE/FLEX
122899-72515,TE,Ian,Ian Thomas,Thomas,1.933333396911621,3,4000,DAL@LV,LV,DAL,,,,,,TE/FLEX
122899-91971,RB,Ronnie,Ronnie Rivers,Rivers,2.075000047683716,8,4000,SEA@LAR,LAR,SEA,,,,,,RB/FLEX
122899-119619,WR,Traeshon,Traeshon Holden,Holden,,0,4000,DAL@LV,DAL,LV,,,,,,WR/FLEX
122899-58189,TE,Mitchell,Mitchell Fraboni,Fraboni,0,1,4000,KC@DEN,DEN,KC,,,,,,TE/FLEX
122899-158540,WR,Hal,Hal Presley III,Presley III,,0,4000,HOU@TEN,TEN,HOU,,,,,,WR/FLEX
122899-91989,RB,Jordan,Jordan Mims,Mims,2.8714286259242465,7,4000,HOU@TEN,TEN,HOU,,,,,,RB/FLEX
122899-104278,TE,Donald,Donald Parham Jr.,Parham Jr.,,0,4000,CIN@PIT,PIT,CIN,IR,Achilles,,,,TE/FLEX
122899-61273,WR,Scotty,Scotty Miller,Miller,0.699999988079071,2,4000,CIN@PIT,PIT,CIN,,,,,,WR/FLEX
122899-93023,RB,Jermar,Jermar Jefferson,Jefferson,1.850000023841858,2,4000,SF@ARI,ARI,SF,,,,,,RB/FLEX
122899-201564,TE,Cam,Cam Grandy,Grandy,1.100000023841858,1,4000,CIN@PIT,CIN,PIT,,,,,,TE/FLEX
122899-66402,TE,Jack,Jack Driscoll,Driscoll,0,1,4000,CIN@PIT,PIT,CIN,,,,,,TE/FLEX
122899-93026,TE,Teagan,Teagan Quitoriano,Quitoriano,0,2,4000,CAR@ATL,ATL,CAR,,,,,,TE/FLEX
122899-114530,WR,Jacob,Jacob Cowing,Cowing,0.5799999872843424,15,4000,SF@ARI,SF,ARI,IR,Hamstring,,,,WR/FLEX
122899-70501,RB,C.J.,C.J. Ham,Ham,0.5,2,4000,CHI@MIN,MIN,CHI,,,,,,RB/FLEX
122899-114532,RB,Deion,Deion Hankins,Hankins,,0,4000,CHI@MIN,CHI,MIN,IR,Quadriceps,,,,RB/FLEX
122899-192359,WR,JaQuae,JaQuae Jackson,Jackson,,0,4000,LAC@JAC,LAC,JAC,,,,,,WR/FLEX
122899-169834,WR,Dareke,Dareke Young,Young,1.1600000381469726,5,4000,SEA@LAR,SEA,LAR,IR,Quadriceps,,,,WR/FLEX
122899-156523,RB,Carson,Carson Steele,Steele,1.569230739886944,13,4000,KC@DEN,KC,DEN,,,,,,RB/FLEX
122899-120684,WR,Garrett,Garrett Greene,Greene,,0,4000,TB@BUF,TB,BUF,,,,,,WR/FLEX
122899-119672,RB,Kendall,Kendall Milton,Milton,,0,4000,CIN@PIT,CIN,PIT,,,,,,RB/FLEX
122899-184184,WR,Travis,Travis Hunter,Hunter,7.5428570338657925,7,4000,LAC@JAC,JAC,LAC,IR,Knee,,,,WR/FLEX
122899-114557,WR,Cornelius,Cornelius Johnson,Johnson,,0,4000,BAL@CLE,BAL,CLE,,,,,,WR/FLEX
122899-93055,WR,Isaiah,Isaiah Hodgins,Hodgins,1.100000023841858,2,4000,GB@NYG,NYG,GB,,,,,,WR/FLEX
122899-94087,RB,DeeJay,DeeJay Dallas,Dallas,0,2,4000,CAR@ATL,CAR,ATL,,,,,,RB/FLEX
122899-103302,WR,Courtney,Courtney Jackson,Jackson,,0,4000,SEA@LAR,SEA,LAR,,,,,,WR/FLEX
122899-23435,TE,Andrew,Andrew DePaola,DePaola,,0,4000,CHI@MIN,MIN,CHI,,,,,,TE/FLEX
122899-103308,RB,Jawhar,Jawhar Jordan,Jordan,,0,4000,HOU@TEN,HOU,TEN,,,,,,RB/FLEX
122899-94094,TE,Brevin,Brevin Jordan,Jordan,0.8500000238418579,2,4000,HOU@TEN,HOU,TEN,IR,Knee,,,,TE/FLEX
122899-64405,WR,Dan,Dan Chisena,Chisena,1.2999999523162842,4,4000,CAR@ATL,CAR,ATL,,,,,,WR/FLEX
122899-92056,TE,Cal,Cal Adomitis,Adomitis,,0,4000,DET@PHI,PHI,DET,,,,,,TE/FLEX
122899-28570,TE,Nick,Nick Vannett,Vannett,3.3333333333333335,12,4000,CHI@MIN,MIN,CHI,,,,,,TE/FLEX
122899-114591,TE,William,William Wagner,Wagner,,0,4000,CIN@PIT,CIN,PIT,,,,,,TE/FLEX
122899-119722,WR,Johnny,Johnny Wilson,Wilson,1.2300000190734863,10,4000,DET@PHI,PHI,DET,IR,Knee,,,,WR/FLEX
122899-167849,TE,Zach,Zach Horton,Horton,,0,4000,DET@PHI,DET,PHI,,,,,,TE/FLEX
122899-45997,WR,Keith,Keith Kirkwood,Kirkwood,,0,4000,BAL@CLE,BAL,CLE,,,,,,WR/FLEX
122899-175021,RB,Jordan,Jordan James,James,,0,4000,SF@ARI,SF,ARI,,,,,,RB/FLEX
122899-137139,WR,Myles,Myles Price,Price,-0.4444444444444444,9,4000,CHI@MIN,MIN,CHI,,,,,,WR/FLEX
122899-72627,RB,Patrick,Patrick Taylor Jr.,Taylor Jr.,6.259999847412109,5,4000,SF@ARI,SF,ARI,IR,Shoulder,,,,RB/FLEX
122899-156596,RB,Jarquez,Jarquez Hunter,Hunter,,0,4000,SEA@LAR,LAR,SEA,,,,,,RB/FLEX
122899-104388,WR,Tom,Tom Kennedy,Kennedy,0,3,4000,DET@PHI,DET,PHI,,,,,,WR/FLEX
122899-56262,WR,Parris,Parris Campbell,Campbell,2.4,5,4000,DAL@LV,DAL,LV,,,,,,WR/FLEX
122899-152522,RB,Phil,Phil Mafah,Mafah,,0,4000,DAL@LV,DAL,LV,IR,Shoulder,,,,RB/FLEX
122899-56265,TE,Mike,Mike Gesicki,Gesicki,2.0200000762939454,5,4000,CIN@PIT,CIN,PIT,IR,Pectoral,,,,TE/FLEX
122899-183240,RB,Cam,Cam Skattebo,Skattebo,14.462499618530273,8,4000,GB@NYG,NYG,GB,IR,Ankle,,,,RB/FLEX
122899-152526,TE,Jake,Jake Briningstool,Briningstool,,0,4000,KC@DEN,KC,DEN,IR,Hamstring,,,,TE/FLEX
122899-73687,WR,Quez,Quez Watkins,Watkins,,0,4000,DET@PHI,PHI,DET,Q,Undisclosed,,,,WR/FLEX
122899-152537,WR,Tai,Tai Felton,Felton,0.4666666587193807,3,4000,CHI@MIN,MIN,CHI,,,,,,WR/FLEX
122899-54239,TE,Matt,Matt Sokol,Sokol,,0,4000,CIN@PIT,PIT,CIN,,,,,,TE/FLEX
122899-85986,TE,James,James Mitchell,Mitchell,2.1500000953674316,2,4000,CAR@ATL,CAR,ATL,,,,,,TE/FLEX
122899-138221,WR,Ricky,Ricky White III,White III,,0,4000,SEA@LAR,SEA,LAR,,,,,,WR/FLEX
122899-12526,D,Buffalo,Buffalo Bills,Bills,5.888888888888889,9,3900,TB@BUF,BUF,TB,,,,,,DEF
122899-12527,D,Chicago,Chicago Bears,Bears,7,9,3800,CHI@MIN,CHI,MIN,,,,,,DEF
122899-12554,D,Jacksonville,Jacksonville Jaguars,Jaguars,7.222222222222222,9,3700,LAC@JAC,JAC,LAC,,,,,,DEF
122899-12530,D,Dallas,Dallas Cowboys,Cowboys,4.333333333333333,9,3600,DAL@LV,DAL,LV,,,,,,DEF
122899-12540,D,Minnesota,Minnesota Vikings,Vikings,6.666666666666667,9,3600,CHI@MIN,MIN,CHI,,,,,,DEF
122899-12551,D,Tampa Bay,Tampa Bay Buccaneers,Buccaneers,7.888888888888889,9,3500,TB@BUF,TB,BUF,,,,,,DEF
122899-12553,D,Carolina,Carolina Panthers,Panthers,5.6,10,3400,CAR@ATL,CAR,ATL,,,,,,DEF
122899-12525,D,Atlanta,Atlanta Falcons,Falcons,6.888888888888889,9,3300,CAR@ATL,ATL,CAR,,,,,,DEF
122899-12537,D,Las Vegas,Las Vegas Raiders,Raiders,4.555555555555555,9,3200,DAL@LV,LV,DAL,,,,,,DEF
122899-12546,D,Arizona,Arizona Cardinals,Cardinals,6.666666666666667,9,3200,SF@ARI,ARI,SF,,,,,,DEF
122899-12534,D,Tennessee,Tennessee Titans,Titans,6.111111111111111,9,3100,HOU@TEN,TEN,HOU,,,,,,DEF
122899-12528,D,Cincinnati,Cincinnati Bengals,Bengals,2.4444444444444446,9,3000,CIN@PIT,CIN,PIT,,,,,,DEF
122899-12543,D,New York,New York Giants,Giants,2.6,10,3000,GB@NYG,NYG,GB,,,,,,DEF