Id,Position,First Name,Nickname,Last Name,FPPG,Played,Salary,Game,Team,Opponent,Injury Indicator,Injury Details,Tier,,,Roster Position
121342-89675,RB,Jonathan,Jonathan Taylor,Taylor,23.860000610351562,5,10200,ARI@IND,IND,ARI,,,,,,RB/FLEX
121342-103020,WR,Puka,Puka Nacua,Nacua,23.4,5,9800,LAR@BAL,LAR,BAL,,,,,,WR/FLEX
121342-55050,RB,Christian,Christian McCaffrey,McCaffrey,20.88000030517578,5,9500,SF@TB,SF,TB,,,,,,RB/FLEX
121342-86997,WR,Amon-Ra,Amon-Ra St. Brown,St. Brown,20.18000030517578,5,9200,DET@KC,DET,KC,,,,,,WR/FLEX
121342-136855,RB,Bijan,Bijan Robinson,Robinson,22.100000381469727,4,9100,BUF@ATL,ATL,BUF,,,,,,RB/FLEX
121342-62239,QB,Josh,Josh Allen,Allen,24.575999450683593,5,9100,BUF@ATL,BUF,ATL,,,,,,QB
121342-129458,WR,Jaxon,Jaxon Smith-Njigba,Smith-Njigba,18.1,5,9000,SEA@JAC,SEA,JAC,,,,,,WR/FLEX
121342-63115,QB,Lamar,Lamar Jackson,Jackson,23.59000015258789,4,9000,LAR@BAL,BAL,LAR,O,Hamstring,,,,QB
121342-129368,RB,Jahmyr,Jahmyr Gibbs,Gibbs,16.939999389648438,5,8900,DET@KC,DET,KC,,,,,,RB/FLEX
121342-85701,WR,Ja'Marr,Ja'Marr Chase,Chase,15.260000610351563,5,8800,CIN@GB,CIN,GB,Q,Illness,,,,WR/FLEX
121342-72731,RB,Josh,Josh Jacobs,Jacobs,16.875,4,8700,CIN@GB,GB,CIN,,,,,,RB/FLEX
121342-91626,RB,James,James Cook III,Cook III,19.780000305175783,5,8600,BUF@ATL,BUF,ATL,,,,,,RB/FLEX
121342-69189,QB,Justin,Justin Herbert,Herbert,19.69199981689453,5,8500,LAC@MIA,LAC,MIA,,,,,,QB
121342-86631,WR,CeeDee,CeeDee Lamb,Lamb,18.100000381469727,2,8500,DAL@CAR,DAL,CAR,O,Ankle,,,,WR/FLEX
121342-102785,QB,Jayden,Jayden Daniels,Daniels,18.986666361490887,3,8400,CHI@WAS,WAS,CHI,,,,,,QB
121342-104433,RB,Kyren,Kyren Williams,Williams,15.319999694824219,5,8400,LAR@BAL,LAR,BAL,,,,,,RB/FLEX
121342-69017,QB,Jordan,Jordan Love,Love,19.549999237060547,4,8300,CIN@GB,GB,CIN,,,,,,QB
121342-41535,QB,Baker,Baker Mayfield,Mayfield,21.944000244140625,5,8200,SF@TB,TB,SF,,,,,,QB
121342-152655,WR,Emeka,Emeka Egbuka,Egbuka,19.18000030517578,5,8100,SF@TB,TB,SF,,,,,,WR/FLEX
121342-138820,RB,De'Von,De'Von Achane,Achane,16,5,8100,LAC@MIA,MIA,LAC,,,,,,RB/FLEX
121342-167031,RB,Ashton,Ashton Jeanty,Jeanty,14.419999694824218,5,8000,TEN@LV,LV,TEN,,,,,,RB/FLEX
121342-38435,QB,Jared,Jared Goff,Goff,19.075999450683593,5,8000,DET@KC,DET,KC,,,,,,QB
121342-31716,QB,Dak,Dak Prescott,Prescott,22.047999572753906,5,8000,DAL@CAR,DAL,CAR,,,,,,QB
121342-57439,QB,Patrick,Patrick Mahomes,Mahomes,24.055999755859375,5,7900,DET@KC,KC,DET,,,,,,QB
121342-174215,RB,Omarion,Omarion Hampton,Hampton,14,5,7900,LAC@MIA,LAC,MIA,IR,Ankle,,,,RB/FLEX
121342-93541,RB,Javonte,Javonte Williams,Williams,19.6,5,7800,DAL@CAR,DAL,CAR,,,,,,RB/FLEX
121342-152316,QB,Drake,Drake Maye,Maye,19.62799987792969,5,7800,NE@NO,NE,NO,,,,,,QB
121342-45889,WR,Davante,Davante Adams,Adams,13.539999389648438,5,7800,LAR@BAL,LAR,BAL,,,,,,WR/FLEX
121342-39280,RB,Derrick,Derrick Henry,Henry,12.05999984741211,5,7700,LAR@BAL,BAL,LAR,,,,,,RB/FLEX
121342-6654,QB,Matthew,Matthew Stafford,Stafford,21.144000244140624,5,7700,LAR@BAL,LAR,BAL,,,,,,QB
121342-63519,QB,Daniel,Daniel Jones,Jones,20.039999389648436,5,7600,ARI@IND,IND,ARI,,,,,,QB
121342-120033,WR,Rome,Rome Odunze,Odunze,18.149999618530273,4,7600,CHI@WAS,CHI,WAS,,,,,,WR/FLEX
121342-152664,RB,Bucky,Bucky Irving,Irving,16.375,4,7500,SF@TB,TB,SF,O,Shoulder,,,,RB/FLEX
121342-90584,QB,Mac,Mac Jones,Jones,20.400000254313152,3,7500,SF@TB,SF,TB,Q,Knee,,,,QB
121342-85607,QB,Brock,Brock Purdy,Purdy,20.719999313354492,2,7500,SF@TB,SF,TB,O,Toe,,,,QB
121342-110246,WR,George,George Pickens,Pickens,16.039999389648436,5,7500,DAL@CAR,DAL,CAR,,,,,,WR/FLEX
121342-63589,QB,Sam,Sam Darnold,Darnold,17.527999877929688,5,7400,SEA@JAC,SEA,JAC,,,,,,QB
121342-112745,WR,Drake,Drake London,London,11.475000381469727,4,7400,BUF@ATL,ATL,BUF,,,,,,WR/FLEX
121342-151745,WR,Brian,Brian Thomas Jr.,Thomas Jr.,8,5,7400,SEA@JAC,JAC,SEA,,,,,,WR/FLEX
121342-152113,QB,Caleb,Caleb Williams,Williams,21.020000457763672,4,7300,CHI@WAS,CHI,WAS,,,,,,QB
121342-120639,WR,Quentin,Quentin Johnston,Johnston,14.680000305175781,5,7300,LAC@MIA,LAC,MIA,Q,Hamstring,,,,WR/FLEX
121342-89956,RB,Travis,Travis Etienne Jr.,Etienne Jr.,15.38000030517578,5,7300,SEA@JAC,JAC,SEA,,,,,,RB/FLEX
121342-63484,QB,Kyler,Kyler Murray,Murray,16.155999755859376,5,7300,ARI@IND,ARI,IND,Q,Foot,,,,QB
121342-158974,WR,Xavier,Xavier Worthy,Worthy,7.566666920979817,3,7200,DET@KC,KC,DET,,,,,,WR/FLEX
121342-73048,WR,DK,DK Metcalf,Metcalf,13.649999618530273,4,7200,CLE@PIT,PIT,CLE,,,,,,WR/FLEX
121342-87467,RB,Chuba,Chuba Hubbard,Hubbard,12.399999618530273,4,7200,DAL@CAR,CAR,DAL,O,Calf,,,,RB/FLEX
121342-169410,RB,Quinshon,Quinshon Judkins,Judkins,15.100000381469727,4,7100,CLE@PIT,CLE,PIT,,,,,,RB/FLEX
121342-90572,QB,Tua,Tua Tagovailoa,Tagovailoa,16.424000549316407,5,7100,LAC@MIA,MIA,LAC,,,,,,QB
121342-89680,TE,Jake,Jake Ferguson,Ferguson,13.139999389648438,5,7000,DAL@CAR,DAL,CAR,,,,,,TE/FLEX
121342-32384,WR,Mike,Mike Evans,Evans,9,3,7000,SF@TB,TB,SF,O,Hamstring,,,,WR/FLEX
121342-119606,QB,Bryce,Bryce Young,Young,14.08800048828125,5,7000,DAL@CAR,CAR,DAL,,,,,,QB
121342-103342,RB,Kenneth,Kenneth Walker III,Walker III,12.65999984741211,5,7000,SEA@JAC,SEA,JAC,,,,,,RB/FLEX
121342-152651,WR,Marvin,Marvin Harrison Jr.,Harrison Jr.,10.519999694824218,5,6900,ARI@IND,ARI,IND,,,,,,WR/FLEX
121342-42104,RB,Alvin,Alvin Kamara,Kamara,9.7,5,6900,NE@NO,NO,NE,Q,Ankle,,,,RB/FLEX
121342-6894,QB,Aaron,Aaron Rodgers,Rodgers,15.885000228881836,4,6900,CLE@PIT,PIT,CLE,,,,,,QB
121342-137530,TE,Tyler,Tyler Warren,Warren,10.95999984741211,5,6800,ARI@IND,IND,ARI,,,,,,TE/FLEX
121342-112295,WR,Zay,Zay Flowers,Flowers,12.38000030517578,5,6800,LAR@BAL,BAL,LAR,Q,Shoulder,,,,WR/FLEX
121342-137902,RB,Rachaad,Rachaad White,White,9.05999984741211,5,6800,SF@TB,TB,SF,,,,,,RB/FLEX
121342-26483,QB,Geno,Geno Smith,Smith,14.88800048828125,5,6800,TEN@LV,LV,TEN,,,,,,QB
121342-90573,WR,Jaylen,Jaylen Waddle,Waddle,12.4,5,6700,LAC@MIA,MIA,LAC,,,,,,WR/FLEX
121342-160303,TE,Tucker,Tucker Kraft,Kraft,11.449999809265137,4,6700,CIN@GB,GB,CIN,,,,,,TE/FLEX
121342-73273,RB,David,David Montgomery,Montgomery,13.944000244140625,5,6700,DET@KC,DET,KC,,,,,,RB/FLEX
121342-56018,WR,Deebo,Deebo Samuel Sr.,Samuel Sr.,14.719999694824219,5,6700,CHI@WAS,WAS,CHI,Q,Heel,,,,WR/FLEX
121342-88797,QB,Michael,Michael Penix Jr.,Penix Jr.,14.454999923706055,4,6700,BUF@ATL,ATL,BUF,,,,,,QB
121342-89951,QB,Trevor,Trevor Lawrence,Lawrence,16.047999572753906,5,6700,SEA@JAC,JAC,SEA,,,,,,QB
121342-111631,WR,Jameson,Jameson Williams,Williams,7.380000305175781,5,6600,DET@KC,DET,KC,,,,,,WR/FLEX
121342-72297,RB,Rico,Rico Dowdle,Dowdle,10.54000015258789,5,6600,DAL@CAR,CAR,DAL,,,,,,RB/FLEX
121342-167620,WR,Tetairoa,Tetairoa McMillan,McMillan,10.019999694824218,5,6600,DAL@CAR,CAR,DAL,,,,,,WR/FLEX
121342-111557,QB,Spencer,Spencer Rattler,Rattler,15.080000305175782,5,6600,NE@NO,NO,NE,,,,,,QB
121342-151794,TE,Brock,Brock Bowers,Bowers,9.25,4,6500,TEN@LV,LV,TEN,O,Knee - pcl,,,,TE/FLEX
121342-102796,WR,Ricky,Ricky Pearsall,Pearsall,12.074999809265137,4,6500,SF@TB,SF,TB,O,Knee - pcl,,,,WR/FLEX
121342-60840,QB,Jake,Jake Browning,Browning,14.045000076293945,4,6500,CIN@GB,CIN,GB,,,,,,QB
121342-103698,QB,Dillon,Dillon Gabriel,Gabriel,6.9533335367838545,3,6400,CLE@PIT,CLE,PIT,,,,,,QB
121342-133472,WR,Ladd,Ladd McConkey,McConkey,7.55999984741211,5,6400,LAC@MIA,LAC,MIA,,,,,,WR/FLEX
121342-89493,RB,Chase,Chase Brown,Brown,8.1,5,6400,CIN@GB,CIN,GB,,,,,,RB/FLEX
121342-168356,QB,Cam,Cam Ward,Ward,7.951999664306641,5,6400,TEN@LV,TEN,LV,,,,,,QB
121342-91598,RB,D'Andre,D'Andre Swift,Swift,10.925000190734863,4,6400,CHI@WAS,CHI,WAS,,,,,,RB/FLEX
121342-91750,TE,Trey,Trey McBride,McBride,9.6,5,6400,ARI@IND,ARI,IND,,,,,,TE/FLEX
121342-6714,QB,Joe,Joe Flacco,Flacco,7.974999904632568,4,6300,CIN@GB,CIN,GB,,,,,,QB
121342-29253,WR,Keenan,Keenan Allen,Allen,12.280000305175781,5,6300,LAC@MIA,LAC,MIA,,,,,,WR/FLEX
121342-44715,QB,Cooper,Cooper Rush,Rush,1.9466667175292969,3,6300,LAR@BAL,BAL,LAR,,,,,,QB
121342-94370,WR,Romeo,Romeo Doubs,Doubs,12.100000381469727,4,6200,CIN@GB,GB,CIN,,,,,,WR/FLEX
121342-112057,RB,Jaylen,Jaylen Warren,Warren,12.966667175292969,3,6200,CLE@PIT,PIT,CLE,,,,,,RB/FLEX
121342-117178,RB,Jacory,Jacory Croskey-Merritt,Croskey-Merritt,12.240000152587891,5,6200,CHI@WAS,WAS,CHI,,,,,,RB/FLEX
121342-63043,WR,DJ,DJ Moore,Moore,7.699999809265137,4,6200,CHI@WAS,CHI,WAS,,,,,,WR/FLEX
121342-69213,WR,Michael,Michael Pittman Jr.,Pittman Jr.,12.860000610351562,5,6200,ARI@IND,IND,ARI,,,,,,WR/FLEX
121342-29358,QB,Marcus,Marcus Mariota,Mariota,18.760000228881836,2,6200,CHI@WAS,WAS,CHI,,,,,,QB
121342-103619,WR,Tre,Tre Tucker,Tucker,13.6,5,6100,TEN@LV,LV,TEN,,,,,,WR/FLEX
121342-93539,RB,Michael,Michael Carter,Carter,7.949999809265137,2,6100,ARI@IND,ARI,IND,,,,,,RB/FLEX
121342-89981,WR,Tee,Tee Higgins,Higgins,6.8599998474121096,5,6100,CIN@GB,CIN,GB,,,,,,WR/FLEX
121342-86081,QB,Emory,Emory Jones,Jones,,0,6000,BUF@ATL,ATL,BUF,IR,Concussion,,,,QB
121342-52342,QB,Will,Will Grier,Grier,,0,6000,DAL@CAR,DAL,CAR,,,,,,QB
121342-63634,WR,Jakobi,Jakobi Meyers,Meyers,8.3,5,6000,TEN@LV,LV,TEN,,,,,,WR/FLEX
121342-61593,WR,Jauan,Jauan Jennings,Jennings,8.466666539510092,3,6000,SF@TB,SF,TB,Q,Ankle,,,,WR/FLEX
121342-160938,QB,Quinn,Quinn Ewers,Ewers,,0,6000,LAC@MIA,MIA,LAC,,,,,,QB
121342-86200,QB,Sean,Sean Clifford,Clifford,,0,6000,CIN@GB,CIN,GB,,,,,,QB
121342-149696,QB,Trey,Trey Lance,Lance,2.859999895095825,1,6000,LAC@MIA,LAC,MIA,,,,,,QB
121342-93382,QB,Aidan,Aidan O'Connell,O'Connell,11.164444817437065,9,6000,TEN@LV,LV,TEN,IR,Wrist,,,,QB
121342-69833,QB,Shane,Shane Buechele,Buechele,,0,6000,BUF@ATL,BUF,ATL,,,,,,QB
121342-45259,QB,Logan,Logan Woodside,Woodside,,0,6000,CLE@PIT,PIT,CLE,,,,,,QB
121342-86243,QB,Will,Will Levis,Levis,10.995000203450521,12,6000,TEN@LV,TEN,LV,IR,Shoulder,,,,QB
121342-91390,QB,Joe,Joe Milton III,Milton III,0.6399999856948853,1,6000,DAL@CAR,DAL,CAR,,,,,,QB
121342-63759,RB,Tony,Tony Pollard,Pollard,10.38000030517578,5,6000,TEN@LV,TEN,LV,,,,,,RB/FLEX
121342-129315,QB,Anthony,Anthony Richardson Sr.,Richardson Sr.,0.8299999833106995,2,6000,ARI@IND,IND,ARI,,,,,,QB
121342-90406,QB,Zach,Zach Wilson,Wilson,1.5800000429153442,1,6000,LAC@MIA,MIA,LAC,,,,,,QB
121342-120105,QB,Will,Will Howard,Howard,,0,6000,CLE@PIT,PIT,CLE,IR,Hand,,,,QB
121342-33076,TE,Travis,Travis Kelce,Kelce,9.45999984741211,5,6000,DET@KC,KC,DET,,,,,,TE/FLEX
121342-54604,QB,Jimmy,Jimmy Garoppolo,Garoppolo,11.930000305175781,2,6000,LAR@BAL,LAR,BAL,,,,,,QB
121342-27986,QB,C.J.,C.J. Beathard,Beathard,,0,6000,DET@KC,DET,KC,,,,,,QB
121342-61798,QB,Gardner,Gardner Minshew II,Minshew II,-0.30000001192092896,1,6000,DET@KC,KC,DET,,,,,,QB
121342-88431,QB,Tyler,Tyler Shough,Shough,0,1,6000,NE@NO,NO,NE,,,,,,QB
121342-103824,QB,Easton,Easton Stick,Stick,,0,6000,BUF@ATL,ATL,BUF,,,,,,QB
121342-92575,RB,Isiah,Isiah Pacheco,Pacheco,6.279999923706055,5,6000,DET@KC,KC,DET,,,,,,RB/FLEX
121342-70051,QB,Tyler,Tyler Huntley,Huntley,12.731999969482422,5,6000,LAR@BAL,BAL,LAR,,,,,,QB
121342-110000,QB,Connor,Connor Bazelak,Bazelak,,0,6000,SF@TB,TB,SF,,,,,,QB
121342-185776,QB,Tyson,Tyson Bagent,Bagent,1.7799999713897705,1,6000,CHI@WAS,CHI,WAS,,,,,,QB
121342-25011,TE,Darren,Darren Waller,Waller,16.25,2,6000,LAC@MIA,MIA,LAC,,,,,,TE/FLEX
121342-91583,QB,Stetson,Stetson Bennett IV,Bennett IV,0,1,6000,LAR@BAL,LAR,BAL,,,,,,QB
121342-31170,QB,Brandon,Brandon Allen,Allen,2.7866665522257485,3,6000,TEN@LV,TEN,LV,,,,,,QB
121342-22994,QB,Case,Case Keenum,Keenum,,0,6000,CHI@WAS,CHI,WAS,,,,,,QB
121342-40407,QB,Joshua,Joshua Dobbs,Dobbs,-0.20000000298023224,1,6000,NE@NO,NE,NO,,,,,,QB
121342-53729,QB,Mason,Mason Rudolph,Rudolph,0.47999998927116394,1,6000,CLE@PIT,PIT,CLE,,,,,,QB
121342-33259,QB,Teddy,Teddy Bridgewater,Bridgewater,0.11999999731779099,1,6000,SF@TB,TB,SF,,,,,,QB
121342-102933,QB,Kedon,Kedon Slovis,Slovis,,0,6000,ARI@IND,ARI,IND,,,,,,QB
121342-22038,QB,Kirk,Kirk Cousins,Cousins,1.159999966621399,1,6000,BUF@ATL,ATL,BUF,,,,,,QB
121342-30231,QB,Jacoby,Jacoby Brissett,Brissett,0.10000000149011612,2,6000,ARI@IND,ARI,IND,,,,,,QB
121342-94748,QB,Tommy,Tommy DeVito,DeVito,6.739999771118164,2,6000,NE@NO,NE,NO,,,,,,QB
121342-87594,QB,Sam,Sam Hartman,Hartman,,0,6000,CHI@WAS,WAS,CHI,,,,,,QB
121342-30253,QB,Jeff,Jeff Driskel,Driskel,0,1,6000,TEN@LV,LV,TEN,,,,,,QB
121342-64051,QB,Drew,Drew Lock,Lock,0.5,1,6000,SEA@JAC,SEA,JAC,,,,,,QB
121342-208467,QB,Cam,Cam Miller,Miller,,0,6000,TEN@LV,LV,TEN,,,,,,QB
121342-40534,QB,Mike,Mike White,White,1.1200000047683716,1,6000,CIN@GB,CIN,GB,,,,,,QB
121342-41562,QB,Nick,Nick Mullens,Mullens,0.33000001311302185,4,6000,SEA@JAC,JAC,SEA,,,,,,QB
121342-87691,QB,Malik,Malik Willis,Willis,7.399999891008649,7,6000,CIN@GB,GB,CIN,,,,,,QB
121342-69294,QB,Skylar,Skylar Thompson,Thompson,2.626666704813639,3,6000,CLE@PIT,PIT,CLE,IR,Hamstring,,,,QB
121342-73398,QB,Chris,Chris Oladokun,Oladokun,0.25,2,6000,DET@KC,KC,DET,,,,,,QB
121342-90813,QB,Clayton,Clayton Tune,Tune,-0.3466666539510091,6,6000,CIN@GB,GB,CIN,,,,,,QB
121342-139985,QB,Bailey,Bailey Zappe,Zappe,4.5,2,6000,CLE@PIT,CLE,PIT,,,,,,QB
121342-38628,QB,Mitchell,Mitchell Trubisky,Trubisky,0.9800000190734863,1,6000,BUF@ATL,BUF,ATL,,,,,,QB
121342-61157,QB,Brett,Brett Rypien,Rypien,0,1,6000,CIN@GB,CIN,GB,,,,,,QB
121342-86793,QB,Jake,Jake Haener,Haener,1.7799999713897705,8,6000,NE@NO,NO,NE,,,,,,QB
121342-28434,QB,Trevor,Trevor Siemian,Siemian,,0,6000,TEN@LV,TEN,LV,,,,,,QB
121342-92975,QB,Malik,Malik Cunningham,Cunningham,,0,6000,DET@KC,DET,KC,,,,,,QB
121342-154450,QB,Riley,Riley Leonard,Leonard,,0,6000,ARI@IND,IND,ARI,,,,,,QB
121342-8023,QB,Josh,Josh Johnson,Johnson,0.19499999284744263,4,6000,CHI@WAS,WAS,CHI,,,,,,QB
121342-154462,QB,Jalen,Jalen Milroe,Milroe,-0.5333333412806193,3,6000,SEA@JAC,SEA,JAC,,,,,,QB
121342-90981,QB,Adrian,Adrian Martinez,Martinez,,0,6000,SF@TB,SF,TB,,,,,,QB
121342-53095,QB,Kyle,Kyle Allen,Allen,-0.20000000298023224,1,6000,DET@KC,DET,KC,,,,,,QB
121342-63336,QB,Joe,Joe Burrow,Burrow,7.929999828338623,2,6000,CIN@GB,CIN,GB,IR,Toe,,,,QB
121342-88937,QB,Carter,Carter Bradley,Bradley,,0,6000,SEA@JAC,JAC,SEA,,,,,,QB
121342-92020,QB,Kenny,Kenny Pickett,Pickett,3.6342857905796597,7,6000,TEN@LV,LV,TEN,,,,,,QB
121342-184183,QB,Shedeur,Shedeur Sanders,Sanders,,0,6000,CLE@PIT,CLE,PIT,,,,,,QB
121342-14225,QB,Andy,Andy Dalton,Dalton,3.109999895095825,2,6000,DAL@CAR,CAR,DAL,,,,,,QB
121342-56250,WR,Terry,Terry McLaurin,McLaurin,6.633333206176758,3,6000,CHI@WAS,WAS,CHI,O,Quadriceps,,,,WR/FLEX
121342-85983,QB,Hendon,Hendon Hooker,Hooker,0.6700000166893005,4,6000,DAL@CAR,CAR,DAL,,,,,,QB
121342-129010,QB,DJ,DJ Uiagalelei,Uiagalelei,,0,6000,LAC@MIA,LAC,MIA,,,,,,QB
121342-25079,WR,Stefon,Stefon Diggs,Diggs,11.280000305175781,5,5900,NE@NO,NE,NO,,,,,,WR/FLEX
121342-86687,WR,Hollywood,Hollywood Brown,Brown,8.94000015258789,5,5900,DET@KC,KC,DET,,,,,,WR/FLEX
121342-87770,WR,Chris,Chris Olave,Olave,9.180000305175781,5,5900,NE@NO,NO,NE,,,,,,WR/FLEX
121342-40845,TE,Hunter,Hunter Henry,Henry,10.3,5,5900,NE@NO,NE,NO,,,,,,TE/FLEX
121342-103376,RB,Zach,Zach Charbonnet,Charbonnet,8.600000381469727,4,5900,SEA@JAC,SEA,JAC,,,,,,RB/FLEX
121342-166916,WR,Matthew,Matthew Golden,Golden,5.25,4,5800,CIN@GB,GB,CIN,,,,,,WR/FLEX
121342-152647,RB,TreVeyon,TreVeyon Henderson,Henderson,6.919999694824218,5,5800,NE@NO,NE,NO,,,,,,RB/FLEX
121342-145558,TE,Dalton,Dalton Kincaid,Kincaid,11.94000015258789,5,5800,BUF@ATL,BUF,ATL,Q,Oblique,,,,TE/FLEX
121342-52436,TE,Mark,Mark Andrews,Andrews,7.1400001525878904,5,5800,LAR@BAL,BAL,LAR,,,,,,TE/FLEX
121342-170287,WR,Rashid,Rashid Shaheed,Shaheed,11.05999984741211,5,5800,NE@NO,NO,NE,,,,,,WR/FLEX
121342-86518,WR,Khalil,Khalil Shakir,Shakir,9.4,5,5800,BUF@ATL,BUF,ATL,,,,,,WR/FLEX
121342-55335,TE,David,David Njoku,Njoku,7.1,5,5700,CLE@PIT,CLE,PIT,,,,,,TE/FLEX
121342-64555,WR,Calvin,Calvin Ridley,Ridley,7.540000152587891,5,5700,TEN@LV,TEN,LV,,,,,,WR/FLEX
121342-69777,WR,Darnell,Darnell Mooney,Mooney,3.7999998728434243,3,5700,BUF@ATL,ATL,BUF,O,Hamstring,,,,WR/FLEX
121342-105646,TE,Sam,Sam LaPorta,LaPorta,8.680000305175781,5,5700,DET@KC,DET,KC,,,,,,TE/FLEX
121342-80289,WR,Kendrick,Kendrick Bourne,Bourne,8.725000381469727,4,5700,SF@TB,SF,TB,,,,,,WR/FLEX
121342-111540,RB,Rhamondre,Rhamondre Stevenson,Stevenson,8.759999847412109,5,5700,NE@NO,NE,NO,,,,,,RB/FLEX
121342-91361,RB,Hassan,Hassan Haskins,Haskins,0.5,4,5600,LAC@MIA,LAC,MIA,,,,,,RB/FLEX
121342-91467,TE,Jake,Jake Tonges,Tonges,8.819999694824219,5,5600,SF@TB,SF,TB,,,,,,TE/FLEX
121342-90561,WR,Jerry,Jerry Jeudy,Jeudy,5.44000015258789,5,5600,CLE@PIT,CLE,PIT,,,,,,WR/FLEX
121342-55987,WR,JuJu,JuJu Smith-Schuster,Smith-Schuster,6.159999847412109,5,5600,DET@KC,KC,DET,,,,,,WR/FLEX
121342-103252,RB,Zonovan,Zonovan Knight,Knight,2.9666665395100913,3,5600,ARI@IND,ARI,IND,,,,,,RB/FLEX
121342-110457,WR,Dontayvion,Dontayvion Wicks,Wicks,4.099999904632568,4,5600,CIN@GB,GB,CIN,,,,,,WR/FLEX
121342-79970,WR,Cooper,Cooper Kupp,Kupp,6.519999694824219,5,5500,SEA@JAC,SEA,JAC,,,,,,WR/FLEX
121342-89220,WR,Tyquan,Tyquan Thornton,Thornton,10.34000015258789,5,5500,DET@KC,KC,DET,,,,,,WR/FLEX
121342-45229,RB,Kareem,Kareem Hunt,Hunt,8.359999847412109,5,5500,DET@KC,KC,DET,,,,,,RB/FLEX
121342-129305,WR,Josh,Josh Downs,Downs,5.5,5,5500,ARI@IND,IND,ARI,,,,,,WR/FLEX
121342-94579,RB,Emari,Emari Demercado,Demercado,3.799999952316284,4,5500,ARI@IND,ARI,IND,,,,,,RB/FLEX
121342-60957,WR,KaVontae,KaVontae Turpin,Turpin,7.425000190734863,4,5500,DAL@CAR,DAL,CAR,O,Foot,,,,WR/FLEX
121342-137953,TE,AJ,AJ Barner,Barner,8.95999984741211,5,5500,SEA@JAC,SEA,JAC,,,,,,TE/FLEX
121342-157467,WR,Keon,Keon Coleman,Coleman,9.219999694824219,5,5500,BUF@ATL,BUF,ATL,,,,,,WR/FLEX
121342-103587,TE,Brenton,Brenton Strange,Strange,6.079999923706055,5,5400,SEA@JAC,JAC,SEA,IR,Quadriceps,,,,TE/FLEX
121342-55635,WR,Chris,Chris Godwin Jr.,Godwin Jr.,4.099999904632568,2,5400,SF@TB,TB,SF,O,Lower leg,,,,WR/FLEX
121342-128633,RB,Kimani,Kimani Vidal,Vidal,1.2000000476837158,2,5400,LAC@MIA,LAC,MIA,,,,,,RB/FLEX
121342-119653,WR,Kayshon,Kayshon Boutte,Boutte,7.259999847412109,5,5400,NE@NO,NE,NO,,,,,,WR/FLEX
121342-160620,RB,Bhayshul,Bhayshul Tuten,Tuten,5.579999923706055,5,5400,SEA@JAC,JAC,SEA,,,,,,RB/FLEX
121342-184184,WR,Travis,Travis Hunter,Hunter,5.240000152587891,5,5400,SEA@JAC,JAC,SEA,,,,,,WR/FLEX
121342-86080,TE,Kyle,Kyle Pitts Sr.,Pitts Sr.,9.125,4,5300,BUF@ATL,ATL,BUF,,,,,,TE/FLEX
121342-16606,WR,DeAndre,DeAndre Hopkins,Hopkins,6.259999847412109,5,5300,LAR@BAL,BAL,LAR,,,,,,WR/FLEX
121342-87432,WR,Cedric,Cedric Tillman,Tillman,7.025000095367432,4,5300,CLE@PIT,CLE,PIT,IR,Hamstring,,,,WR/FLEX
121342-172699,TE,Harold,Harold Fannin Jr.,Fannin Jr.,6.840000152587891,5,5300,CLE@PIT,CLE,PIT,,,,,,TE/FLEX
121342-120657,RB,Kendre,Kendre Miller,Miller,5.279999923706055,5,5300,NE@NO,NO,NE,,,,,,RB/FLEX
121342-64808,TE,Juwan,Juwan Johnson,Johnson,8.019999694824218,5,5200,NE@NO,NO,NE,,,,,,TE/FLEX
121342-86312,WR,Alec,Alec Pierce,Pierce,7.200000127156575,3,5200,ARI@IND,IND,ARI,,,,,,WR/FLEX
121342-137516,WR,Parker,Parker Washington,Washington,6,5,5200,SEA@JAC,JAC,SEA,,,,,,WR/FLEX
121342-90428,RB,Tyler,Tyler Allgeier,Allgeier,7.224999904632568,4,5200,BUF@ATL,ATL,BUF,,,,,,RB/FLEX
121342-201233,WR,Ryan,Ryan Flournoy,Flournoy,8.366666793823242,3,5200,DAL@CAR,DAL,CAR,,,,,,WR/FLEX
121342-90870,WR,Calvin,Calvin Austin III,Austin III,7.724999904632568,4,5200,CLE@PIT,PIT,CLE,O,Shoulder,,,,WR/FLEX
121342-90933,RB,Antonio,Antonio Gibson,Gibson,4.44000015258789,5,5200,NE@NO,NE,NO,IR,Knee - acl,,,,RB/FLEX
121342-71521,RB,Justice,Justice Hill,Hill,7.459999847412109,5,5200,LAR@BAL,BAL,LAR,,,,,,RB/FLEX
121342-87127,RB,Chris,Chris Rodriguez Jr.,Rodriguez Jr.,3.5,3,5100,CHI@WAS,WAS,CHI,Q,Calf,,,,RB/FLEX
121342-103547,WR,Luke,Luke McCaffrey,McCaffrey,6.419999694824218,5,5100,CHI@WAS,WAS,CHI,,,,,,WR/FLEX
121342-166112,RB,Ollie,Ollie Gordon II,Gordon II,2.6399999618530274,5,5100,LAC@MIA,MIA,LAC,,,,,,RB/FLEX
121342-120042,WR,Jalen,Jalen McMillan,McMillan,8.714285714285714,14,5100,SF@TB,TB,SF,IR,Neck,,,,WR/FLEX
121342-107293,RB,Tyjae,Tyjae Spears,Spears,1.399999976158142,1,5100,TEN@LV,TEN,LV,,,,,,RB/FLEX
121342-172861,WR,Elic,Elic Ayomanor,Ayomanor,7.180000305175781,5,5100,TEN@LV,TEN,LV,,,,,,WR/FLEX
121342-85845,WR,Rashod,Rashod Bateman,Bateman,4.44000015258789,5,5100,LAR@BAL,BAL,LAR,,,,,,WR/FLEX
121342-27477,WR,Sterling,Sterling Shepard,Shepard,6.740000152587891,5,5100,SF@TB,TB,SF,,,,,,WR/FLEX
121342-48116,TE,Jonnu,Jonnu Smith,Smith,5.025000095367432,4,5100,CLE@PIT,PIT,CLE,,,,,,TE/FLEX
121342-71705,TE,Noah,Noah Fant,Fant,6,3,5000,CIN@GB,CIN,GB,,,,,,TE/FLEX
121342-29780,TE,Zach,Zach Ertz,Ertz,7.180000305175781,5,5000,CHI@WAS,WAS,CHI,,,,,,TE/FLEX
121342-71845,RB,Miles,Miles Sanders,Sanders,5.675000190734863,4,5000,DAL@CAR,DAL,CAR,IR,Knee,,,,RB/FLEX
121342-12533,D,Green Bay,Green Bay Packers,Packers,5,4,5000,CIN@GB,GB,CIN,,,,,,DEF
121342-93538,WR,Dyami,Dyami Brown,Brown,6.650000095367432,4,5000,SEA@JAC,JAC,SEA,,,,,,WR/FLEX
121342-38264,WR,Demarcus,Demarcus Robinson,Robinson,3.950000047683716,2,5000,SF@TB,SF,TB,,,,,,WR/FLEX
121342-110974,WR,Malik,Malik Washington,Washington,4.540000152587891,5,5000,LAC@MIA,MIA,LAC,,,,,,WR/FLEX
121342-45565,TE,Taysom,Taysom Hill,Hill,0.6600000262260437,1,5000,NE@NO,NO,NE,,,,,,TE/FLEX
121342-89612,WR,Michael,Michael Wilson,Wilson,3.0399999618530273,5,5000,ARI@IND,ARI,IND,,,,,,WR/FLEX
121342-90912,RB,Kenneth,Kenneth Gainwell,Gainwell,11.600000381469727,4,5000,CLE@PIT,PIT,CLE,,,,,,RB/FLEX
121342-64496,WR,Olamide,Olamide Zaccheaus,Zaccheaus,5.25,4,5000,CHI@WAS,CHI,WAS,,,,,,WR/FLEX
121342-86244,TE,Pat,Pat Freiermuth,Freiermuth,3.3333333333333335,3,4900,CLE@PIT,PIT,CLE,,,,,,TE/FLEX
121342-12526,D,Buffalo,Buffalo Bills,Bills,4.8,5,4900,BUF@ATL,BUF,ATL,,,,,,DEF
121342-87418,WR,Joshua,Joshua Palmer,Palmer,4.679999923706054,5,4900,BUF@ATL,BUF,ATL,,,,,,WR/FLEX
121342-90533,RB,Jerome,Jerome Ford,Ford,3.5,5,4900,CLE@PIT,CLE,PIT,,,,,,RB/FLEX
121342-114198,WR,Xavier,Xavier Legette,Legette,4.299999872843425,3,4900,DAL@CAR,CAR,DAL,,,,,,WR/FLEX
121342-29501,WR,Brandin,Brandin Cooks,Cooks,3.2599998474121095,5,4900,NE@NO,NO,NE,,,,,,WR/FLEX
121342-137059,RB,Sean,Sean Tucker,Tucker,0.3200000047683716,5,4900,SF@TB,TB,SF,,,,,,RB/FLEX
121342-91047,TE,Cole,Cole Kmet,Kmet,5.275000095367432,4,4900,CHI@WAS,CHI,WAS,,,,,,TE/FLEX
121342-56265,TE,Mike,Mike Gesicki,Gesicki,2.0200000762939454,5,4900,CIN@GB,CIN,GB,,,,,,TE/FLEX
121342-155775,RB,Brashard,Brashard Smith,Smith,2.339999961853027,5,4800,DET@KC,KC,DET,,,,,,RB/FLEX
121342-185593,WR,Andrei,Andrei Iosivas,Iosivas,5.200000127156575,3,4800,CIN@GB,CIN,GB,,,,,,WR/FLEX
121342-12547,D,Pittsburgh,Pittsburgh Steelers,Steelers,8.5,4,4800,CLE@PIT,PIT,CLE,,,,,,DEF
121342-52613,WR,Curtis,Curtis Samuel,Samuel,5.5,2,4800,BUF@ATL,BUF,ATL,Q,Neck,,,,WR/FLEX
121342-90562,RB,Brian,Brian Robinson Jr.,Robinson Jr.,2.4200000762939453,5,4800,SF@TB,SF,TB,,,,,,RB/FLEX
121342-88548,WR,Jalen,Jalen Tolbert,Tolbert,3.4200000762939453,5,4800,DAL@CAR,DAL,CAR,,,,,,WR/FLEX
121342-88575,WR,Elijah,Elijah Moore,Moore,4.224999904632568,4,4800,BUF@ATL,BUF,ATL,,,,,,WR/FLEX
121342-137967,RB,Blake,Blake Corum,Corum,4.340000152587891,5,4800,LAR@BAL,LAR,BAL,,,,,,RB/FLEX
121342-86811,TE,Cade,Cade Otton,Otton,4.125,4,4800,SF@TB,TB,SF,,,,,,TE/FLEX
121342-92976,WR,Tutu,Tutu Atwell,Atwell,4.8799999237060545,5,4800,LAR@BAL,LAR,BAL,Q,Hamstring,,,,WR/FLEX
121342-93143,TE,Noah,Noah Gray,Gray,1.2999999523162842,4,4800,DET@KC,KC,DET,,,,,,TE/FLEX
121342-174245,WR,Isaiah,Isaiah Bond,Bond,3.3599998474121096,5,4700,CLE@PIT,CLE,PIT,,,,,,WR/FLEX
121342-166092,WR,Luther,Luther Burden III,Burden III,5.775000095367432,4,4700,CHI@WAS,CHI,WAS,,,,,,WR/FLEX
121342-87260,TE,Isaiah,Isaiah Likely,Likely,1.7000000476837158,1,4700,LAR@BAL,BAL,LAR,,,,,,TE/FLEX
121342-52451,RB,Samaje,Samaje Perine,Perine,1.2,5,4700,CIN@GB,CIN,GB,,,,,,RB/FLEX
121342-88297,TE,Chig,Chig Okonkwo,Okonkwo,5.1400001525878904,5,4700,TEN@LV,TEN,LV,,,,,,TE/FLEX
121342-151789,WR,Adonai,Adonai Mitchell,Mitchell,3.0399999618530273,5,4700,ARI@IND,IND,ARI,,,,,,WR/FLEX
121342-12550,D,Seattle,Seattle Seahawks,Seahawks,9.6,5,4700,SEA@JAC,SEA,JAC,,,,,,DEF
121342-56648,RB,Jeremy,Jeremy McNichols,McNichols,4.849999904632568,4,4700,CHI@WAS,WAS,CHI,,,,,,RB/FLEX
121342-152103,RB,Jaylen,Jaylen Wright,Wright,1.9384615971491888,13,4700,LAC@MIA,MIA,LAC,,,,,,RB/FLEX
121342-62055,WR,Ray-Ray,Ray-Ray McCloud III,McCloud III,2.3499999046325684,4,4700,BUF@ATL,ATL,BUF,,,,,,WR/FLEX
121342-57986,WR,Hunter,Hunter Renfrow,Renfrow,5.44000015258789,5,4700,DAL@CAR,CAR,DAL,,,,,,WR/FLEX
121342-134837,WR,Tory,Tory Horton,Horton,7.959999847412109,5,4700,SEA@JAC,SEA,JAC,,,,,,WR/FLEX
121342-47870,TE,Tyler,Tyler Higbee,Higbee,3.066666603088379,3,4700,LAR@BAL,LAR,BAL,,,,,,TE/FLEX
121342-60451,TE,Tyler,Tyler Conklin,Conklin,2.75,4,4600,LAC@MIA,LAC,MIA,,,,,,TE/FLEX
121342-28744,RB,Raheem,Raheem Mostert,Mostert,5,2,4600,TEN@LV,LV,TEN,,,,,,RB/FLEX
121342-111876,WR,DeMario,DeMario Douglas,Douglas,3.2249999046325684,4,4600,NE@NO,NE,NO,,,,,,WR/FLEX
121342-89627,WR,Brycen,Brycen Tremayne,Tremayne,3.825000047683716,4,4600,DAL@CAR,CAR,DAL,,,,,,WR/FLEX
121342-104012,WR,Ashton,Ashton Dulin,Dulin,2.575000047683716,4,4600,ARI@IND,IND,ARI,,,,,,WR/FLEX
121342-172646,RB,Trevor,Trevor Etienne,Etienne,1.1600000381469726,5,4600,DAL@CAR,CAR,DAL,,,,,,RB/FLEX
121342-166588,TE,Colston,Colston Loveland,Loveland,1.933333396911621,3,4600,CHI@WAS,CHI,WAS,Q,Hip,,,,TE/FLEX
121342-144102,RB,Kyle,Kyle Monangai,Monangai,2.5,4,4600,CHI@WAS,CHI,WAS,,,,,,RB/FLEX
121342-201547,WR,Jalen,Jalen Coker,Coker,6.6299997965494795,12,4600,DAL@CAR,CAR,DAL,IR,Quadriceps,,,,WR/FLEX
121342-64389,WR,Nick,Nick Westbrook-Ikhine,Westbrook-Ikhine,1.5333333015441895,3,4600,LAC@MIA,MIA,LAC,,,,,,WR/FLEX
121342-91101,TE,Tommy,Tommy Tremble,Tremble,4.1400001525878904,5,4600,DAL@CAR,CAR,DAL,,,,,,TE/FLEX
121342-183488,WR,Isaac,Isaac TeSlaa,TeSlaa,4.724999904632568,4,4500,DET@KC,DET,KC,,,,,,WR/FLEX
121342-12548,D,Los Angeles,Los Angeles Chargers,Chargers,5.4,5,4500,LAC@MIA,LAC,MIA,,,,,,DEF
121342-158983,TE,Ja'Tavion,Ja'Tavion Sanders,Sanders,4.899999936421712,3,4500,DAL@CAR,CAR,DAL,Q,Ankle,,,,TE/FLEX
121342-103694,RB,Ray,Ray Davis,Davis,0.6800000190734863,5,4500,BUF@ATL,BUF,ATL,,,,,,RB/FLEX
121342-151909,WR,Dont'e,Dont'e Thornton Jr.,Thornton Jr.,2.3799999237060545,5,4500,TEN@LV,LV,TEN,,,,,,WR/FLEX
121342-174486,RB,Dylan,Dylan Sampson,Sampson,4.679999923706054,5,4500,CLE@PIT,CLE,PIT,,,,,,RB/FLEX
121342-27050,WR,Tyler,Tyler Lockett,Lockett,1.7399999618530273,5,4500,TEN@LV,TEN,LV,,,,,,WR/FLEX
121342-73176,TE,Luke,Luke Farrell,Farrell,2.924999952316284,4,4500,SF@TB,SF,TB,,,,,,TE/FLEX
121342-87515,WR,Tylan,Tylan Wallace,Wallace,3.7999998728434243,3,4500,LAR@BAL,BAL,LAR,,,,,,WR/FLEX
121342-63050,RB,Ty,Ty Johnson,Johnson,1.3199999809265137,5,4500,BUF@ATL,BUF,ATL,,,,,,RB/FLEX
121342-25267,WR,Mack,Mack Hollins,Hollins,4.925000190734863,4,4500,NE@NO,NE,NO,,,,,,WR/FLEX
121342-158438,TE,Oronde,Oronde Gadsden II,Gadsden II,3.866666793823242,3,4500,LAC@MIA,LAC,MIA,,,,,,TE/FLEX
121342-128765,RB,Nathan,Nathan Carter,Carter,2.5999999046325684,1,4500,BUF@ATL,ATL,BUF,,,,,,RB/FLEX
121342-103195,WR,Jordan,Jordan Whittington,Whittington,2.720000076293945,5,4500,LAR@BAL,LAR,BAL,,,,,,WR/FLEX
121342-137122,RB,Tahj,Tahj Brooks,Brooks,1.7000000476837158,1,4500,CIN@GB,CIN,GB,,,,,,RB/FLEX
121342-91046,TE,Brock,Brock Wright,Wright,9.100000381469727,2,4500,DET@KC,DET,KC,,,,,,TE/FLEX
121342-69558,WR,Greg,Greg Dortch,Dortch,2.3600000381469726,5,4500,ARI@IND,ARI,IND,,,,,,WR/FLEX
121342-64585,TE,Dawson,Dawson Knox,Knox,2.0999999046325684,4,4400,BUF@ATL,BUF,ATL,,,,,,TE/FLEX
121342-103511,WR,Devaughn,Devaughn Vele,Vele,3.633333206176758,3,4400,NE@NO,NO,NE,,,,,,WR/FLEX
121342-129112,WR,Chimere,Chimere Dike,Dike,1.4,5,4400,TEN@LV,TEN,LV,,,,,,WR/FLEX
121342-40126,TE,Austin,Austin Hooper,Hooper,3.375,4,4400,NE@NO,NE,NO,,,,,,TE/FLEX
121342-170188,TE,Tanner,Tanner Conner,Conner,2.4666666984558105,3,4400,LAC@MIA,MIA,LAC,,,,,,TE/FLEX
121342-12538,D,Los Angeles,Los Angeles Rams,Rams,7,5,4400,LAR@BAL,LAR,BAL,,,,,,DEF
121342-176467,WR,Jalen,Jalen Royals,Royals,0,1,4400,DET@KC,KC,DET,,,,,,WR/FLEX
121342-41305,WR,Zay,Zay Jones,Jones,2.066666603088379,3,4400,ARI@IND,ARI,IND,Q,Knee,,,,WR/FLEX
121342-91488,RB,Chris,Chris Brooks,Brooks,1.8666666348775227,3,4400,CIN@GB,GB,CIN,,,,,,RB/FLEX
121342-152258,TE,Elijah,Elijah Arroyo,Arroyo,2.4399999618530273,5,4400,SEA@JAC,SEA,JAC,,,,,,TE/FLEX
121342-40647,WR,Marquez,Marquez Valdes-Scantling,Valdes-Scantling,0.9333333174387614,3,4400,SF@TB,SF,TB,,,,,,WR/FLEX
121342-103187,RB,Roschon,Roschon Johnson,Johnson,5.783333460489909,12,4400,CHI@WAS,CHI,WAS,,,,,,RB/FLEX
121342-70422,WR,Kalif,Kalif Raymond,Raymond,2.9200000762939453,5,4400,DET@KC,DET,KC,Q,Neck,,,,WR/FLEX
121342-120642,WR,Savion,Savion Williams,Williams,1.6749999523162842,4,4400,CIN@GB,GB,CIN,,,,,,WR/FLEX
121342-128912,WR,Mitch,Mitch Tinsley,Tinsley,3.066666603088379,3,4400,CIN@GB,CIN,GB,,,,,,WR/FLEX
121342-128986,WR,Jaylin,Jaylin Lane,Lane,2.7,5,4400,CHI@WAS,WAS,CHI,,,,,,WR/FLEX
121342-79987,WR,David,David Moore,Moore,0.7333333492279053,3,4300,DAL@CAR,CAR,DAL,IR,Elbow,,,,WR/FLEX
121342-151741,WR,Jack,Jack Bech,Bech,2.8333333333333335,3,4300,TEN@LV,LV,TEN,,,,,,WR/FLEX
121342-12532,D,Detroit,Detroit Lions,Lions,9,5,4300,DET@KC,DET,KC,,,,,,DEF
121342-12541,D,New England,New England Patriots,Patriots,8.2,5,4300,NE@NO,NE,NO,,,,,,DEF
121342-137488,RB,Rasheen,Rasheen Ali,Ali,0.125,4,4300,LAR@BAL,BAL,LAR,,,,,,RB/FLEX
121342-91417,TE,Luke,Luke Schoonmaker,Schoonmaker,0.7199999809265136,5,4300,DAL@CAR,DAL,CAR,,,,,,TE/FLEX
121342-60712,TE,Foster,Foster Moreau,Moreau,5.820000203450521,15,4300,NE@NO,NO,NE,,,,,,TE/FLEX
121342-56711,TE,Drew,Drew Sample,Sample,2.6500000953674316,4,4300,CIN@GB,CIN,GB,,,,,,TE/FLEX
121342-102831,TE,Davis,Davis Allen,Allen,3.959999847412109,5,4300,LAR@BAL,LAR,BAL,,,,,,TE/FLEX
121342-185861,RB,Emanuel,Emanuel Wilson,Wilson,3.125,4,4300,CIN@GB,GB,CIN,,,,,,RB/FLEX
121342-138786,WR,Malik,Malik Heath,Heath,2.799999952316284,2,4300,CIN@GB,GB,CIN,,,,,,WR/FLEX
121342-113228,TE,Luke,Luke Musgrave,Musgrave,2.066666603088379,3,4300,CIN@GB,GB,CIN,,,,,,TE/FLEX
121342-155293,RB,DJ,DJ Giddens,Giddens,1.649999976158142,4,4300,ARI@IND,IND,ARI,,,,,,RB/FLEX
121342-138998,TE,Michael,Michael Mayer,Mayer,2.566666603088379,3,4300,TEN@LV,LV,TEN,,,,,,TE/FLEX
121342-57091,WR,Tim,Tim Patrick,Patrick,0.625,4,4300,SEA@JAC,JAC,SEA,,,,,,WR/FLEX
121342-156527,WR,Devontez,Devontez Walker,Walker,9.75,2,4300,LAR@BAL,BAL,LAR,O,Oblique,,,,WR/FLEX
121342-166801,RB,Jaydon,Jaydon Blue,Blue,0.699999988079071,1,4300,DAL@CAR,DAL,CAR,,,,,,RB/FLEX
121342-56248,WR,Noah,Noah Brown,Brown,2.549999952316284,2,4300,CHI@WAS,WAS,CHI,O,Groin,,,,WR/FLEX
121342-64581,WR,Van,Van Jefferson,Jefferson,1.4666666984558105,3,4200,TEN@LV,TEN,LV,Q,Ankle,,,,WR/FLEX
121342-95370,TE,Ryan,Ryan Miller,Miller,2.8333333333333335,3,4200,SF@TB,TB,SF,,,,,,TE/FLEX
121342-112780,WR,Jamari,Jamari Thrash,Thrash,1.625,4,4200,CLE@PIT,CLE,PIT,,,,,,WR/FLEX
121342-170184,RB,Julius,Julius Chestnut,Chestnut,0.7749999761581421,4,4200,TEN@LV,TEN,LV,,,,,,RB/FLEX
121342-12535,D,Indianapolis,Indianapolis Colts,Colts,10.2,5,4200,ARI@IND,IND,ARI,,,,,,DEF
121342-91481,WR,Nikko,Nikko Remigio,Remigio,0.7400000095367432,5,4200,DET@KC,KC,DET,,,,,,WR/FLEX
121342-56708,TE,Will,Will Dissly,Dissly,1.75,2,4200,LAC@MIA,LAC,MIA,,,,,,TE/FLEX
121342-112037,WR,Casey,Casey Washington,Washington,3.5999999046325684,2,4200,BUF@ATL,ATL,BUF,,,,,,WR/FLEX
121342-91578,RB,Zamir,Zamir White,White,1.9666666984558105,3,4200,TEN@LV,LV,TEN,,,,,,RB/FLEX
121342-112062,WR,Skyy,Skyy Moore,Moore,0.3200000047683716,5,4200,SF@TB,SF,TB,,,,,,WR/FLEX
121342-71105,WR,Ben,Ben Skowronek,Skowronek,4.349999904632568,2,4200,CLE@PIT,PIT,CLE,,,,,,WR/FLEX
121342-109008,WR,Jalen,Jalen Cropper,Cropper,0,1,4200,DAL@CAR,DAL,CAR,,,,,,WR/FLEX
121342-80353,TE,Robert,Robert Tonyan,Tonyan,,0,4200,DET@KC,KC,DET,,,,,,TE/FLEX
121342-39428,RB,Kyle,Kyle Juszczyk,Juszczyk,4,5,4200,SF@TB,SF,TB,,,,,,RB/FLEX
121342-114231,RB,George,George Holani,Holani,0.800000011920929,4,4200,SEA@JAC,SEA,JAC,,,,,,RB/FLEX
121342-102986,TE,Elijah,Elijah Higgins,Higgins,2.375,4,4200,ARI@IND,ARI,IND,,,,,,TE/FLEX
121342-152148,TE,Gunnar,Gunnar Helm,Helm,3.0600000381469727,5,4200,TEN@LV,TEN,LV,,,,,,TE/FLEX
121342-200291,TE,Jackson,Jackson Hawes,Hawes,3.3499999046325684,4,4200,BUF@ATL,BUF,ATL,,,,,,TE/FLEX
121342-128624,WR,Tez,Tez Johnson,Johnson,2.424999952316284,4,4200,SF@TB,TB,SF,,,,,,WR/FLEX
121342-88752,WR,Charlie,Charlie Jones,Jones,0,5,4200,CIN@GB,CIN,GB,,,,,,WR/FLEX
121342-157438,WR,Jimmy,Jimmy Horn Jr.,Horn Jr.,4.099999904632568,1,4200,DAL@CAR,CAR,DAL,,,,,,WR/FLEX
121342-69451,TE,Jack,Jack Stoll,Stoll,5.150000095367432,2,4200,NE@NO,NO,NE,,,,,,TE/FLEX
121342-85842,TE,Brevyn,Brevyn Spann-Ford,Spann-Ford,0.4000000059604645,2,4200,DAL@CAR,DAL,CAR,,,,,,TE/FLEX
121342-166749,RB,LeQuint,LeQuint Allen Jr.,Allen Jr.,1.1,5,4200,SEA@JAC,JAC,SEA,,,,,,RB/FLEX
121342-93075,TE,Hunter,Hunter Long,Long,4.974999904632568,4,4200,SEA@JAC,JAC,SEA,,,,,,TE/FLEX
121342-168916,RB,Kaleb,Kaleb Johnson,Johnson,0.033333333830038704,3,4200,CLE@PIT,PIT,CLE,,,,,,RB/FLEX
121342-93150,WR,Jake,Jake Bobo,Bobo,2.200000047683716,1,4200,SEA@JAC,SEA,JAC,,,,,,WR/FLEX
121342-85986,TE,James,James Mitchell,Mitchell,2.1500000953674316,2,4200,DAL@CAR,CAR,DAL,,,,,,TE/FLEX
121342-137265,TE,Ben,Ben Sinnott,Sinnott,1.2000000476837158,1,4100,CHI@WAS,WAS,CHI,,,,,,TE/FLEX
121342-42046,TE,Durham,Durham Smythe,Smythe,0.7538461685180664,13,4100,CHI@WAS,CHI,WAS,,,,,,TE/FLEX
121342-61555,WR,David,David Sills V,Sills V,1.399999976158142,1,4100,BUF@ATL,ATL,BUF,,,,,,WR/FLEX
121342-105648,RB,Tyler,Tyler Goodson,Goodson,0.550000011920929,2,4100,ARI@IND,IND,ARI,O,Groin,,,,RB/FLEX
121342-93391,TE,Payne,Payne Durham,Durham,0,1,4100,SF@TB,TB,SF,,,,,,TE/FLEX
121342-63717,RB,Alec,Alec Ingold,Ingold,0.9666666984558105,3,4100,LAC@MIA,MIA,LAC,,,,,,RB/FLEX
121342-12549,D,San Francisco,San Francisco 49ers,49ers,5.4,5,4100,SF@TB,SF,TB,,,,,,DEF
121342-85306,WR,KhaDarel,KhaDarel Hodge,Hodge,0,1,4100,BUF@ATL,ATL,BUF,,,,,,WR/FLEX
121342-136538,WR,Kyle,Kyle Williams,Williams,0.9333333174387614,3,4100,NE@NO,NE,NO,,,,,,WR/FLEX
121342-154971,RB,Devin,Devin Neal,Neal,0.8999999761581421,1,4100,NE@NO,NO,NE,,,,,,RB/FLEX
121342-133477,TE,Darnell,Darnell Washington,Washington,2.75,2,4100,CLE@PIT,PIT,CLE,,,,,,TE/FLEX
121342-56698,WR,Dante,Dante Pettis,Pettis,3.25,8,4100,NE@NO,NO,NE,,,,,,WR/FLEX
121342-94621,WR,Derius,Derius Davis,Davis,-0.5,3,4100,LAC@MIA,LAC,MIA,O,Knee,,,,WR/FLEX
121342-90583,WR,Tyrell,Tyrell Shavers,Shavers,1.1333333651224773,3,4100,BUF@ATL,BUF,ATL,,,,,,WR/FLEX
121342-185827,RB,Jacob,Jacob Saylors,Saylors,0.2750000059604645,4,4100,DET@KC,DET,KC,,,,,,RB/FLEX
121342-91618,TE,John,John FitzPatrick,FitzPatrick,4.449999809265137,2,4100,CIN@GB,GB,CIN,,,,,,TE/FLEX
121342-72182,WR,Dee,Dee Eskridge,Eskridge,0.675000011920929,4,4100,LAC@MIA,MIA,LAC,,,,,,WR/FLEX
121342-185850,TE,Julian,Julian Hill,Hill,2.375,4,4100,LAC@MIA,MIA,LAC,,,,,,TE/FLEX
121342-129546,WR,Tre',Tre' Harris,Harris,1.5,4,4100,LAC@MIA,LAC,MIA,,,,,,WR/FLEX
121342-89613,WR,Simi,Simi Fehoko,Fehoko,2.720000076293945,5,4100,ARI@IND,ARI,IND,,,,,,WR/FLEX
121342-89644,RB,Isaac,Isaac Guerendo,Guerendo,0,4,4100,SF@TB,SF,TB,,,,,,RB/FLEX
121342-201260,WR,Mason,Mason Tipton,Tipton,1.8777777353922527,9,4100,NE@NO,NO,NE,,,,,,WR/FLEX
121342-152128,WR,Dominic,Dominic Lovett,Lovett,,0,4100,DET@KC,DET,KC,,,,,,WR/FLEX
121342-104008,TE,Stephen,Stephen Carlson,Carlson,,0,4100,CHI@WAS,CHI,WAS,,,,,,TE/FLEX
121342-85635,TE,Charlie,Charlie Kolar,Kolar,2.3499999046325684,2,4100,LAR@BAL,BAL,LAR,,,,,,TE/FLEX
121342-93845,WR,Tay,Tay Martin,Martin,1.649999976158142,2,4100,CHI@WAS,WAS,CHI,,,,,,WR/FLEX
121342-71351,TE,Charlie,Charlie Woerner,Woerner,0,2,4100,BUF@ATL,ATL,BUF,,,,,,TE/FLEX
121342-86800,TE,Colson,Colson Yankoff,Yankoff,,0,4100,CHI@WAS,WAS,CHI,,,,,,TE/FLEX
121342-138037,WR,Roman,Roman Wilson,Wilson,1.2000000476837158,1,4100,CLE@PIT,PIT,CLE,,,,,,WR/FLEX
121342-91055,WR,Kevin,Kevin Austin Jr.,Austin Jr.,0,1,4100,NE@NO,NO,NE,,,,,,WR/FLEX
121342-24533,TE,Mo,Mo Alie-Cox,Alie-Cox,1.899999976158142,2,4100,ARI@IND,IND,ARI,,,,,,TE/FLEX
121342-72705,TE,John,John Bates,Bates,1.399999976158142,1,4000,CHI@WAS,WAS,CHI,,,,,,TE/FLEX
121342-70661,WR,Velus,Velus Jones Jr.,Jones Jr.,0,3,4000,NE@NO,NO,NE,,,,,,WR/FLEX
121342-92166,WR,Marcus,Marcus Jones,Jones,1.2,5,4000,NE@NO,NE,NO,,,,,,WR/FLEX
121342-90123,TE,Quintin,Quintin Morris,Morris,2.4200000762939453,5,4000,SEA@JAC,JAC,SEA,,,,,,TE/FLEX
121342-226319,WR,Junior,Junior Bergen,Bergen,,0,4000,SF@TB,SF,TB,,,,,,WR/FLEX
121342-156684,RB,Kye,Kye Robichaux,Robichaux,,0,4000,DET@KC,DET,KC,IR,Undisclosed,,,,RB/FLEX
121342-139284,RB,Frank,Frank Gore Jr.,Gore Jr.,,0,4000,BUF@ATL,BUF,ATL,,,,,,RB/FLEX
121342-110617,WR,Isaiah,Isaiah Neyor,Neyor,,0,4000,CIN@GB,GB,CIN,,,,,,WR/FLEX
121342-110616,TE,Treyton,Treyton Welch,Welch,,0,4000,NE@NO,NO,NE,,,,,,TE/FLEX
121342-152603,RB,Anthony,Anthony Tyus III,Tyus III,,0,4000,DAL@CAR,CAR,DAL,,,,,,RB/FLEX
121342-86047,RB,Malik,Malik Davis,Davis,,0,4000,DAL@CAR,DAL,CAR,,,,,,RB/FLEX
121342-138277,WR,Jalen,Jalen Brooks,Brooks,2.284615443303035,13,4000,DAL@CAR,DAL,CAR,Q,Knee,,,,WR/FLEX
121342-88109,RB,Gary,Gary Brightwell,Brightwell,0,1,4000,CIN@GB,CIN,GB,,,,,,RB/FLEX
121342-129081,RB,Ahmani,Ahmani Marshall,Marshall,,0,4000,CLE@PIT,CLE,PIT,,,,,,RB/FLEX
121342-87109,WR,Bryce,Bryce Oliver,Oliver,1.2999999523162842,1,4000,TEN@LV,TEN,LV,O,Knee,,,,WR/FLEX
121342-174148,RB,Carlos,Carlos Washington Jr.,Washington Jr.,,0,4000,BUF@ATL,ATL,BUF,,,,,,RB/FLEX
121342-165962,TE,Nikola,Nikola Kalinic,Kalinic,,0,4000,CHI@WAS,CHI,WAS,,,,,,TE/FLEX
121342-72776,RB,Alexander,Alexander Mattison,Mattison,7.96000010172526,15,4000,LAC@MIA,MIA,LAC,IR,Neck,,,,RB/FLEX
121342-112715,WR,Joshua,Joshua Cephus,Cephus,,0,4000,SEA@JAC,JAC,SEA,IR,Undisclosed,,,,WR/FLEX
121342-103506,TE,Nick,Nick Kallerup,Kallerup,,0,4000,SEA@JAC,SEA,JAC,,,,,,TE/FLEX
121342-65627,WR,Maurice,Maurice Alexander,Alexander,0,1,4000,CHI@WAS,CHI,WAS,,,,,,WR/FLEX
121342-42077,TE,James,James Winchester,Winchester,0,2,4000,DET@KC,KC,DET,,,,,,TE/FLEX
121342-89185,TE,Ben,Ben Sims,Sims,1.2399999618530273,5,4000,CIN@GB,GB,CIN,,,,,,TE/FLEX
121342-114787,RB,Terrell,Terrell Jennings,Jennings,1.649999976158142,2,4000,NE@NO,NE,NO,,,,,,RB/FLEX
121342-169067,TE,Bryce,Bryce Pierre,Pierre,,0,4000,DAL@CAR,CAR,DAL,,,,,,TE/FLEX
121342-79979,WR,Jamal,Jamal Agnew,Agnew,0,2,4000,BUF@ATL,ATL,BUF,,,,,,WR/FLEX
121342-68714,TE,Ko,Ko Kieft,Kieft,0,1,4000,SF@TB,TB,SF,IR,Leg,,,,TE/FLEX
121342-79980,TE,Eric,Eric Saubert,Saubert,0.8500000238418579,2,4000,SEA@JAC,SEA,JAC,,,,,,TE/FLEX
121342-158836,RB,Lucas,Lucas Scott,Scott,,0,4000,LAR@BAL,BAL,LAR,,,,,,RB/FLEX
121342-46200,TE,Daniel,Daniel Brunskill,Brunskill,0,1,4000,LAC@MIA,MIA,LAC,,,,,,TE/FLEX
121342-64634,WR,Alex,Alex Bachman,Bachman,0.4666666587193807,3,4000,TEN@LV,LV,TEN,,,,,,WR/FLEX
121342-129147,WR,John,John Saunders Jr.,Saunders Jr.,,0,4000,LAC@MIA,MIA,LAC,,,,,,WR/FLEX
121342-68730,TE,Sean,Sean McKeon,McKeon,,0,4000,ARI@IND,IND,ARI,,,,,,TE/FLEX
121342-80001,RB,Austin,Austin Ekeler,Ekeler,5.300000190734863,2,4000,CHI@WAS,WAS,CHI,IR,Achilles,,,,RB/FLEX
121342-110721,WR,Dayton,Dayton Wade,Wade,,0,4000,LAR@BAL,BAL,LAR,IR,Ribs,,,,WR/FLEX
121342-83081,RB,Chase,Chase Edmonds,Edmonds,,0,4000,CHI@WAS,WAS,CHI,,,,,,RB/FLEX
121342-87179,TE,Thomas,Thomas Yassmin,Yassmin,,0,4000,LAC@MIA,LAC,MIA,,,,,,TE/FLEX
121342-168076,RB,Sione,Sione Vaki,Vaki,1.3199999809265137,5,4000,DET@KC,DET,KC,O,Groin,,,,RB/FLEX
121342-63646,TE,Lawrence,Lawrence Cager,Cager,,0,4000,CHI@WAS,WAS,CHI,,,,,,TE/FLEX
121342-135325,TE,Rivaldo,Rivaldo Fairweather,Fairweather,,0,4000,DAL@CAR,DAL,CAR,,,,,,TE/FLEX
121342-62628,WR,DeAndre,DeAndre Carter,Carter,0,4,4000,CLE@PIT,CLE,PIT,IR,Knee,,,,WR/FLEX
121342-83117,TE,Tanner,Tanner Hudson,Hudson,3.2222222222222223,9,4000,CIN@GB,CIN,GB,,,,,,TE/FLEX
121342-151726,TE,Robbie,Robbie Ouzts,Ouzts,,0,4000,SEA@JAC,SEA,JAC,IR,Ankle,,,,TE/FLEX
121342-201903,WR,Coleman,Coleman Owen,Owen,,0,4000,ARI@IND,IND,ARI,,,,,,WR/FLEX
121342-86203,WR,Justin,Justin Shorter,Shorter,0,1,4000,TEN@LV,LV,TEN,,,,,,WR/FLEX
121342-65724,RB,JaMycal,JaMycal Hasty,Hasty,2.1636362942782315,11,4000,LAC@MIA,MIA,LAC,,,,,,RB/FLEX
121342-131266,RB,Lan,Lan Larison,Larison,,0,4000,NE@NO,NE,NO,IR,Foot,,,,RB/FLEX
121342-83138,TE,Ross,Ross Dwelley,Dwelley,1,1,4000,DET@KC,DET,KC,,,,,,TE/FLEX
121342-57543,RB,D'Ernest,D'Ernest Johnson,Johnson,2.491666634877523,12,4000,ARI@IND,ARI,IND,,,,,,RB/FLEX
121342-70859,TE,Albert,Albert Okwuegbunam Jr.,Okwuegbunam Jr.,6.099999904632568,1,4000,TEN@LV,LV,TEN,,,,,,TE/FLEX
121342-166095,RB,Cody,Cody Schrader,Schrader,0.4666666587193807,3,4000,SEA@JAC,JAC,SEA,,,,,,RB/FLEX
121342-104661,TE,Patrick,Patrick Herbert,Herbert,,0,4000,SEA@JAC,JAC,SEA,,,,,,TE/FLEX
121342-25813,WR,Phillip,Phillip Dorsett II,Dorsett II,,0,4000,TEN@LV,LV,TEN,,,,,,WR/FLEX
121342-95455,WR,D.J.,D.J. Montgomery,Montgomery,,0,4000,ARI@IND,IND,ARI,IR,Undisclosed,,,,WR/FLEX
121342-226525,WR,Chandler,Chandler Brayboy,Brayboy,,0,4000,SEA@JAC,JAC,SEA,,,,,,WR/FLEX
121342-120035,TE,Mark,Mark Redman,Redman,,0,4000,LAR@BAL,LAR,BAL,,,,,,TE/FLEX
121342-130275,WR,Kristian,Kristian Wilkerson,Wilkerson,8.800000190734863,1,4000,BUF@ATL,BUF,ATL,,,,,,WR/FLEX
121342-170208,WR,Kaden,Kaden Davis,Davis,0,1,4000,CLE@PIT,CLE,PIT,,,,,,WR/FLEX
121342-170214,WR,Dennis,Dennis Houston,Houston,,0,4000,SF@TB,TB,SF,,,,,,WR/FLEX
121342-130276,WR,Mason,Mason Kinsey,Kinsey,0.5400000095367432,5,4000,TEN@LV,TEN,LV,,,,,,WR/FLEX
121342-86255,TE,Josh,Josh Whyle,Whyle,3.11999994913737,15,4000,CIN@GB,GB,CIN,,,,,,TE/FLEX
121342-110834,WR,Tahj,Tahj Washington,Washington,,0,4000,LAC@MIA,MIA,LAC,,,,,,WR/FLEX
121342-151799,WR,Jackson,Jackson Meeks,Meeks,,0,4000,DET@KC,DET,KC,,,,,,WR/FLEX
121342-92413,RB,Elijah,Elijah Mitchell,Mitchell,,0,4000,DET@KC,KC,DET,,,,,,RB/FLEX
121342-151806,RB,Raheim,Raheim Sanders,Sanders,6.300000190734863,1,4000,CLE@PIT,CLE,PIT,,,,,,RB/FLEX
121342-61693,TE,Danny,Danny Pinter,Pinter,0,1,4000,ARI@IND,IND,ARI,,,,,,TE/FLEX
121342-71935,WR,Kendric,Kendric Pryor,Pryor,1.399999976158142,1,4000,CIN@GB,CIN,GB,,,,,,WR/FLEX
121342-55552,RB,Jeff,Jeff Wilson Jr.,Wilson Jr.,1.1375000476837158,8,4000,LAC@MIA,MIA,LAC,,,,,,RB/FLEX
121342-12554,D,Jacksonville,Jacksonville Jaguars,Jaguars,10.6,5,4000,SEA@JAC,JAC,SEA,,,,,,DEF
121342-94481,WR,Deven,Deven Thompkins,Thompkins,0.9399999618530274,5,4000,BUF@ATL,ATL,BUF,,,,,,WR/FLEX
121342-174355,WR,Jeremiah,Jeremiah Webb,Webb,,0,4000,NE@NO,NE,NO,,,,,,WR/FLEX
121342-110868,RB,Josh,Josh Williams,Williams,0,1,4000,SF@TB,TB,SF,O,Concussion,,,,RB/FLEX
121342-157975,TE,Keleki,Keleki Latu,Latu,,0,4000,BUF@ATL,BUF,ATL,,,,,,TE/FLEX
121342-33047,WR,Chris,Chris Moore,Moore,2.075000047683716,4,4000,CHI@WAS,WAS,CHI,,,,,,WR/FLEX
121342-129302,WR,Stephen,Stephen Gosnell,Gosnell,,0,4000,BUF@ATL,BUF,ATL,,,,,,WR/FLEX
121342-64827,WR,Miles,Miles Boykin,Boykin,,0,4000,CHI@WAS,CHI,WAS,,,,,,WR/FLEX
121342-92479,TE,David,David Martin-Robinson,Martin-Robinson,0.2750000059604645,4,4000,TEN@LV,TEN,LV,,,,,,TE/FLEX
121342-156997,WR,Tru,Tru Edwards,Edwards,,0,4000,LAR@BAL,LAR,BAL,,,,,,WR/FLEX
121342-149832,TE,Shane,Shane Zylstra,Zylstra,1.350000023841858,2,4000,DET@KC,DET,KC,IR,Ankle,,,,TE/FLEX
121342-137567,TE,Jalin,Jalin Conyers,Conyers,,0,4000,LAC@MIA,MIA,LAC,IR,Leg,,,,TE/FLEX
121342-153957,TE,Zaire,Zaire Mitchell-Paden,Mitchell-Paden,0.4000000059604645,2,4000,LAR@BAL,BAL,LAR,,,,,,TE/FLEX
121342-151915,TE,Terrance,Terrance Ferguson,Ferguson,2.5999999046325684,1,4000,LAR@BAL,LAR,BAL,,,,,,TE/FLEX
121342-63851,TE,Tyree,Tyree Jackson,Jackson,,0,4000,CHI@WAS,WAS,CHI,IR,Undisclosed,,,,TE/FLEX
121342-89455,WR,Jayden,Jayden Reed,Reed,12,1,4000,CIN@GB,GB,CIN,IR,Collarbone,,,,WR/FLEX
121342-133484,WR,Jermaine,Jermaine Burton,Burton,1.587499976158142,8,4000,CIN@GB,CIN,GB,,,,,,WR/FLEX
121342-90480,TE,Joel,Joel Wilson,Wilson,,0,4000,TEN@LV,TEN,LV,,,,,,TE/FLEX
121342-90483,TE,Bernhard,Bernhard Raimann,Raimann,0,2,4000,ARI@IND,IND,ARI,,,,,,TE/FLEX
121342-71032,WR,Devin,Devin Duvernay,Duvernay,0,4,4000,CHI@WAS,CHI,WAS,,,,,,WR/FLEX
121342-92545,RB,Keaontay,Keaontay Ingram,Ingram,0,1,4000,DET@KC,KC,DET,IR,Undisclosed,,,,RB/FLEX
121342-94600,WR,John,John Stephens Jr.,Stephens Jr.,,0,4000,DAL@CAR,DAL,CAR,IR,Undisclosed,,,,WR/FLEX
121342-138643,WR,Jason,Jason Brownlee,Brownlee,0,1,4000,DET@KC,KC,DET,,,,,,WR/FLEX
121342-154000,WR,Konata,Konata Mumpfield,Mumpfield,,0,4000,LAR@BAL,LAR,BAL,,,,,,WR/FLEX
121342-87442,TE,Princeton,Princeton Fant,Fant,0,2,4000,DAL@CAR,DAL,CAR,,,,,,TE/FLEX
121342-43416,WR,Trent,Trent Taylor,Taylor,1.600000023841858,1,4000,SF@TB,SF,TB,IR,Undisclosed,,,,WR/FLEX
121342-138649,WR,LaJohntay,LaJohntay Wester,Wester,0,4,4000,LAR@BAL,BAL,LAR,,,,,,WR/FLEX
121342-92573,TE,Travis,Travis Vokolek,Vokolek,0,1,4000,ARI@IND,ARI,IND,,,,,,TE/FLEX
121342-114079,TE,Hayden,Hayden Rucci,Rucci,,0,4000,LAC@MIA,MIA,LAC,,,,,,TE/FLEX
121342-103844,WR,Nick,Nick Nash,Nash,,0,4000,BUF@ATL,ATL,BUF,,,,,,WR/FLEX
121342-60838,WR,Andre,Andre Baccellia,Baccellia,,0,4000,ARI@IND,ARI,IND,,,,,,WR/FLEX
121342-80299,RB,Patrick,Patrick Ricard,Ricard,2.616666634877523,6,4000,LAR@BAL,BAL,LAR,O,Calf,,,,RB/FLEX
121342-112044,WR,Dalevon,Dalevon Campbell,Campbell,,0,4000,DAL@CAR,CAR,DAL,Q,Hamstring,,,,WR/FLEX
121342-53681,WR,Tyreek,Tyreek Hill,Hill,11.5,4,4000,LAC@MIA,MIA,LAC,IR,Knee - acl,,,,WR/FLEX
121342-40371,TE,Johnny,Johnny Mundt,Mundt,0.6000000238418579,4,4000,SEA@JAC,JAC,SEA,,,,,,TE/FLEX
121342-133558,WR,Luke,Luke Floriea,Floriea,,0,4000,CLE@PIT,CLE,PIT,,,,,,WR/FLEX
121342-129466,TE,Gee,Gee Scott Jr.,Scott Jr.,,0,4000,NE@NO,NE,NO,,,,,,TE/FLEX
121342-114109,WR,Ainias,Ainias Smith,Smith,2.839999961853027,5,4000,DAL@CAR,CAR,DAL,,,,,,WR/FLEX
121342-92606,WR,Bo,Bo Melton,Melton,0,1,4000,CIN@GB,GB,CIN,,,,,,WR/FLEX
121342-206276,WR,Jaden,Jaden Smith,Smith,,0,4000,SF@TB,TB,SF,IR,Undisclosed,,,,WR/FLEX
121342-113096,WR,Xavier,Xavier Smith,Smith,0.8199999809265137,5,4000,LAR@BAL,LAR,BAL,,,,,,WR/FLEX
121342-152014,WR,JP,JP Richardson,Richardson,,0,4000,CHI@WAS,CHI,WAS,,,,,,WR/FLEX
121342-90575,RB,Najee,Najee Harris,Harris,3.366666793823242,3,4000,LAC@MIA,LAC,MIA,IR,Achilles,,,,RB/FLEX
121342-54746,TE,Tyler,Tyler Ott,Ott,0,1,4000,CHI@WAS,WAS,CHI,,,,,,TE/FLEX
121342-102882,WR,Anthony,Anthony Gould,Gould,0,4,4000,ARI@IND,IND,ARI,,,,,,WR/FLEX
121342-14820,RB,Nick,Nick Bellore,Bellore,0,1,4000,CHI@WAS,WAS,CHI,,,,,,RB/FLEX
121342-193004,WR,Jahdae,Jahdae Walker,Walker,,0,4000,CHI@WAS,CHI,WAS,,,,,,WR/FLEX
121342-89586,TE,Tucker,Tucker Fisk,Fisk,0,2,4000,LAC@MIA,LAC,MIA,,,,,,TE/FLEX
121342-89588,TE,Colby,Colby Parkinson,Parkinson,0.36666667461395264,3,4000,LAR@BAL,LAR,BAL,Q,Concussion,,,,TE/FLEX
121342-102902,WR,Trey,Trey Palmer,Palmer,2.085714340209961,14,4000,NE@NO,NO,NE,IR,Ankle,,,,WR/FLEX
121342-156152,WR,Tejhaun,Tejhaun Palmer,Palmer,,0,4000,ARI@IND,ARI,IND,,,,,,WR/FLEX
121342-60930,RB,Myles,Myles Gaskin,Gaskin,0.375,4,4000,SEA@JAC,SEA,JAC,,,,,,RB/FLEX
121342-185863,RB,Hunter,Hunter Luepke,Luepke,1.0499999523162842,2,4000,DAL@CAR,DAL,CAR,,,,,,RB/FLEX
121342-113160,WR,Jakobie,Jakobie Keeney-James,Keeney-James,,0,4000,CIN@GB,GB,CIN,,,,,,WR/FLEX
121342-201230,RB,Dylan,Dylan Laube,Laube,0.5800000190734863,5,4000,TEN@LV,LV,TEN,,,,,,RB/FLEX
121342-86543,WR,Erik,Erik Ezukanma,Ezukanma,0,1,4000,SEA@JAC,JAC,SEA,,,,,,WR/FLEX
121342-154124,TE,Mitchell,Mitchell Evans,Evans,4.875,4,4000,DAL@CAR,CAR,DAL,,,,,,TE/FLEX
121342-128535,TE,Maximilian,Maximilian Mang,Mang,,0,4000,ARI@IND,IND,ARI,,,,,,TE/FLEX
121342-129560,WR,Xavier,Xavier Restrepo,Restrepo,,0,4000,TEN@LV,TEN,LV,,,,,,WR/FLEX
121342-160287,RB,Amar,Amar Johnson,Johnson,,0,4000,LAC@MIA,LAC,MIA,,,,,,RB/FLEX
121342-185889,TE,Tanner,Tanner Taula,Taula,,0,4000,SF@TB,TB,SF,,,,,,TE/FLEX
121342-160306,RB,Pierre,Pierre Strong Jr.,Strong Jr.,2.3500000635782876,12,4000,CIN@GB,GB,CIN,,,,,,RB/FLEX
121342-60981,TE,Charlie,Charlie Heck,Heck,,0,4000,SF@TB,TB,SF,,,,,,TE/FLEX
121342-226875,WR,Ja'seem,Ja'seem Reed,Reed,,0,4000,DAL@CAR,CAR,DAL,,,,,,WR/FLEX
121342-226878,TE,Carter,Carter Runyon,Runyon,,0,4000,TEN@LV,LV,TEN,,,,,,TE/FLEX
121342-112192,WR,Jonathan,Jonathan Mingo,Mingo,1.6928571973528181,14,4000,DAL@CAR,DAL,CAR,IR,Knee - pcl,,,,WR/FLEX
121342-114252,WR,Xavier,Xavier Weaver,Weaver,0,1,4000,ARI@IND,ARI,IND,,,,,,WR/FLEX
121342-54863,WR,C.J.,C.J. Goodwin,Goodwin,0,4,4000,DAL@CAR,DAL,CAR,,,,,,WR/FLEX
121342-104019,TE,Matt,Matt Orzech,Orzech,0,2,4000,CIN@GB,GB,CIN,,,,,,TE/FLEX
121342-87634,TE,Blake,Blake Whiteheart,Whiteheart,0,1,4000,CLE@PIT,CLE,PIT,,,,,,TE/FLEX
121342-86612,TE,Brayden,Brayden Willis,Willis,0,1,4000,SF@TB,SF,TB,,,,,,TE/FLEX
121342-27229,RB,Ameer,Ameer Abdullah,Abdullah,6.599999904632568,1,4000,ARI@IND,IND,ARI,,,,,,RB/FLEX
121342-138854,WR,Ke'Shawn,Ke'Shawn Williams,Williams,,0,4000,CLE@PIT,PIT,CLE,,,,,,WR/FLEX
121342-129641,WR,Will,Will Sheppard,Sheppard,,0,4000,CIN@GB,GB,CIN,,,,,,WR/FLEX
121342-147049,TE,Drew,Drew Ogletree,Ogletree,1.9454545107754795,11,4000,ARI@IND,IND,ARI,,,,,,TE/FLEX
121342-88685,WR,Austin,Austin Trammell,Trammell,3,1,4000,SEA@JAC,JAC,SEA,,,,,,WR/FLEX
121342-206447,RB,Max,Max Hurleman,Hurleman,,0,4000,CLE@PIT,PIT,CLE,,,,,,RB/FLEX
121342-94831,RB,Deneric,Deneric Prince,Prince,,0,4000,NE@NO,NE,NO,IR,Undisclosed,,,,RB/FLEX
121342-87668,WR,Shedrick,Shedrick Jackson,Jackson,,0,4000,TEN@LV,LV,TEN,,,,,,WR/FLEX
121342-86646,RB,Trey,Trey Sermon,Sermon,0,1,4000,CLE@PIT,PIT,CLE,,,,,,RB/FLEX
121342-104054,RB,Sincere,Sincere McCormick,McCormick,6.050000190734863,4,4000,SF@TB,SF,TB,,,,,,RB/FLEX
121342-201342,RB,Chris,Chris Collier,Collier,0.2166666587193807,6,4000,TEN@LV,LV,TEN,,,,,,RB/FLEX
121342-26251,WR,Robbie,Robbie Chosen,Chosen,1,1,4000,CHI@WAS,WAS,CHI,,,,,,WR/FLEX
121342-87690,TE,Sal,Sal Cannella,Cannella,,0,4000,CLE@PIT,CLE,PIT,,,,,,TE/FLEX
121342-135824,WR,Luke,Luke Grimm,Grimm,,0,4000,LAC@MIA,LAC,MIA,,,,,,WR/FLEX
121342-110230,RB,Kenny,Kenny McIntosh,McIntosh,2.322222179836697,9,4000,SEA@JAC,SEA,JAC,IR,Knee - acl,,,,RB/FLEX
121342-136857,RB,Ja'Quinden,Ja'Quinden Jackson,Jackson,,0,4000,SEA@JAC,JAC,SEA,,,,,,RB/FLEX
121342-137889,WR,Brennan,Brennan Presley,Presley,,0,4000,LAR@BAL,LAR,BAL,,,,,,WR/FLEX
121342-86692,TE,Thomas,Thomas Odukoya,Odukoya,,0,4000,TEN@LV,TEN,LV,,,,,,TE/FLEX
121342-167588,WR,Jacoby,Jacoby Jones,Jones,,0,4000,CHI@WAS,WAS,CHI,,,,,,WR/FLEX
121342-104102,TE,Leroy,Leroy Watson IV,Watson IV,0,1,4000,TEN@LV,LV,TEN,,,,,,TE/FLEX
121342-128681,TE,Caden,Caden Prieskorn,Prieskorn,,0,4000,SF@TB,TB,SF,,,,,,TE/FLEX
121342-94888,TE,Messiah,Messiah Swinson,Swinson,,0,4000,SF@TB,SF,TB,,,,,,TE/FLEX
121342-103083,WR,Theo,Theo Wease Jr.,Wease Jr.,,0,4000,LAC@MIA,MIA,LAC,,,,,,WR/FLEX
121342-152232,WR,Jordan,Jordan Moore,Moore,,0,4000,CIN@GB,CIN,GB,,,,,,WR/FLEX
121342-87731,WR,Dominique,Dominique Robinson,Robinson,0,1,4000,CHI@WAS,CHI,WAS,,,,,,WR/FLEX
121342-110259,WR,Treylon,Treylon Burks,Burks,1.1,5,4000,TEN@LV,TEN,LV,Q,Collarbone,,,,WR/FLEX
121342-52916,WR,Russell,Russell Gage Jr.,Gage Jr.,,0,4000,SF@TB,SF,TB,,,,,,WR/FLEX
121342-104117,TE,Joshua,Joshua Simon,Simon,,0,4000,BUF@ATL,ATL,BUF,,,,,,TE/FLEX
121342-69302,TE,Feleipe,Feleipe Franks,Franks,0.42500001192092896,4,4000,BUF@ATL,ATL,BUF,,,,,,TE/FLEX
121342-61112,TE,Josiah,Josiah Deguara,Deguara,0.9666666984558105,3,4000,ARI@IND,ARI,IND,,,,,,TE/FLEX
121342-110274,WR,Bub,Bub Means,Means,5.574999809265137,4,4000,NE@NO,NO,NE,IR,Lower leg,,,,WR/FLEX
121342-193226,TE,Mason,Mason Pline,Pline,,0,4000,NE@NO,NO,NE,IR,Upper body,,,,TE/FLEX
121342-114382,WR,Cade,Cade McDonald,McDonald,,0,4000,CLE@PIT,CLE,PIT,IR,Undisclosed,,,,WR/FLEX
121342-63186,WR,James,James Proche II,Proche II,0.1777777804268731,9,4000,TEN@LV,TEN,LV,,,,,,WR/FLEX
121342-92882,TE,Connor,Connor Heyward,Heyward,0.6499999761581421,2,4000,CLE@PIT,PIT,CLE,,,,,,TE/FLEX
121342-156374,TE,Tre,Tre Watson,Watson,,0,4000,DET@KC,KC,DET,,,,,,TE/FLEX
121342-142042,RB,Trey,Trey Benson,Benson,7.224999904632568,4,4000,ARI@IND,ARI,IND,IR,Knee - meniscus,,,,RB/FLEX
121342-86747,WR,Dylan,Dylan Drummond,Drummond,,0,4000,BUF@ATL,ATL,BUF,,,,,,WR/FLEX
121342-92890,WR,Cody,Cody White,White,0,1,4000,SEA@JAC,SEA,JAC,,,,,,WR/FLEX
121342-111325,RB,Ulysses,Ulysses Bentley IV,Bentley IV,0,1,4000,ARI@IND,IND,ARI,,,,,,RB/FLEX
121342-147168,WR,Chris,Chris Blair,Blair,1.100000023841858,2,4000,BUF@ATL,ATL,BUF,,,,,,WR/FLEX
121342-104165,RB,Lew,Lew Nichols,Nichols,0,1,4000,CLE@PIT,PIT,CLE,,,,,,RB/FLEX
121342-86762,TE,Jack,Jack Westover,Westover,0,1,4000,NE@NO,NE,NO,,,,,,TE/FLEX
121342-85741,RB,Clyde,Clyde Edwards-Helaire,Edwards-Helaire,2.8333333333333335,3,4000,DET@KC,KC,DET,,,,,,RB/FLEX
121342-137966,WR,A.J.,A.J. Henning,Henning,,0,4000,LAC@MIA,MIA,LAC,,,,,,WR/FLEX
121342-40687,RB,James,James Conner,Conner,9.766666412353516,3,4000,ARI@IND,ARI,IND,IR,Foot,,,,RB/FLEX
121342-131835,WR,Efton,Efton Chism III,Chism III,,0,4000,NE@NO,NE,NO,,,,,,WR/FLEX
121342-208634,WR,Tommy,Tommy Mellott,Mellott,,0,4000,NE@NO,NO,NE,,,,,,WR/FLEX
121342-86778,TE,Devin,Devin Culp,Culp,3.7666667302449546,3,4000,SF@TB,TB,SF,,,,,,TE/FLEX
121342-86780,RB,Salvon,Salvon Ahmed,Ahmed,,0,4000,ARI@IND,IND,ARI,IR,Ankle,,,,RB/FLEX
121342-137990,TE,Tip,Tip Reiman,Reiman,1.099999984105428,3,4000,ARI@IND,ARI,IND,IR,Ankle,,,,TE/FLEX
121342-156426,RB,Brock,Brock Lampe,Lampe,,0,4000,NE@NO,NE,NO,IR,Undisclosed,,,,RB/FLEX
121342-71444,RB,Travis,Travis Homer,Homer,0.9800000190734863,5,4000,CHI@WAS,CHI,WAS,IR,Calf,,,,RB/FLEX
121342-103192,TE,Jared,Jared Wiley,Wiley,0.6000000238418579,2,4000,DET@KC,KC,DET,,,,,,TE/FLEX
121342-91931,TE,Greg,Greg Dulcich,Dulcich,1.3250000476837158,4,4000,LAC@MIA,MIA,LAC,,,,,,TE/FLEX
121342-70426,RB,Reggie,Reggie Gilliam,Gilliam,0.3499999940395355,2,4000,BUF@ATL,BUF,ATL,,,,,,RB/FLEX
121342-71459,RB,Brittain,Brittain Brown,Brown,,0,4000,CHI@WAS,CHI,WAS,,,,,,RB/FLEX
121342-114469,WR,Tyrone,Tyrone Broden,Broden,,0,4000,SEA@JAC,SEA,JAC,,,,,,WR/FLEX
121342-128805,WR,KeAndre,KeAndre Lambert-Smith,Lambert-Smith,0,3,4000,LAC@MIA,LAC,MIA,,,,,,WR/FLEX
121342-87844,TE,Brady,Brady Russell,Russell,0,1,4000,SEA@JAC,SEA,JAC,,,,,,TE/FLEX
121342-138028,RB,Kalel,Kalel Mullings,Mullings,,0,4000,TEN@LV,TEN,LV,IR,Ankle,,,,RB/FLEX
121342-55088,WR,Malik,Malik Turner,Turner,0,1,4000,SF@TB,SF,TB,,,,,,WR/FLEX
121342-201535,WR,Kameron,Kameron Johnson,Johnson,0.04000000059604645,5,4000,SF@TB,TB,SF,,,,,,WR/FLEX
121342-72515,TE,Ian,Ian Thomas,Thomas,3.5,1,4000,TEN@LV,LV,TEN,,,,,,TE/FLEX
121342-91971,RB,Ronnie,Ronnie Rivers,Rivers,2.075000047683716,8,4000,LAR@BAL,LAR,BAL,,,,,,RB/FLEX
121342-119619,WR,Traeshon,Traeshon Holden,Holden,,0,4000,DAL@CAR,DAL,CAR,,,,,,WR/FLEX
121342-41806,WR,Laquon,Laquon Treadwell,Treadwell,,0,4000,ARI@IND,IND,ARI,,,,,,WR/FLEX
121342-201553,WR,John,John Jiles,Jiles,,0,4000,NE@NO,NE,NO,,,,,,WR/FLEX
121342-91989,RB,Jordan,Jordan Mims,Mims,2.8714286259242465,7,4000,TEN@LV,TEN,LV,,,,,,RB/FLEX
121342-104278,TE,Donald,Donald Parham Jr.,Parham Jr.,,0,4000,CLE@PIT,PIT,CLE,IR,Achilles,,,,TE/FLEX
121342-61273,WR,Scotty,Scotty Miller,Miller,0,1,4000,CLE@PIT,PIT,CLE,,,,,,WR/FLEX
121342-93023,RB,Jermar,Jermar Jefferson,Jefferson,1.850000023841858,2,4000,ARI@IND,ARI,IND,,,,,,RB/FLEX
121342-154461,WR,Ja'Corey,Ja'Corey Brooks,Brooks,,0,4000,CHI@WAS,WAS,CHI,,,,,,WR/FLEX
121342-201564,TE,Cam,Cam Grandy,Grandy,1.100000023841858,1,4000,CIN@GB,CIN,GB,,,,,,TE/FLEX
121342-93026,TE,Teagan,Teagan Quitoriano,Quitoriano,0,2,4000,BUF@ATL,ATL,BUF,,,,,,TE/FLEX
121342-114530,WR,Jacob,Jacob Cowing,Cowing,0.5799999872843424,15,4000,SF@TB,SF,TB,IR,Hamstring,,,,WR/FLEX
121342-114532,RB,Deion,Deion Hankins,Hankins,,0,4000,CHI@WAS,CHI,WAS,IR,Quadriceps,,,,RB/FLEX
121342-192359,WR,JaQuae,JaQuae Jackson,Jackson,,0,4000,LAC@MIA,LAC,MIA,,,,,,WR/FLEX
121342-169834,WR,Dareke,Dareke Young,Young,1.933333396911621,3,4000,SEA@JAC,SEA,JAC,,,,,,WR/FLEX
121342-156523,RB,Carson,Carson Steele,Steele,1.569230739886944,13,4000,DET@KC,KC,DET,,,,,,RB/FLEX
121342-120684,WR,Garrett,Garrett Greene,Greene,,0,4000,SF@TB,TB,SF,,,,,,WR/FLEX
121342-39793,TE,George,George Kittle,Kittle,10.5,1,4000,SF@TB,SF,TB,IR,Hamstring,,,,TE/FLEX
121342-120694,WR,Ja'Lynn,Ja'Lynn Polk,Polk,2.053846212533804,13,4000,NE@NO,NO,NE,IR,Shoulder,,,,WR/FLEX
121342-119672,RB,Kendall,Kendall Milton,Milton,,0,4000,CIN@GB,CIN,GB,,,,,,RB/FLEX
121342-114557,WR,Cornelius,Cornelius Johnson,Johnson,,0,4000,LAR@BAL,BAL,LAR,,,,,,WR/FLEX
121342-134014,WR,Jordan,Jordan Watkins,Watkins,,0,4000,SF@TB,SF,TB,O,Calf,,,,WR/FLEX
121342-93055,WR,Isaiah,Isaiah Hodgins,Hodgins,1.100000023841858,2,4000,CLE@PIT,PIT,CLE,,,,,,WR/FLEX
121342-134023,RB,Keaton,Keaton Mitchell,Mitchell,1.7999999523162842,1,4000,LAR@BAL,BAL,LAR,,,,,,RB/FLEX
121342-94087,RB,DeeJay,DeeJay Dallas,Dallas,0,1,4000,DAL@CAR,CAR,DAL,,,,,,RB/FLEX
121342-103302,WR,Courtney,Courtney Jackson,Jackson,,0,4000,SEA@JAC,SEA,JAC,,,,,,WR/FLEX
121342-119697,RB,MarShawn,MarShawn Lloyd,Lloyd,2.299999952316284,1,4000,CIN@GB,GB,CIN,IR,Hamstring,,,,RB/FLEX
121342-128913,WR,Malachi,Malachi Corley,Corley,1.100000023841858,1,4000,CLE@PIT,CLE,PIT,,,,,,WR/FLEX
121342-64405,WR,Dan,Dan Chisena,Chisena,1.2999999523162842,4,4000,DAL@CAR,CAR,DAL,,,,,,WR/FLEX
121342-114591,TE,William,William Wagner,Wagner,,0,4000,CIN@GB,CIN,GB,,,,,,TE/FLEX
121342-94116,TE,Will,Will Mallory,Mallory,0.612500011920929,8,4000,ARI@IND,IND,ARI,,,,,,TE/FLEX
121342-157609,WR,Gage,Gage Larvadain,Larvadain,0,1,4000,CLE@PIT,CLE,PIT,,,,,,WR/FLEX
121342-167849,TE,Zach,Zach Horton,Horton,,0,4000,DET@KC,DET,KC,,,,,,TE/FLEX
121342-45997,WR,Keith,Keith Kirkwood,Kirkwood,,0,4000,LAR@BAL,BAL,LAR,,,,,,WR/FLEX
121342-175021,RB,Jordan,Jordan James,James,,0,4000,SF@TB,SF,TB,,,,,,RB/FLEX
121342-72627,RB,Patrick,Patrick Taylor Jr.,Taylor Jr.,6.259999847412109,5,4000,SF@TB,SF,TB,IR,Shoulder,,,,RB/FLEX
121342-119730,WR,Jimmy,Jimmy Holiday,Holiday,,0,4000,DET@KC,KC,DET,,,,,,WR/FLEX
121342-156596,RB,Jarquez,Jarquez Hunter,Hunter,,0,4000,LAR@BAL,LAR,BAL,,,,,,RB/FLEX
121342-104388,WR,Tom,Tom Kennedy,Kennedy,0,3,4000,DET@KC,DET,KC,,,,,,WR/FLEX
121342-56262,WR,Parris,Parris Campbell,Campbell,2.4,5,4000,DAL@CAR,DAL,CAR,,,,,,WR/FLEX
121342-152522,RB,Phil,Phil Mafah,Mafah,,0,4000,DAL@CAR,DAL,CAR,IR,Shoulder,,,,RB/FLEX
121342-69581,WR,Cedrick,Cedrick Wilson Jr.,Wilson Jr.,3.630908966064453,11,4000,LAC@MIA,MIA,LAC,,,,,,WR/FLEX
121342-152526,TE,Jake,Jake Briningstool,Briningstool,,0,4000,DET@KC,KC,DET,IR,Hamstring,,,,TE/FLEX
121342-72665,TE,Kenny,Kenny Yeboah,Yeboah,2.199999968210856,6,4000,DET@KC,DET,KC,IR,Undisclosed,,,,TE/FLEX
121342-152540,TE,CJ,CJ Dippre,Dippre,,0,4000,NE@NO,NE,NO,,,,,,TE/FLEX
121342-54239,TE,Matt,Matt Sokol,Sokol,,0,4000,CLE@PIT,PIT,CLE,,,,,,TE/FLEX
121342-104424,RB,Craig,Craig Reynolds,Reynolds,0.4000000059604645,1,4000,DET@KC,DET,KC,,,,,,RB/FLEX
121342-138221,WR,Ricky,Ricky White III,White III,,0,4000,SEA@JAC,SEA,JAC,,,,,,WR/FLEX
121342-152574,RB,Donovan,Donovan Edwards,Edwards,,0,4000,CHI@WAS,WAS,CHI,,,,,,RB/FLEX
121342-12534,D,Tennessee,Tennessee Titans,Titans,5.4,5,3900,TEN@LV,TEN,LV,,,,,,DEF
121342-12552,D,Washington,Washington Commanders,Commanders,7.4,5,3900,CHI@WAS,WAS,CHI,,,,,,DEF
121342-12527,D,Chicago,Chicago Bears,Bears,7,4,3800,CHI@WAS,CHI,WAS,,,,,,DEF
121342-12537,D,Las Vegas,Las Vegas Raiders,Raiders,2.6,5,3800,TEN@LV,LV,TEN,,,,,,DEF
121342-12530,D,Dallas,Dallas Cowboys,Cowboys,2.2,5,3700,DAL@CAR,DAL,CAR,,,,,,DEF
121342-12551,D,Tampa Bay,Tampa Bay Buccaneers,Buccaneers,4.8,5,3600,SF@TB,TB,SF,,,,,,DEF
121342-12529,D,Cleveland,Cleveland Browns,Browns,4.8,5,3500,CLE@PIT,CLE,PIT,,,,,,DEF
121342-12536,D,Kansas City,Kansas City Chiefs,Chiefs,6.6,5,3500,DET@KC,KC,DET,,,,,,DEF
121342-12542,D,New Orleans,New Orleans Saints,Saints,6.6,5,3400,NE@NO,NO,NE,,,,,,DEF
121342-12525,D,Atlanta,Atlanta Falcons,Falcons,7.25,4,3300,BUF@ATL,ATL,BUF,,,,,,DEF
121342-12546,D,Arizona,Arizona Cardinals,Cardinals,7.2,5,3300,ARI@IND,ARI,IND,,,,,,DEF
121342-12553,D,Carolina,Carolina Panthers,Panthers,5.4,5,3200,DAL@CAR,CAR,DAL,,,,,,DEF
121342-12555,D,Baltimore,Baltimore Ravens,Ravens,0.6,5,3100,LAR@BAL,BAL,LAR,,,,,,DEF
121342-12528,D,Cincinnati,Cincinnati Bengals,Bengals,2.8,5,3000,CIN@GB,CIN,GB,,,,,,DEF
121342-12539,D,Miami,Miami Dolphins,Dolphins,5,5,3000,LAC@MIA,MIA,LAC,,,,,,DEF