Id,Position,First Name,Nickname,Last Name,FPPG,Played,Salary,Game,Team,Opponent,Injury Indicator,Injury Details,Tier,,,Roster Position
121867-89675,RB,Jonathan,Jonathan Taylor,Taylor,25.24285670689174,7,10200,TEN@IND,IND,TEN,,,,,,RB/FLEX
121867-136855,RB,Bijan,Bijan Robinson,Robinson,23.73333231608073,6,10000,MIA@ATL,ATL,MIA,,,,,,RB/FLEX
121867-85701,WR,Ja'Marr,Ja'Marr Chase,Chase,18.5,7,9600,NYJ@CIN,CIN,NYJ,,,,,,WR/FLEX
121867-72731,RB,Josh,Josh Jacobs,Jacobs,19.21666717529297,6,9300,GB@PIT,GB,PIT,,,,,,RB/FLEX
121867-55050,RB,Christian,Christian McCaffrey,McCaffrey,23.371429443359375,7,9100,SF@HOU,SF,HOU,,,,,,RB/FLEX
121867-86631,WR,CeeDee,CeeDee Lamb,Lamb,19.566666920979817,3,9000,DAL@DEN,DAL,DEN,,,,,,WR/FLEX
121867-62239,QB,Josh,Josh Allen,Allen,23.37999979654948,6,9000,BUF@CAR,BUF,CAR,,,,,,QB
121867-69531,QB,Jalen,Jalen Hurts,Hurts,21.774285452706472,7,8800,NYG@PHI,PHI,NYG,,,,,,QB
121867-63115,QB,Lamar,Lamar Jackson,Jackson,23.59000015258789,4,8700,CHI@BAL,BAL,CHI,O,Hamstring,,,,QB
121867-72846,WR,A.J.,A.J. Brown,Brown,11.142857142857142,7,8400,NYG@PHI,PHI,NYG,O,Hamstring,,,,WR/FLEX
121867-93541,RB,Javonte,Javonte Williams,Williams,17.885713849748885,7,8400,DAL@DEN,DAL,DEN,,,,,,RB/FLEX
121867-102785,QB,Jayden,Jayden Daniels,Daniels,19.467999267578126,5,8400,WAS@KC,WAS,KC,O,Hamstring,,,,QB
121867-111311,WR,Rashee,Rashee Rice,Rice,19.700000762939453,1,8400,WAS@KC,KC,WAS,,,,,,WR/FLEX
121867-41535,QB,Baker,Baker Mayfield,Mayfield,20.21142796107701,7,8300,TB@NO,TB,NO,,,,,,QB
121867-91419,WR,Nico,Nico Collins,Collins,11.116666158040365,6,8200,SF@HOU,HOU,SF,O,Concussion,,,,WR/FLEX
121867-91626,RB,James,James Cook III,Cook III,17.933333079020183,6,8200,BUF@CAR,BUF,CAR,,,,,,RB/FLEX
121867-57439,QB,Patrick,Patrick Mahomes,Mahomes,25.428571428571427,7,8100,WAS@KC,KC,WAS,,,,,,QB
121867-64401,RB,Saquon,Saquon Barkley,Barkley,12.057143075125557,7,8100,NYG@PHI,PHI,NYG,,,,,,RB/FLEX
121867-39280,RB,Derrick,Derrick Henry,Henry,12.800000508626303,6,8000,CHI@BAL,BAL,CHI,,,,,,RB/FLEX
121867-32384,WR,Mike,Mike Evans,Evans,6.75,4,8000,TB@NO,TB,NO,IR,Collarbone,,,,WR/FLEX
121867-31716,QB,Dak,Dak Prescott,Prescott,22.26285661969866,7,8000,DAL@DEN,DAL,DEN,,,,,,QB
121867-138820,RB,De'Von,De'Von Achane,Achane,17.614286150251115,7,7900,MIA@ATL,MIA,ATL,,,,,,RB/FLEX
121867-112745,WR,Drake,Drake London,London,13.65000025431315,6,7800,MIA@ATL,ATL,MIA,Q,Hip,,,,WR/FLEX
121867-169410,RB,Quinshon,Quinshon Judkins,Judkins,15.066666920979818,6,7800,CLE@NE,CLE,NE,,,,,,RB/FLEX
121867-102965,QB,Bo,Bo Nix,Nix,20.634286063058035,7,7800,DAL@DEN,DEN,DAL,,,,,,QB
121867-63519,QB,Daniel,Daniel Jones,Jones,20.84285627092634,7,7700,TEN@IND,IND,TEN,,,,,,QB
121867-57403,WR,Courtland,Courtland Sutton,Sutton,12.342857360839844,7,7700,DAL@DEN,DEN,DAL,,,,,,WR/FLEX
121867-152664,RB,Bucky,Bucky Irving,Irving,16.375,4,7700,TB@NO,TB,NO,O,Foot,,,,RB/FLEX
121867-103564,WR,Garrett,Garrett Wilson,Wilson,13.583333333333334,6,7600,NYJ@CIN,NYJ,CIN,O,Knee,,,,WR/FLEX
121867-152316,QB,Drake,Drake Maye,Maye,21.208572387695312,7,7600,CLE@NE,NE,CLE,,,,,,QB
121867-152655,WR,Emeka,Emeka Egbuka,Egbuka,15.299999782017299,7,7500,TB@NO,TB,NO,,,,,,WR/FLEX
121867-152113,QB,Caleb,Caleb Williams,Williams,18.273333231608074,6,7500,CHI@BAL,CHI,BAL,,,,,,QB
121867-69017,QB,Jordan,Jordan Love,Love,17.919999440511067,6,7400,GB@PIT,GB,PIT,,,,,,QB
121867-151966,QB,Jaxson,Jaxson Dart,Dart,15.073333740234375,6,7400,NYG@PHI,NYG,PHI,,,,,,QB
121867-103064,RB,Breece,Breece Hall,Hall,10.67142813546317,7,7400,NYJ@CIN,NYJ,CIN,Q,Knee,,,,RB/FLEX
121867-120033,WR,Rome,Rome Odunze,Odunze,13.483333587646484,6,7300,CHI@BAL,CHI,BAL,,,,,,WR/FLEX
121867-6714,QB,Joe,Joe Flacco,Flacco,13.273333231608072,6,7300,NYJ@CIN,CIN,NYJ,,,,,,QB
121867-137902,RB,Rachaad,Rachaad White,White,9.685714721679688,7,7300,TB@NO,TB,NO,,,,,,RB/FLEX
121867-137530,TE,Tyler,Tyler Warren,Warren,12.142857142857142,7,7200,TEN@IND,IND,TEN,,,,,,TE/FLEX
121867-90584,QB,Mac,Mac Jones,Jones,16.71199951171875,5,7200,SF@HOU,SF,HOU,,,,,,QB
121867-85607,QB,Brock,Brock Purdy,Purdy,20.719999313354492,2,7200,SF@HOU,SF,HOU,O,Toe,,,,QB
121867-110246,WR,George,George Pickens,Pickens,17.24285670689174,7,7200,DAL@DEN,DAL,DEN,,,,,,WR/FLEX
121867-183240,RB,Cam,Cam Skattebo,Skattebo,15.17142813546317,7,7200,NYG@PHI,NYG,PHI,,,,,,RB/FLEX
121867-73048,WR,DK,DK Metcalf,Metcalf,13.09999974568685,6,7100,GB@PIT,PIT,GB,,,,,,WR/FLEX
121867-112295,WR,Zay,Zay Flowers,Flowers,11.25,6,7100,CHI@BAL,BAL,CHI,,,,,,WR/FLEX
121867-6894,QB,Aaron,Aaron Rodgers,Rodgers,17.599999745686848,6,7100,GB@PIT,PIT,GB,,,,,,QB
121867-119606,QB,Bryce,Bryce Young,Young,14.345714024135045,7,7100,BUF@CAR,CAR,BUF,D,Ankle,,,,QB
121867-129471,QB,C.J.,C.J. Stroud,Stroud,16.483333587646484,6,7000,SF@HOU,HOU,SF,,,,,,QB
121867-89680,TE,Jake,Jake Ferguson,Ferguson,13.557143075125557,7,7000,DAL@DEN,DAL,DEN,,,,,,TE/FLEX
121867-56018,WR,Deebo,Deebo Samuel Sr.,Samuel Sr.,12.833333333333334,6,7000,WAS@KC,WAS,KC,,,,,,WR/FLEX
121867-87787,RB,J.K.,J.K. Dobbins,Dobbins,12.142857142857142,7,7000,DAL@DEN,DEN,DAL,,,,,,RB/FLEX
121867-89981,WR,Tee,Tee Higgins,Higgins,8.799999782017299,7,7000,NYJ@CIN,CIN,NYJ,,,,,,WR/FLEX
121867-89493,RB,Chase,Chase Brown,Brown,8.914285932268415,7,6900,NYJ@CIN,CIN,NYJ,,,,,,RB/FLEX
121867-91591,QB,Justin,Justin Fields,Fields,15.916666666666666,6,6900,NYJ@CIN,NYJ,CIN,,,,,,QB
121867-90573,WR,Jaylen,Jaylen Waddle,Waddle,10.974285670689174,7,6900,MIA@ATL,MIA,ATL,,,,,,WR/FLEX
121867-29358,QB,Marcus,Marcus Mariota,Mariota,14.146666208902994,3,6900,WAS@KC,WAS,KC,,,,,,QB
121867-158974,WR,Xavier,Xavier Worthy,Worthy,7.719999694824219,5,6800,WAS@KC,KC,WAS,,,,,,WR/FLEX
121867-91598,RB,D'Andre,D'Andre Swift,Swift,15.75,6,6800,CHI@BAL,CHI,BAL,Q,Groin,,,,RB/FLEX
121867-69213,WR,Michael,Michael Pittman Jr.,Pittman Jr.,12.085714067731585,7,6800,TEN@IND,IND,TEN,,,,,,WR/FLEX
121867-88797,QB,Michael,Michael Penix Jr.,Penix Jr.,14.110000610351562,6,6800,MIA@ATL,ATL,MIA,Q,Knee,,,,QB
121867-90572,QB,Tua,Tua Tagovailoa,Tagovailoa,13.331428527832031,7,6700,MIA@ATL,MIA,ATL,,,,,,QB
121867-90576,WR,DeVonta,DeVonta Smith,Smith,12.485714503696986,7,6700,NYG@PHI,PHI,NYG,,,,,,WR/FLEX
121867-14377,QB,Tyrod,Tyrod Taylor,Taylor,10.053333282470703,3,6600,NYJ@CIN,NYJ,CIN,O,Knee,,,,QB
121867-42104,RB,Alvin,Alvin Kamara,Kamara,9,7,6600,TB@NO,NO,TB,,,,,,RB/FLEX
121867-87770,WR,Chris,Chris Olave,Olave,11.857142857142858,7,6600,TB@NO,NO,TB,,,,,,WR/FLEX
121867-111557,QB,Spencer,Spencer Rattler,Rattler,14.285714285714286,7,6600,TB@NO,NO,TB,,,,,,QB
121867-103539,WR,Wan'Dale,Wan'Dale Robinson,Robinson,11.042857578822545,7,6500,NYG@PHI,NYG,PHI,,,,,,WR/FLEX
121867-103698,QB,Dillon,Dillon Gabriel,Gabriel,7.108000183105469,5,6500,CLE@NE,CLE,NE,,,,,,QB
121867-117178,RB,Jacory,Jacory Croskey-Merritt,Croskey-Merritt,10.028570992606026,7,6500,WAS@KC,WAS,KC,,,,,,RB/FLEX
121867-160303,TE,Tucker,Tucker Kraft,Kraft,11.90000025431315,6,6500,GB@PIT,GB,PIT,,,,,,TE/FLEX
121867-56250,WR,Terry,Terry McLaurin,McLaurin,6.633333206176758,3,6500,WAS@KC,WAS,KC,,,,,,WR/FLEX
121867-102796,WR,Ricky,Ricky Pearsall,Pearsall,12.074999809265137,4,6400,SF@HOU,SF,HOU,O,Knee - pcl,,,,WR/FLEX
121867-168356,QB,Cam,Cam Ward,Ward,8.405714307512556,7,6400,TEN@IND,TEN,IND,,,,,,QB
121867-87467,RB,Chuba,Chuba Hubbard,Hubbard,11.219999694824219,5,6400,BUF@CAR,CAR,BUF,,,,,,RB/FLEX
121867-112057,RB,Jaylen,Jaylen Warren,Warren,13.4,5,6400,GB@PIT,PIT,GB,,,,,,RB/FLEX
121867-44715,QB,Cooper,Cooper Rush,Rush,1.4299999475479126,4,6400,CHI@BAL,BAL,CHI,,,,,,QB
121867-167620,WR,Tetairoa,Tetairoa McMillan,McMillan,10.185714721679688,7,6400,BUF@CAR,CAR,BUF,,,,,,WR/FLEX
121867-33259,QB,Teddy,Teddy Bridgewater,Bridgewater,-0.10000000149011612,1,6300,TB@NO,TB,NO,,,,,,QB
121867-89628,QB,Davis,Davis Mills,Mills,1.2200000286102295,1,6300,SF@HOU,HOU,SF,,,,,,QB
121867-63043,WR,DJ,DJ Moore,Moore,7.366666793823242,6,6300,CHI@BAL,CHI,BAL,,,,,,WR/FLEX
121867-72297,RB,Rico,Rico Dowdle,Dowdle,13.957142421177455,7,6300,BUF@CAR,CAR,BUF,,,,,,RB/FLEX
121867-94370,WR,Romeo,Romeo Doubs,Doubs,11.09999974568685,6,6200,GB@PIT,GB,PIT,,,,,,WR/FLEX
121867-90406,QB,Zach,Zach Wilson,Wilson,1.5800000429153442,1,6200,MIA@ATL,MIA,ATL,,,,,,QB
121867-53562,RB,Nick,Nick Chubb,Chubb,7.766666412353516,6,6200,SF@HOU,HOU,SF,,,,,,RB/FLEX
121867-92575,RB,Isiah,Isiah Pacheco,Pacheco,6.985714503696987,7,6200,WAS@KC,KC,WAS,,,,,,RB/FLEX
121867-25079,WR,Stefon,Stefon Diggs,Diggs,10.157142639160156,7,6200,CLE@NE,NE,CLE,,,,,,WR/FLEX
121867-14225,QB,Andy,Andy Dalton,Dalton,2.806666692097982,3,6200,BUF@CAR,CAR,BUF,,,,,,QB
121867-86081,QB,Emory,Emory Jones,Jones,,0,6100,MIA@ATL,ATL,MIA,IR,Concussion,,,,QB
121867-61593,WR,Jauan,Jauan Jennings,Jennings,6.340000152587891,5,6100,SF@HOU,SF,HOU,,,,,,WR/FLEX
121867-138774,RB,Woody,Woody Marks,Marks,8.216666539510092,6,6100,SF@HOU,HOU,SF,,,,,,RB/FLEX
121867-90981,QB,Adrian,Adrian Martinez,Martinez,,0,6100,SF@HOU,SF,HOU,,,,,,QB
121867-39793,TE,George,George Kittle,Kittle,5.25,2,6100,SF@HOU,SF,HOU,,,,,,TE/FLEX
121867-152646,QB,Kyle,Kyle McCord,McCord,,0,6000,NYG@PHI,PHI,NYG,,,,,,QB
121867-52342,QB,Will,Will Grier,Grier,,0,6000,DAL@DEN,DAL,DEN,,,,,,QB
121867-104576,QB,Sam,Sam Howell,Howell,0.07999999821186066,2,6000,NYG@PHI,PHI,NYG,,,,,,QB
121867-69777,WR,Darnell,Darnell Mooney,Mooney,4.925000190734863,4,6000,MIA@ATL,ATL,MIA,,,,,,WR/FLEX
121867-103591,QB,Graham,Graham Mertz,Mertz,,0,6000,SF@HOU,HOU,SF,,,,,,QB
121867-160938,QB,Quinn,Quinn Ewers,Ewers,2.119999885559082,1,6000,MIA@ATL,MIA,ATL,,,,,,QB
121867-86200,QB,Sean,Sean Clifford,Clifford,,0,6000,NYJ@CIN,CIN,NYJ,,,,,,QB
121867-69833,QB,Shane,Shane Buechele,Buechele,,0,6000,BUF@CAR,BUF,CAR,,,,,,QB
121867-45259,QB,Logan,Logan Woodside,Woodside,,0,6000,GB@PIT,PIT,GB,,,,,,QB
121867-86243,QB,Will,Will Levis,Levis,10.995000203450521,12,6000,TEN@IND,TEN,IND,IR,Shoulder,,,,QB
121867-91390,QB,Joe,Joe Milton III,Milton III,0.6399999856948853,1,6000,DAL@DEN,DAL,DEN,,,,,,QB
121867-24849,QB,Jameis,Jameis Winston,Winston,13.830909035422586,11,6000,NYG@PHI,NYG,PHI,,,,,,QB
121867-129315,QB,Anthony,Anthony Richardson Sr.,Richardson Sr.,0.8299999833106995,2,6000,TEN@IND,IND,TEN,IR,Orbital,,,,QB
121867-120105,QB,Will,Will Howard,Howard,,0,6000,GB@PIT,PIT,GB,IR,Hand,,,,QB
121867-61798,QB,Gardner,Gardner Minshew II,Minshew II,-0.30000001192092896,2,6000,WAS@KC,KC,WAS,,,,,,QB
121867-88431,QB,Tyler,Tyler Shough,Shough,0,1,6000,TB@NO,NO,TB,,,,,,QB
121867-92560,QB,Sam,Sam Ehlinger,Ehlinger,0,1,6000,DAL@DEN,DEN,DAL,,,,,,QB
121867-103824,QB,Easton,Easton Stick,Stick,,0,6000,MIA@ATL,ATL,MIA,,,,,,QB
121867-70051,QB,Tyler,Tyler Huntley,Huntley,6.619999885559082,1,6000,CHI@BAL,BAL,CHI,,,,,,QB
121867-60840,QB,Jake,Jake Browning,Browning,14.045000076293945,4,6000,NYJ@CIN,CIN,NYJ,,,,,,QB
121867-110000,QB,Connor,Connor Bazelak,Bazelak,,0,6000,TB@NO,TB,NO,,,,,,QB
121867-185776,QB,Tyson,Tyson Bagent,Bagent,1.7799999713897705,1,6000,CHI@BAL,CHI,BAL,,,,,,QB
121867-31170,QB,Brandon,Brandon Allen,Allen,2.7866665522257485,3,6000,TEN@IND,TEN,IND,,,,,,QB
121867-22994,QB,Case,Case Keenum,Keenum,,0,6000,CHI@BAL,CHI,BAL,,,,,,QB
121867-40407,QB,Joshua,Joshua Dobbs,Dobbs,0.03999999910593033,2,6000,CLE@NE,NE,CLE,,,,,,QB
121867-53729,QB,Mason,Mason Rudolph,Rudolph,0.23999999463558197,2,6000,GB@PIT,PIT,GB,,,,,,QB
121867-86518,WR,Khalil,Khalil Shakir,Shakir,8.633333206176758,6,6000,BUF@CAR,BUF,CAR,,,,,,WR/FLEX
121867-22015,QB,Russell,Russell Wilson,Wilson,10.568000030517577,5,6000,NYG@PHI,NYG,PHI,,,,,,QB
121867-89607,QB,Tanner,Tanner McKee,McKee,7.204999923706055,4,6000,NYG@PHI,PHI,NYG,,,,,,QB
121867-60947,QB,Jarrett,Jarrett Stidham,Stidham,0.16666666666666666,3,6000,DAL@DEN,DEN,DAL,,,,,,QB
121867-22038,QB,Kirk,Kirk Cousins,Cousins,1.159999966621399,1,6000,MIA@ATL,ATL,MIA,,,,,,QB
121867-94748,QB,Tommy,Tommy DeVito,DeVito,6.739999771118164,2,6000,CLE@NE,NE,CLE,,,,,,QB
121867-87594,QB,Sam,Sam Hartman,Hartman,,0,6000,WAS@KC,WAS,KC,,,,,,QB
121867-87691,QB,Malik,Malik Willis,Willis,7.399999891008649,7,6000,GB@PIT,GB,PIT,,,,,,QB
121867-69294,QB,Skylar,Skylar Thompson,Thompson,2.626666704813639,3,6000,GB@PIT,PIT,GB,IR,Hamstring,,,,QB
121867-73398,QB,Chris,Chris Oladokun,Oladokun,0.25,2,6000,WAS@KC,KC,WAS,,,,,,QB
121867-90813,QB,Clayton,Clayton Tune,Tune,-0.3466666539510091,6,6000,GB@PIT,GB,PIT,,,,,,QB
121867-139985,QB,Bailey,Bailey Zappe,Zappe,4.5,2,6000,CLE@NE,CLE,NE,,,,,,QB
121867-38628,QB,Mitchell,Mitchell Trubisky,Trubisky,0.9800000190734863,1,6000,BUF@CAR,BUF,CAR,,,,,,QB
121867-61157,QB,Brett,Brett Rypien,Rypien,0,1,6000,TEN@IND,IND,TEN,,,,,,QB
121867-86793,QB,Jake,Jake Haener,Haener,1.7799999713897705,8,6000,TB@NO,NO,TB,,,,,,QB
121867-28434,QB,Trevor,Trevor Siemian,Siemian,,0,6000,TEN@IND,TEN,IND,,,,,,QB
121867-154450,QB,Riley,Riley Leonard,Leonard,,0,6000,TEN@IND,IND,TEN,,,,,,QB
121867-8023,QB,Josh,Josh Johnson,Johnson,0.19499999284744263,4,6000,WAS@KC,WAS,KC,,,,,,QB
121867-119641,QB,Brady,Brady Cook,Cook,,0,6000,NYJ@CIN,NYJ,CIN,,,,,,QB
121867-63336,QB,Joe,Joe Burrow,Burrow,7.929999828338623,2,6000,NYJ@CIN,CIN,NYJ,IR,Toe,,,,QB
121867-184183,QB,Shedeur,Shedeur Sanders,Sanders,,0,6000,CLE@NE,CLE,NE,Q,Back,,,,QB
121867-111540,RB,Rhamondre,Rhamondre Stevenson,Stevenson,8.771428789411273,7,6000,CLE@NE,NE,CLE,,,,,,RB/FLEX
121867-85983,QB,Hendon,Hendon Hooker,Hooker,0.6700000166893005,4,6000,BUF@CAR,CAR,BUF,,,,,,QB
121867-52436,TE,Mark,Mark Andrews,Andrews,6.716666539510091,6,5900,CHI@BAL,BAL,CHI,,,,,,TE/FLEX
121867-90428,RB,Tyler,Tyler Allgeier,Allgeier,6.799999872843425,6,5900,MIA@ATL,ATL,MIA,Q,Hip,,,,RB/FLEX
121867-80289,WR,Kendrick,Kendrick Bourne,Bourne,9.5,6,5900,SF@HOU,SF,HOU,,,,,,WR/FLEX
121867-119653,WR,Kayshon,Kayshon Boutte,Boutte,10.37142835344587,7,5900,CLE@NE,NE,CLE,,,,,,WR/FLEX
121867-166916,WR,Matthew,Matthew Golden,Golden,6.400000254313151,6,5800,GB@PIT,GB,PIT,Q,Hip,,,,WR/FLEX
121867-83074,TE,Dallas,Dallas Goedert,Goedert,12.09999974568685,6,5800,NYG@PHI,PHI,NYG,,,,,,TE/FLEX
121867-86153,RB,Tyrone,Tyrone Tracy Jr.,Tracy Jr.,5.479999923706055,5,5800,NYG@PHI,NYG,PHI,,,,,,RB/FLEX
121867-86312,WR,Alec,Alec Pierce,Pierce,7.94000015258789,5,5800,TEN@IND,IND,TEN,,,,,,WR/FLEX
121867-145558,TE,Dalton,Dalton Kincaid,Kincaid,11.94000015258789,5,5700,BUF@CAR,BUF,CAR,Q,Oblique,,,,TE/FLEX
121867-63759,RB,Tony,Tony Pollard,Pollard,9.528570992606026,7,5700,TEN@IND,TEN,IND,,,,,,RB/FLEX
121867-170287,WR,Rashid,Rashid Shaheed,Shaheed,9.442856924874443,7,5700,TB@NO,NO,TB,,,,,,WR/FLEX
121867-33076,TE,Travis,Travis Kelce,Kelce,9.285714285714286,7,5700,WAS@KC,KC,WAS,,,,,,TE/FLEX
121867-128624,WR,Tez,Tez Johnson,Johnson,5.75,6,5700,TB@NO,TB,NO,,,,,,WR/FLEX
121867-155775,RB,Brashard,Brashard Smith,Smith,3.6999999455043246,7,5600,WAS@KC,KC,WAS,,,,,,RB/FLEX
121867-129305,WR,Josh,Josh Downs,Downs,6.783333460489909,6,5600,TEN@IND,IND,TEN,,,,,,WR/FLEX
121867-90561,WR,Jerry,Jerry Jeudy,Jeudy,5.242857251848493,7,5600,CLE@NE,CLE,NE,,,,,,WR/FLEX
121867-55987,WR,JuJu,JuJu Smith-Schuster,Smith-Schuster,6.142857142857143,7,5600,WAS@KC,KC,WAS,,,,,,WR/FLEX
121867-128810,TE,Theo,Theo Johnson,Johnson,7.600000108991351,7,5600,NYG@PHI,NYG,PHI,,,,,,TE/FLEX
121867-27477,WR,Sterling,Sterling Shepard,Shepard,6.257142748151507,7,5600,TB@NO,TB,NO,,,,,,WR/FLEX
121867-137059,RB,Sean,Sean Tucker,Tucker,1.5999999727521623,7,5600,TB@NO,TB,NO,,,,,,RB/FLEX
121867-64555,WR,Calvin,Calvin Ridley,Ridley,6.666666666666667,6,5500,TEN@IND,TEN,IND,O,Hamstring,,,,WR/FLEX
121867-60858,WR,Christian,Christian Kirk,Kirk,5.299999872843425,3,5500,SF@HOU,HOU,SF,O,Hamstring,,,,WR/FLEX
121867-90562,RB,Brian,Brian Robinson Jr.,Robinson Jr.,2.5714285714285716,7,5500,SF@HOU,SF,HOU,,,,,,RB/FLEX
121867-86687,WR,Hollywood,Hollywood Brown,Brown,10.228571210588727,7,5500,WAS@KC,KC,WAS,,,,,,WR/FLEX
121867-157467,WR,Keon,Keon Coleman,Coleman,8.116666793823242,6,5500,BUF@CAR,BUF,CAR,,,,,,WR/FLEX
121867-86811,TE,Cade,Cade Otton,Otton,5.683333079020183,6,5500,TB@NO,TB,NO,,,,,,TE/FLEX
121867-110457,WR,Dontayvion,Dontayvion Wicks,Wicks,3.316666603088379,6,5500,GB@PIT,GB,PIT,O,Calf,,,,WR/FLEX
121867-45229,RB,Kareem,Kareem Hunt,Hunt,6.785714285714286,7,5400,WAS@KC,KC,WAS,,,,,,RB/FLEX
121867-16606,WR,DeAndre,DeAndre Hopkins,Hopkins,5.716666539510091,6,5400,CHI@BAL,BAL,CHI,,,,,,WR/FLEX
121867-55635,WR,Chris,Chris Godwin Jr.,Godwin Jr.,4.099999904632568,2,5400,TB@NO,TB,NO,O,Lower leg,,,,WR/FLEX
121867-151903,WR,Troy,Troy Franklin,Franklin,7.9571429661342075,7,5400,DAL@DEN,DEN,DAL,,,,,,WR/FLEX
121867-25011,TE,Darren,Darren Waller,Waller,13.566666920979818,3,5400,MIA@ATL,MIA,ATL,IR,Pectoral,,,,TE/FLEX
121867-40845,TE,Hunter,Hunter Henry,Henry,8.714285714285714,7,5400,CLE@NE,NE,CLE,,,,,,TE/FLEX
121867-110484,RB,RJ,RJ Harvey,Harvey,6.7000002179827005,7,5400,DAL@DEN,DEN,DAL,,,,,,RB/FLEX
121867-128986,WR,Jaylin,Jaylin Lane,Lane,3.6999999455043246,7,5400,WAS@KC,WAS,KC,,,,,,WR/FLEX
121867-86080,TE,Kyle,Kyle Pitts Sr.,Pitts Sr.,8.25,6,5300,MIA@ATL,ATL,MIA,,,,,,TE/FLEX
121867-103547,WR,Luke,Luke McCaffrey,McCaffrey,5.985714503696987,7,5300,WAS@KC,WAS,KC,,,,,,WR/FLEX
121867-86244,TE,Pat,Pat Freiermuth,Freiermuth,8.04000015258789,5,5300,GB@PIT,PIT,GB,,,,,,TE/FLEX
121867-63819,WR,Darius,Darius Slayton,Slayton,4.1200000762939455,5,5300,NYG@PHI,NYG,PHI,,,,,,WR/FLEX
121867-114198,WR,Xavier,Xavier Legette,Legette,6.94000015258789,5,5300,BUF@CAR,CAR,BUF,,,,,,WR/FLEX
121867-107293,RB,Tyjae,Tyjae Spears,Spears,4.633333206176758,3,5300,TEN@IND,TEN,IND,,,,,,RB/FLEX
121867-53097,WR,Josh,Josh Reynolds,Reynolds,3.5200000762939454,5,5300,NYJ@CIN,NYJ,CIN,IR,Hip,,,,WR/FLEX
121867-147315,WR,Jayden,Jayden Higgins,Higgins,3.7666667302449546,6,5300,SF@HOU,HOU,SF,,,,,,WR/FLEX
121867-41872,TE,Evan,Evan Engram,Engram,5.933333079020183,6,5300,DAL@DEN,DEN,DAL,,,,,,TE/FLEX
121867-29780,TE,Zach,Zach Ertz,Ertz,8.62857164655413,7,5200,WAS@KC,WAS,KC,,,,,,TE/FLEX
121867-87127,RB,Chris,Chris Rodriguez Jr.,Rodriguez Jr.,4.425000190734863,4,5200,WAS@KC,WAS,KC,,,,,,RB/FLEX
121867-120093,WR,Marvin,Marvin Mims Jr.,Mims Jr.,6.857142857142857,7,5200,DAL@DEN,DEN,DAL,,,,,,WR/FLEX
121867-64808,TE,Juwan,Juwan Johnson,Johnson,7.285714285714286,7,5200,TB@NO,NO,TB,,,,,,TE/FLEX
121867-38264,WR,Demarcus,Demarcus Robinson,Robinson,3.325000047683716,4,5200,SF@HOU,SF,HOU,,,,,,WR/FLEX
121867-87418,WR,Joshua,Joshua Palmer,Palmer,5.066666603088379,6,5200,BUF@CAR,BUF,CAR,O,Knee,,,,WR/FLEX
121867-110974,WR,Malik,Malik Washington,Washington,4.642857142857143,7,5200,MIA@ATL,MIA,ATL,,,,,,WR/FLEX
121867-172699,TE,Harold,Harold Fannin Jr.,Fannin Jr.,7.342857360839844,7,5200,CLE@NE,CLE,NE,,,,,,TE/FLEX
121867-144102,RB,Kyle,Kyle Monangai,Monangai,5.216666539510091,6,5200,CHI@BAL,CHI,BAL,,,,,,RB/FLEX
121867-90870,WR,Calvin,Calvin Austin III,Austin III,7.724999904632568,4,5200,GB@PIT,PIT,GB,,,,,,WR/FLEX
121867-71705,TE,Noah,Noah Fant,Fant,7.019999694824219,5,5100,NYJ@CIN,CIN,NYJ,,,,,,TE/FLEX
121867-152647,RB,TreVeyon,TreVeyon Henderson,Henderson,5.600000108991351,7,5100,CLE@NE,NE,CLE,,,,,,RB/FLEX
121867-111876,WR,DeMario,DeMario Douglas,Douglas,5.116666793823242,6,5100,CLE@NE,NE,CLE,,,,,,WR/FLEX
121867-33047,WR,Chris,Chris Moore,Moore,4.549999872843425,6,5100,WAS@KC,WAS,KC,,,,,,WR/FLEX
121867-60957,WR,KaVontae,KaVontae Turpin,Turpin,6.3799999237060545,5,5100,DAL@DEN,DAL,DEN,,,,,,WR/FLEX
121867-55042,TE,Dalton,Dalton Schultz,Schultz,7.233333587646484,6,5100,SF@HOU,HOU,SF,,,,,,TE/FLEX
121867-90912,RB,Kenneth,Kenneth Gainwell,Gainwell,9.25,6,5100,GB@PIT,PIT,GB,,,,,,RB/FLEX
121867-201535,WR,Kameron,Kameron Johnson,Johnson,2.085714340209961,7,5100,TB@NO,TB,NO,,,,,,WR/FLEX
121867-172861,WR,Elic,Elic Ayomanor,Ayomanor,6.285714285714286,7,5100,TEN@IND,TEN,IND,,,,,,WR/FLEX
121867-55335,TE,David,David Njoku,Njoku,6.633333206176758,6,5000,CLE@NE,CLE,NE,Q,Knee,,,,TE/FLEX
121867-89220,WR,Tyquan,Tyquan Thornton,Thornton,9.34999974568685,6,5000,WAS@KC,KC,WAS,,,,,,WR/FLEX
121867-120042,WR,Jalen,Jalen McMillan,McMillan,8.714285714285714,14,5000,TB@NO,TB,NO,IR,Neck,,,,WR/FLEX
121867-12541,D,New England,New England Patriots,Patriots,9.285714285714286,7,5000,CLE@NE,NE,CLE,,,,,,DEF
121867-56648,RB,Jeremy,Jeremy McNichols,McNichols,4.983333269755046,6,5000,WAS@KC,WAS,KC,,,,,,RB/FLEX
121867-88575,WR,Elijah,Elijah Moore,Moore,3.3799999237060545,5,5000,BUF@CAR,BUF,CAR,,,,,,WR/FLEX
121867-120657,RB,Kendre,Kendre Miller,Miller,4.399999891008649,7,5000,TB@NO,NO,TB,IR,Knee - acl,,,,RB/FLEX
121867-85845,WR,Rashod,Rashod Bateman,Bateman,3.9166666666666665,6,5000,CHI@BAL,BAL,CHI,,,,,,WR/FLEX
121867-91047,TE,Cole,Cole Kmet,Kmet,3.9500001271565757,6,5000,CHI@BAL,CHI,BAL,O,Back,,,,TE/FLEX
121867-119788,WR,Xavier,Xavier Hutchinson,Hutchinson,5.216666539510091,6,5000,SF@HOU,HOU,SF,,,,,,WR/FLEX
121867-48116,TE,Jonnu,Jonnu Smith,Smith,5.783333460489909,6,5000,GB@PIT,PIT,GB,,,,,,TE/FLEX
121867-64581,WR,Van,Van Jefferson,Jefferson,4,5,4900,TEN@IND,TEN,IND,,,,,,WR/FLEX
121867-129112,WR,Chimere,Chimere Dike,Dike,3.3857143947056363,7,4900,TEN@IND,TEN,IND,,,,,,WR/FLEX
121867-68712,WR,Tyler,Tyler Johnson,Johnson,3.160000038146973,5,4900,NYJ@CIN,NYJ,CIN,,,,,,WR/FLEX
121867-168054,TE,Mason,Mason Taylor,Taylor,4.971428462437221,7,4900,NYJ@CIN,NYJ,CIN,Q,Quadriceps,,,,TE/FLEX
121867-166092,WR,Luther,Luther Burden III,Burden III,5.466666539510091,6,4900,CHI@BAL,CHI,BAL,,,,,,WR/FLEX
121867-12535,D,Indianapolis,Indianapolis Colts,Colts,8.857142857142858,7,4900,TEN@IND,IND,TEN,,,,,,DEF
121867-185593,WR,Andrei,Andrei Iosivas,Iosivas,4.6,5,4900,NYJ@CIN,CIN,NYJ,,,,,,WR/FLEX
121867-45565,TE,Taysom,Taysom Hill,Hill,2.8533334732055664,3,4900,TB@NO,NO,TB,,,,,,TE/FLEX
121867-185861,RB,Emanuel,Emanuel Wilson,Wilson,2.616666634877523,6,4900,GB@PIT,GB,PIT,,,,,,RB/FLEX
121867-128765,RB,Nathan,Nathan Carter,Carter,2.5999999046325684,1,4900,MIA@ATL,ATL,MIA,,,,,,RB/FLEX
121867-71521,RB,Justice,Justice Hill,Hill,7.366666793823242,6,4900,CHI@BAL,BAL,CHI,,,,,,RB/FLEX
121867-64496,WR,Olamide,Olamide Zaccheaus,Zaccheaus,4.450000127156575,6,4900,CHI@BAL,CHI,BAL,,,,,,WR/FLEX
121867-174245,WR,Isaiah,Isaiah Bond,Bond,3.116666793823242,6,4800,CLE@NE,CLE,NE,,,,,,WR/FLEX
121867-90307,TE,Daniel,Daniel Bellinger,Bellinger,5.659999847412109,5,4800,NYG@PHI,NYG,PHI,,,,,,TE/FLEX
121867-52451,RB,Samaje,Samaje Perine,Perine,1.9000000272478377,7,4800,NYJ@CIN,CIN,NYJ,,,,,,RB/FLEX
121867-151789,WR,Adonai,Adonai Mitchell,Mitchell,2.75,6,4800,TEN@IND,IND,TEN,,,,,,WR/FLEX
121867-88548,WR,Jalen,Jalen Tolbert,Tolbert,2.9285714285714284,7,4800,DAL@DEN,DAL,DEN,,,,,,WR/FLEX
121867-56809,WR,Allen,Allen Lazard,Lazard,3.25,4,4800,NYJ@CIN,NYJ,CIN,,,,,,WR/FLEX
121867-72182,WR,Dee,Dee Eskridge,Eskridge,1.0333333015441895,6,4800,MIA@ATL,MIA,ATL,,,,,,WR/FLEX
121867-26251,WR,Robbie,Robbie Chosen,Chosen,5.599999904632568,1,4800,WAS@KC,WAS,KC,,,,,,WR/FLEX
121867-166588,TE,Colston,Colston Loveland,Loveland,2.3600000381469726,5,4800,CHI@BAL,CHI,BAL,,,,,,TE/FLEX
121867-201547,WR,Jalen,Jalen Coker,Coker,0,1,4800,BUF@CAR,CAR,BUF,,,,,,WR/FLEX
121867-139094,WR,Jalin,Jalin Hyatt,Hyatt,0.800000011920929,4,4800,NYG@PHI,NYG,PHI,,,,,,WR/FLEX
121867-166801,RB,Jaydon,Jaydon Blue,Blue,1.5333333015441895,3,4800,DAL@DEN,DAL,DEN,,,,,,RB/FLEX
121867-87260,TE,Isaiah,Isaiah Likely,Likely,1.649999976158142,2,4700,CHI@BAL,BAL,CHI,,,,,,TE/FLEX
121867-166112,RB,Ollie,Ollie Gordon II,Gordon II,2.242857115609305,7,4700,MIA@ATL,MIA,ATL,,,,,,RB/FLEX
121867-12526,D,Buffalo,Buffalo Bills,Bills,4.666666666666667,6,4700,BUF@CAR,BUF,CAR,,,,,,DEF
121867-91467,TE,Jake,Jake Tonges,Tonges,8.816666920979818,6,4700,SF@HOU,SF,HOU,,,,,,TE/FLEX
121867-52613,WR,Curtis,Curtis Samuel,Samuel,5.5,2,4700,BUF@CAR,BUF,CAR,,,,,,WR/FLEX
121867-174486,RB,Dylan,Dylan Sampson,Sampson,4.142857142857143,7,4700,CLE@NE,CLE,NE,,,,,,RB/FLEX
121867-160213,RB,Isaiah,Isaiah Davis,Davis,2.3142858232770647,7,4700,NYJ@CIN,NYJ,CIN,,,,,,RB/FLEX
121867-62055,WR,Ray-Ray,Ray-Ray McCloud III,McCloud III,2.3499999046325684,4,4700,NYG@PHI,NYG,PHI,,,,,,WR/FLEX
121867-93143,TE,Noah,Noah Gray,Gray,2,6,4700,WAS@KC,KC,WAS,,,,,,TE/FLEX
121867-86055,RB,Dameon,Dameon Pierce,Pierce,1.2999999523162842,2,4600,SF@HOU,HOU,SF,,,,,,RB/FLEX
121867-112780,WR,Jamari,Jamari Thrash,Thrash,1.933333396911621,6,4600,CLE@NE,CLE,NE,,,,,,WR/FLEX
121867-88297,TE,Chig,Chig Okonkwo,Okonkwo,4.757142748151507,7,4600,TEN@IND,TEN,IND,,,,,,TE/FLEX
121867-12536,D,Kansas City,Kansas City Chiefs,Chiefs,6.857142857142857,7,4600,WAS@KC,KC,WAS,,,,,,DEF
121867-12545,D,Philadelphia,Philadelphia Eagles,Eagles,7.142857142857143,7,4600,NYG@PHI,PHI,NYG,,,,,,DEF
121867-103694,RB,Ray,Ray Davis,Davis,2.050000031789144,6,4600,BUF@CAR,BUF,CAR,,,,,,RB/FLEX
121867-133478,WR,Arian,Arian Smith,Smith,0.6500000158945719,6,4600,NYJ@CIN,NYJ,CIN,,,,,,WR/FLEX
121867-71031,WR,Lil'Jordan,Lil'Jordan Humphrey,Humphrey,3.75,2,4600,NYG@PHI,NYG,PHI,,,,,,WR/FLEX
121867-27050,WR,Tyler,Tyler Lockett,Lockett,1.7142857142857142,7,4600,TEN@IND,TEN,IND,,,,,,WR/FLEX
121867-25267,WR,Mack,Mack Hollins,Hollins,4.966666539510091,6,4600,CLE@NE,NE,CLE,,,,,,WR/FLEX
121867-138037,WR,Roman,Roman Wilson,Wilson,1.8666666348775227,3,4600,GB@PIT,PIT,GB,,,,,,WR/FLEX
121867-29501,WR,Brandin,Brandin Cooks,Cooks,2.8142858232770647,7,4600,TB@NO,NO,TB,,,,,,WR/FLEX
121867-93107,RB,A.J.,A.J. Dillon,Dillon,1.3600000381469726,5,4600,NYG@PHI,PHI,NYG,,,,,,RB/FLEX
121867-91101,TE,Tommy,Tommy Tremble,Tremble,3.8714286259242465,7,4600,BUF@CAR,CAR,BUF,,,,,,TE/FLEX
121867-64585,TE,Dawson,Dawson Knox,Knox,3.3599998474121096,5,4500,BUF@CAR,BUF,CAR,,,,,,TE/FLEX
121867-158983,TE,Ja'Tavion,Ja'Tavion Sanders,Sanders,3.674999952316284,4,4500,BUF@CAR,CAR,BUF,,,,,,TE/FLEX
121867-12551,D,Tampa Bay,Tampa Bay Buccaneers,Buccaneers,6.142857142857143,7,4500,TB@NO,TB,NO,,,,,,DEF
121867-90533,RB,Jerome,Jerome Ford,Ford,3.5714285714285716,7,4500,CLE@NE,CLE,NE,,,,,,RB/FLEX
121867-112037,WR,Casey,Casey Washington,Washington,2.3499999046325684,4,4500,MIA@ATL,ATL,MIA,,,,,,WR/FLEX
121867-152007,WR,Jaylin,Jaylin Noel,Noel,3.5166667302449546,6,4500,SF@HOU,HOU,SF,,,,,,WR/FLEX
121867-90583,WR,Tyrell,Tyrell Shavers,Shavers,1.899999976158142,4,4500,BUF@CAR,BUF,CAR,,,,,,WR/FLEX
121867-112192,WR,Jonathan,Jonathan Mingo,Mingo,1.6928571973528181,14,4500,DAL@DEN,DAL,DEN,,,,,,WR/FLEX
121867-63050,RB,Ty,Ty Johnson,Johnson,1.4499999682108562,6,4500,BUF@CAR,BUF,CAR,,,,,,RB/FLEX
121867-152148,TE,Gunnar,Gunnar Helm,Helm,3.3428570883614674,7,4500,TEN@IND,TEN,IND,,,,,,TE/FLEX
121867-157438,WR,Jimmy,Jimmy Horn Jr.,Horn Jr.,3.933333396911621,3,4500,BUF@CAR,CAR,BUF,,,,,,WR/FLEX
121867-120642,WR,Savion,Savion Williams,Williams,1.1666666666666667,6,4500,GB@PIT,GB,PIT,,,,,,WR/FLEX
121867-64389,WR,Nick,Nick Westbrook-Ikhine,Westbrook-Ikhine,1.5399999618530273,5,4500,MIA@ATL,MIA,ATL,,,,,,WR/FLEX
121867-70603,RB,Devin,Devin Singletary,Singletary,1.3428570883614677,7,4500,NYG@PHI,NYG,PHI,,,,,,RB/FLEX
121867-152520,RB,Will,Will Shipley,Shipley,0.9399999618530274,5,4500,NYG@PHI,PHI,NYG,,,,,,RB/FLEX
121867-61555,WR,David,David Sills V,Sills V,1.399999976158142,1,4400,MIA@ATL,ATL,MIA,,,,,,WR/FLEX
121867-28827,RB,Dare,Dare Ogunbowale,Ogunbowale,0.800000011920929,2,4400,SF@HOU,HOU,SF,,,,,,RB/FLEX
121867-130270,TE,Adam,Adam Trautman,Trautman,3.825000047683716,4,4400,DAL@DEN,DEN,DAL,,,,,,TE/FLEX
121867-12531,D,Denver,Denver Broncos,Broncos,8.285714285714286,7,4400,DAL@DEN,DEN,DAL,,,,,,DEF
121867-12547,D,Pittsburgh,Pittsburgh Steelers,Steelers,7.5,6,4400,GB@PIT,PIT,GB,,,,,,DEF
121867-85306,WR,KhaDarel,KhaDarel Hodge,Hodge,0,1,4400,MIA@ATL,ATL,MIA,,,,,,WR/FLEX
121867-56711,TE,Drew,Drew Sample,Sample,2.1799999237060548,5,4400,NYJ@CIN,CIN,NYJ,,,,,,TE/FLEX
121867-87515,WR,Tylan,Tylan Wallace,Wallace,2.8499999046325684,4,4400,CHI@BAL,BAL,CHI,,,,,,WR/FLEX
121867-201233,WR,Ryan,Ryan Flournoy,Flournoy,7.474999904632568,4,4400,DAL@DEN,DAL,DEN,,,,,,WR/FLEX
121867-27229,RB,Ameer,Ameer Abdullah,Abdullah,3.9666665395100913,3,4400,TEN@IND,IND,TEN,,,,,,RB/FLEX
121867-200291,TE,Jackson,Jackson Hawes,Hawes,3.3499999046325684,4,4400,BUF@CAR,BUF,CAR,,,,,,TE/FLEX
121867-128693,RB,Tank,Tank Bigsby,Bigsby,0.45000000794728595,6,4400,NYG@PHI,PHI,NYG,,,,,,RB/FLEX
121867-155551,WR,Pat,Pat Bryant,Bryant,1.774999976158142,4,4400,DAL@DEN,DEN,DAL,,,,,,WR/FLEX
121867-137122,RB,Tahj,Tahj Brooks,Brooks,0.8500000238418579,2,4400,NYJ@CIN,CIN,NYJ,,,,,,RB/FLEX
121867-103511,WR,Devaughn,Devaughn Vele,Vele,3.633333206176758,3,4300,TB@NO,NO,TB,,,,,,WR/FLEX
121867-95370,TE,Ryan,Ryan Miller,Miller,2.5999999046325684,4,4300,TB@NO,TB,NO,,,,,,TE/FLEX
121867-152717,WR,Beaux,Beaux Collins,Collins,0.6000000238418579,2,4300,NYG@PHI,NYG,PHI,,,,,,WR/FLEX
121867-40126,TE,Austin,Austin Hooper,Hooper,3.7666667302449546,6,4300,CLE@NE,NE,CLE,,,,,,TE/FLEX
121867-93391,TE,Payne,Payne Durham,Durham,0,1,4300,TB@NO,TB,NO,,,,,,TE/FLEX
121867-12528,D,Cincinnati,Cincinnati Bengals,Bengals,2.857142857142857,7,4300,NYJ@CIN,CIN,NYJ,,,,,,DEF
121867-133477,TE,Darnell,Darnell Washington,Washington,5.224999904632568,4,4300,GB@PIT,PIT,GB,,,,,,TE/FLEX
121867-154124,TE,Mitchell,Mitchell Evans,Evans,4.25,6,4300,BUF@CAR,CAR,BUF,,,,,,TE/FLEX
121867-89644,RB,Isaac,Isaac Guerendo,Guerendo,0,4,4300,SF@HOU,SF,HOU,,,,,,RB/FLEX
121867-104012,WR,Ashton,Ashton Dulin,Dulin,2.0600000381469727,5,4300,TEN@IND,IND,TEN,,,,,,WR/FLEX
121867-172646,RB,Trevor,Trevor Etienne,Etienne,1.0714285714285714,7,4300,BUF@CAR,CAR,BUF,,,,,,RB/FLEX
121867-57986,WR,Hunter,Hunter Renfrow,Renfrow,4.733333269755046,6,4300,BUF@CAR,CAR,BUF,,,,,,WR/FLEX
121867-94887,RB,Tyler,Tyler Badie,Badie,2.4799999237060546,5,4300,DAL@DEN,DEN,DAL,,,,,,RB/FLEX
121867-71351,TE,Charlie,Charlie Woerner,Woerner,0,3,4300,MIA@ATL,ATL,MIA,,,,,,TE/FLEX
121867-103187,RB,Roschon,Roschon Johnson,Johnson,0.8500000238418579,2,4300,CHI@BAL,CHI,BAL,O,Back,,,,RB/FLEX
121867-128913,WR,Malachi,Malachi Corley,Corley,1.899999976158142,2,4300,CLE@NE,CLE,NE,,,,,,WR/FLEX
121867-128912,WR,Mitch,Mitch Tinsley,Tinsley,3.066666603088379,3,4300,NYJ@CIN,CIN,NYJ,,,,,,WR/FLEX
121867-70601,TE,Harrison,Harrison Bryant,Bryant,0.5,2,4300,SF@HOU,HOU,SF,,,,,,TE/FLEX
121867-72705,TE,John,John Bates,Bates,1.2000000476837158,2,4200,WAS@KC,WAS,KC,,,,,,TE/FLEX
121867-170188,TE,Tanner,Tanner Conner,Conner,2.4,5,4200,MIA@ATL,MIA,ATL,,,,,,TE/FLEX
121867-86229,WR,Jahan,Jahan Dotson,Dotson,2.433333396911621,6,4200,NYG@PHI,PHI,NYG,,,,,,WR/FLEX
121867-12533,D,Green Bay,Green Bay Packers,Packers,5,6,4200,GB@PIT,GB,PIT,,,,,,DEF
121867-12556,D,Houston,Houston Texans,Texans,10.166666666666666,6,4200,SF@HOU,HOU,SF,,,,,,DEF
121867-137488,RB,Rasheen,Rasheen Ali,Ali,0.125,4,4200,CHI@BAL,BAL,CHI,,,,,,RB/FLEX
121867-60712,TE,Foster,Foster Moreau,Moreau,1.399999976158142,1,4200,TB@NO,NO,TB,,,,,,TE/FLEX
121867-176467,WR,Jalen,Jalen Royals,Royals,0,1,4200,WAS@KC,KC,WAS,,,,,,WR/FLEX
121867-91488,RB,Chris,Chris Brooks,Brooks,1.1399999618530274,5,4200,GB@PIT,GB,PIT,,,,,,RB/FLEX
121867-112062,WR,Skyy,Skyy Moore,Moore,0.5142857006617955,7,4200,SF@HOU,SF,HOU,,,,,,WR/FLEX
121867-71105,WR,Ben,Ben Skowronek,Skowronek,4.349999904632568,2,4200,GB@PIT,PIT,GB,,,,,,WR/FLEX
121867-91618,TE,John,John FitzPatrick,FitzPatrick,3.3333333333333335,3,4200,GB@PIT,GB,PIT,,,,,,TE/FLEX
121867-102882,WR,Anthony,Anthony Gould,Gould,0.13333333532015482,6,4200,TEN@IND,IND,TEN,,,,,,WR/FLEX
121867-39428,RB,Kyle,Kyle Juszczyk,Juszczyk,3.2428572518484935,7,4200,SF@HOU,SF,HOU,,,,,,RB/FLEX
121867-185863,RB,Hunter,Hunter Luepke,Luepke,2.6500000953674316,4,4200,DAL@DEN,DAL,DEN,,,,,,RB/FLEX
121867-152103,RB,Jaylen,Jaylen Wright,Wright,1.9384615971491888,13,4200,MIA@ATL,MIA,ATL,,,,,,RB/FLEX
121867-155293,RB,DJ,DJ Giddens,Giddens,1.649999976158142,4,4200,TEN@IND,IND,TEN,,,,,,RB/FLEX
121867-88752,WR,Charlie,Charlie Jones,Jones,0,6,4200,NYJ@CIN,CIN,NYJ,,,,,,WR/FLEX
121867-65231,RB,Adam,Adam Prentice,Prentice,0.48000001907348633,5,4200,DAL@DEN,DEN,DAL,,,,,,RB/FLEX
121867-72412,RB,Khalil,Khalil Herbert,Herbert,0,1,4200,NYJ@CIN,NYJ,CIN,,,,,,RB/FLEX
121867-87815,TE,Jeremy,Jeremy Ruckert,Ruckert,3.4400001525878907,5,4200,NYJ@CIN,NYJ,CIN,,,,,,TE/FLEX
121867-55088,WR,Malik,Malik Turner,Turner,0,1,4200,SF@HOU,SF,HOU,,,,,,WR/FLEX
121867-156527,WR,Devontez,Devontez Walker,Walker,9.75,2,4200,CHI@BAL,BAL,CHI,,,,,,WR/FLEX
121867-157609,WR,Gage,Gage Larvadain,Larvadain,1.0666666825612385,3,4200,CLE@NE,CLE,NE,,,,,,WR/FLEX
121867-24533,TE,Mo,Mo Alie-Cox,Alie-Cox,1.75,4,4200,TEN@IND,IND,TEN,,,,,,TE/FLEX
121867-70661,WR,Velus,Velus Jones Jr.,Jones Jr.,0,3,4100,TB@NO,NO,TB,,,,,,WR/FLEX
121867-137265,TE,Ben,Ben Sinnott,Sinnott,1.2000000476837158,1,4100,WAS@KC,WAS,KC,,,,,,TE/FLEX
121867-42046,TE,Durham,Durham Smythe,Smythe,0.7538461685180664,13,4100,CHI@BAL,CHI,BAL,,,,,,TE/FLEX
121867-170184,RB,Julius,Julius Chestnut,Chestnut,0.7749999761581421,4,4100,TEN@IND,TEN,IND,,,,,,RB/FLEX
121867-63717,RB,Alec,Alec Ingold,Ingold,1.475000023841858,4,4100,MIA@ATL,MIA,ATL,,,,,,RB/FLEX
121867-12525,D,Atlanta,Atlanta Falcons,Falcons,7,6,4100,MIA@ATL,ATL,MIA,,,,,,DEF
121867-91417,TE,Luke,Luke Schoonmaker,Schoonmaker,0.8166666825612386,6,4100,DAL@DEN,DAL,DEN,,,,,,TE/FLEX
121867-102696,WR,John,John Metchie III,Metchie III,0.949999988079071,4,4100,NYG@PHI,PHI,NYG,,,,,,WR/FLEX
121867-92479,TE,David,David Martin-Robinson,Martin-Robinson,6.599999904632568,1,4100,TEN@IND,TEN,IND,,,,,,TE/FLEX
121867-136538,WR,Kyle,Kyle Williams,Williams,0.5599999904632569,5,4100,CLE@NE,NE,CLE,,,,,,WR/FLEX
121867-154971,RB,Devin,Devin Neal,Neal,0.5,2,4100,TB@NO,NO,TB,,,,,,RB/FLEX
121867-71032,WR,Devin,Devin Duvernay,Duvernay,0,6,4100,CHI@BAL,CHI,BAL,,,,,,WR/FLEX
121867-64905,WR,Trenton,Trenton Irwin,Irwin,0.5,6,4100,NYJ@CIN,NYJ,CIN,,,,,,WR/FLEX
121867-73176,TE,Luke,Luke Farrell,Farrell,2.2166666984558105,6,4100,SF@HOU,SF,HOU,,,,,,TE/FLEX
121867-80353,TE,Robert,Robert Tonyan,Tonyan,,0,4100,WAS@KC,KC,WAS,,,,,,TE/FLEX
121867-185850,TE,Julian,Julian Hill,Hill,2.449999968210856,6,4100,MIA@ATL,MIA,ATL,O,Ankle,,,,TE/FLEX
121867-89627,WR,Brycen,Brycen Tremayne,Tremayne,3.825000047683716,4,4100,BUF@CAR,CAR,BUF,,,,,,WR/FLEX
121867-138786,WR,Malik,Malik Heath,Heath,2.799999952316284,2,4100,GB@PIT,GB,PIT,,,,,,WR/FLEX
121867-113228,TE,Luke,Luke Musgrave,Musgrave,1.850000023841858,4,4100,GB@PIT,GB,PIT,,,,,,TE/FLEX
121867-87634,TE,Blake,Blake Whiteheart,Whiteheart,0.4666666587193807,3,4100,CLE@NE,CLE,NE,,,,,,TE/FLEX
121867-147051,RB,Jaleel,Jaleel McLaughlin,McLaughlin,0,1,4100,DAL@DEN,DEN,DAL,,,,,,RB/FLEX
121867-85635,TE,Charlie,Charlie Kolar,Kolar,1.566666603088379,3,4100,CHI@BAL,BAL,CHI,,,,,,TE/FLEX
121867-86682,TE,Grant,Grant Calcaterra,Calcaterra,2,3,4100,NYG@PHI,PHI,NYG,,,,,,TE/FLEX
121867-56059,WR,Trent,Trent Sherfield Sr.,Sherfield Sr.,1.1999999682108562,3,4100,DAL@DEN,DEN,DAL,,,,,,WR/FLEX
121867-69451,TE,Jack,Jack Stoll,Stoll,3.433333396911621,3,4100,TB@NO,NO,TB,,,,,,TE/FLEX
121867-85842,TE,Brevyn,Brevyn Spann-Ford,Spann-Ford,0.5,3,4100,DAL@DEN,DAL,DEN,,,,,,TE/FLEX
121867-94087,RB,DeeJay,DeeJay Dallas,Dallas,0,2,4100,BUF@CAR,CAR,BUF,,,,,,RB/FLEX
121867-168916,RB,Kaleb,Kaleb Johnson,Johnson,0.4000000059604645,4,4100,GB@PIT,PIT,GB,,,,,,RB/FLEX
121867-85986,TE,James,James Mitchell,Mitchell,2.1500000953674316,2,4100,BUF@CAR,CAR,BUF,,,,,,TE/FLEX
121867-92166,WR,Marcus,Marcus Jones,Jones,1,6,4000,CLE@NE,NE,CLE,,,,,,WR/FLEX
121867-96269,RB,Owen,Owen Wright,Wright,,0,4000,TB@NO,TB,NO,,,,,,RB/FLEX
121867-226319,WR,Junior,Junior Bergen,Bergen,,0,4000,SF@HOU,SF,HOU,,,,,,WR/FLEX
121867-111637,TE,Cade,Cade Stover,Stover,4.199999809265137,1,4000,SF@HOU,HOU,SF,IR,Foot,,,,TE/FLEX
121867-139284,RB,Frank,Frank Gore Jr.,Gore Jr.,,0,4000,BUF@CAR,BUF,CAR,,,,,,RB/FLEX
121867-110617,WR,Isaiah,Isaiah Neyor,Neyor,,0,4000,GB@PIT,GB,PIT,,,,,,WR/FLEX
121867-110616,TE,Treyton,Treyton Welch,Welch,,0,4000,TB@NO,NO,TB,,,,,,TE/FLEX
121867-152603,RB,Anthony,Anthony Tyus III,Tyus III,,0,4000,BUF@CAR,CAR,BUF,,,,,,RB/FLEX
121867-86047,RB,Malik,Malik Davis,Davis,,0,4000,DAL@DEN,DAL,DEN,,,,,,RB/FLEX
121867-137254,RB,Deuce,Deuce Vaughn,Vaughn,1.7166666984558105,6,4000,DAL@DEN,DEN,DAL,,,,,,RB/FLEX
121867-138277,WR,Jalen,Jalen Brooks,Brooks,2.284615443303035,13,4000,DAL@DEN,DAL,DEN,Q,Knee,,,,WR/FLEX
121867-154661,WR,Michael,Michael Bandy,Bandy,,0,4000,DAL@DEN,DEN,DAL,,,,,,WR/FLEX
121867-88109,RB,Gary,Gary Brightwell,Brightwell,0,1,4000,NYJ@CIN,CIN,NYJ,,,,,,RB/FLEX
121867-152631,WR,Samori,Samori Toure,Toure,,0,4000,DAL@DEN,DEN,DAL,,,,,,WR/FLEX
121867-152628,TE,Thomas,Thomas Fidone II,Fidone II,,0,4000,NYG@PHI,NYG,PHI,,,,,,TE/FLEX
121867-129081,RB,Ahmani,Ahmani Marshall,Marshall,,0,4000,CLE@NE,CLE,NE,,,,,,RB/FLEX
121867-86075,TE,Lucas,Lucas Krull,Krull,1.25,2,4000,DAL@DEN,DEN,DAL,IR,Foot,,,,TE/FLEX
121867-87109,WR,Bryce,Bryce Oliver,Oliver,1.2999999523162842,1,4000,TEN@IND,TEN,IND,O,Knee,,,,WR/FLEX
121867-174148,RB,Carlos,Carlos Washington Jr.,Washington Jr.,,0,4000,MIA@ATL,ATL,MIA,,,,,,RB/FLEX
121867-165962,TE,Nikola,Nikola Kalinic,Kalinic,,0,4000,CHI@BAL,CHI,BAL,,,,,,TE/FLEX
121867-72776,RB,Alexander,Alexander Mattison,Mattison,7.96000010172526,15,4000,MIA@ATL,MIA,ATL,IR,Neck,,,,RB/FLEX
121867-170056,WR,Dee,Dee Williams,Williams,-0.5,12,4000,CLE@NE,CLE,NE,,,,,,WR/FLEX
121867-87117,TE,Brenden,Brenden Bates,Bates,3.299999952316284,1,4000,SF@HOU,HOU,SF,,,,,,TE/FLEX
121867-65627,WR,Maurice,Maurice Alexander,Alexander,0,1,4000,CHI@BAL,CHI,BAL,,,,,,WR/FLEX
121867-42077,TE,James,James Winchester,Winchester,0,2,4000,WAS@KC,KC,WAS,,,,,,TE/FLEX
121867-86113,WR,Ihmir,Ihmir Smith-Marsette,Smith-Marsette,0.4,15,4000,NYG@PHI,NYG,PHI,,,,,,WR/FLEX
121867-89185,TE,Ben,Ben Sims,Sims,1.2399999618530273,5,4000,GB@PIT,GB,PIT,,,,,,TE/FLEX
121867-114787,RB,Terrell,Terrell Jennings,Jennings,1.7999999523162842,1,4000,CLE@NE,NE,CLE,,,,,,RB/FLEX
121867-169067,TE,Bryce,Bryce Pierre,Pierre,,0,4000,BUF@CAR,CAR,BUF,,,,,,TE/FLEX
121867-79979,WR,Jamal,Jamal Agnew,Agnew,0,4,4000,MIA@ATL,ATL,MIA,,,,,,WR/FLEX
121867-68714,TE,Ko,Ko Kieft,Kieft,0,1,4000,TB@NO,TB,NO,IR,Leg,,,,TE/FLEX
121867-86125,WR,Brandon,Brandon Smith,Smith,,0,4000,NYJ@CIN,NYJ,CIN,,,,,,WR/FLEX
121867-79987,WR,David,David Moore,Moore,0.7333333492279053,3,4000,BUF@CAR,CAR,BUF,IR,Elbow,,,,WR/FLEX
121867-158836,RB,Lucas,Lucas Scott,Scott,,0,4000,CHI@BAL,BAL,CHI,,,,,,RB/FLEX
121867-46200,TE,Daniel,Daniel Brunskill,Brunskill,0,1,4000,MIA@ATL,MIA,ATL,,,,,,TE/FLEX
121867-129147,WR,John,John Saunders Jr.,Saunders Jr.,,0,4000,MIA@ATL,MIA,ATL,,,,,,WR/FLEX
121867-68730,TE,Sean,Sean McKeon,McKeon,,0,4000,TEN@IND,IND,TEN,,,,,,TE/FLEX
121867-80001,RB,Austin,Austin Ekeler,Ekeler,5.300000190734863,2,4000,WAS@KC,WAS,KC,IR,Achilles,,,,RB/FLEX
121867-104577,WR,Gunner,Gunner Olszewski,Olszewski,0,7,4000,NYG@PHI,NYG,PHI,,,,,,WR/FLEX
121867-110721,WR,Dayton,Dayton Wade,Wade,,0,4000,CHI@BAL,BAL,CHI,IR,Ribs,,,,WR/FLEX
121867-83081,RB,Chase,Chase Edmonds,Edmonds,,0,4000,WAS@KC,WAS,KC,,,,,,RB/FLEX
121867-83083,WR,Justin,Justin Watson,Watson,2.25,2,4000,SF@HOU,HOU,SF,IR,Achilles,,,,WR/FLEX
121867-143509,TE,Caleb,Caleb Lohner,Lohner,,0,4000,DAL@DEN,DEN,DAL,,,,,,TE/FLEX
121867-54426,TE,Andrew,Andrew Beck,Beck,3.8499999046325684,2,4000,NYJ@CIN,NYJ,CIN,,,,,,TE/FLEX
121867-63646,TE,Lawrence,Lawrence Cager,Cager,,0,4000,WAS@KC,WAS,KC,,,,,,TE/FLEX
121867-135325,TE,Rivaldo,Rivaldo Fairweather,Fairweather,,0,4000,DAL@DEN,DAL,DEN,,,,,,TE/FLEX
121867-62628,WR,DeAndre,DeAndre Carter,Carter,0,4,4000,CLE@NE,CLE,NE,IR,Knee,,,,WR/FLEX
121867-71845,RB,Miles,Miles Sanders,Sanders,5.675000190734863,4,4000,DAL@DEN,DAL,DEN,IR,Knee,,,,RB/FLEX
121867-83117,TE,Tanner,Tanner Hudson,Hudson,9,1,4000,NYJ@CIN,CIN,NYJ,,,,,,TE/FLEX
121867-201903,WR,Coleman,Coleman Owen,Owen,,0,4000,TEN@IND,IND,TEN,,,,,,WR/FLEX
121867-105648,RB,Tyler,Tyler Goodson,Goodson,0.550000011920929,2,4000,TEN@IND,IND,TEN,,,,,,RB/FLEX
121867-52409,RB,Jakob,Jakob Johnson,Johnson,,0,4000,SF@HOU,HOU,SF,IR,Hamstring,,,,RB/FLEX
121867-151737,TE,E.J.,E.J. Jenkins,Jenkins,2.3999999364217124,3,4000,NYG@PHI,PHI,NYG,,,,,,TE/FLEX
121867-65724,RB,JaMycal,JaMycal Hasty,Hasty,2.1636362942782315,11,4000,MIA@ATL,MIA,ATL,,,,,,RB/FLEX
121867-131266,RB,Lan,Lan Larison,Larison,,0,4000,CLE@NE,NE,CLE,IR,Foot,,,,RB/FLEX
121867-112850,RB,Michael,Michael Wiley,Wiley,,0,4000,TB@NO,TB,NO,,,,,,RB/FLEX
121867-151761,WR,Malik,Malik Nabers,Nabers,12.774999618530273,4,4000,NYG@PHI,NYG,PHI,IR,Knee - acl,,,,WR/FLEX
121867-95455,WR,D.J.,D.J. Montgomery,Montgomery,,0,4000,TEN@IND,IND,TEN,IR,Undisclosed,,,,WR/FLEX
121867-130275,WR,Kristian,Kristian Wilkerson,Wilkerson,8.800000190734863,1,4000,BUF@CAR,BUF,CAR,,,,,,WR/FLEX
121867-170208,WR,Kaden,Kaden Davis,Davis,0,1,4000,CLE@NE,CLE,NE,,,,,,WR/FLEX
121867-169185,WR,Jamaal,Jamaal Pritchett,Pritchett,,0,4000,NYJ@CIN,NYJ,CIN,,,,,,WR/FLEX
121867-170214,WR,Dennis,Dennis Houston,Houston,,0,4000,TB@NO,TB,NO,,,,,,WR/FLEX
121867-130276,WR,Mason,Mason Kinsey,Kinsey,0.5400000095367432,5,4000,TEN@IND,TEN,IND,,,,,,WR/FLEX
121867-86255,TE,Josh,Josh Whyle,Whyle,3.11999994913737,15,4000,GB@PIT,GB,PIT,,,,,,TE/FLEX
121867-110834,WR,Tahj,Tahj Washington,Washington,,0,4000,MIA@ATL,MIA,ATL,,,,,,WR/FLEX
121867-92413,RB,Elijah,Elijah Mitchell,Mitchell,,0,4000,WAS@KC,KC,WAS,,,,,,RB/FLEX
121867-151806,RB,Raheim,Raheim Sanders,Sanders,6.300000190734863,1,4000,CLE@NE,CLE,NE,,,,,,RB/FLEX
121867-61693,TE,Danny,Danny Pinter,Pinter,0,1,4000,TEN@IND,IND,TEN,,,,,,TE/FLEX
121867-185599,WR,Colton,Colton Dowell,Dowell,,0,4000,CHI@BAL,BAL,CHI,Q,Undisclosed,,,,WR/FLEX
121867-71935,WR,Kendric,Kendric Pryor,Pryor,1.399999976158142,1,4000,NYJ@CIN,CIN,NYJ,,,,,,WR/FLEX
121867-55552,RB,Jeff,Jeff Wilson Jr.,Wilson Jr.,1.1375000476837158,8,4000,MIA@ATL,MIA,ATL,,,,,,RB/FLEX
121867-12549,D,San Francisco,San Francisco 49ers,49ers,5,7,4000,SF@HOU,SF,HOU,,,,,,DEF
121867-91401,WR,Ronnie,Ronnie Bell,Bell,0.6400000095367432,5,4000,TB@NO,NO,TB,,,,,,WR/FLEX
121867-52495,WR,Braxton,Braxton Berrios,Berrios,0.4000000059604645,1,4000,SF@HOU,HOU,SF,,,,,,WR/FLEX
121867-94481,WR,Deven,Deven Thompkins,Thompkins,0,1,4000,MIA@ATL,ATL,MIA,,,,,,WR/FLEX
121867-174355,WR,Jeremiah,Jeremiah Webb,Webb,,0,4000,CLE@NE,NE,CLE,,,,,,WR/FLEX
121867-71957,WR,Quintez,Quintez Cephus,Cephus,,0,4000,SF@HOU,HOU,SF,,,,,,WR/FLEX
121867-110868,RB,Josh,Josh Williams,Williams,0,1,4000,TB@NO,TB,NO,,,,,,RB/FLEX
121867-157975,TE,Keleki,Keleki Latu,Latu,,0,4000,BUF@CAR,BUF,CAR,,,,,,TE/FLEX
121867-129302,WR,Stephen,Stephen Gosnell,Gosnell,,0,4000,BUF@CAR,BUF,CAR,,,,,,WR/FLEX
121867-64827,WR,Miles,Miles Boykin,Boykin,,0,4000,CHI@BAL,CHI,BAL,,,,,,WR/FLEX
121867-91481,WR,Nikko,Nikko Remigio,Remigio,0.528571435383388,7,4000,WAS@KC,KC,WAS,,,,,,WR/FLEX
121867-137567,TE,Jalin,Jalin Conyers,Conyers,,0,4000,MIA@ATL,MIA,ATL,IR,Leg,,,,TE/FLEX
121867-93540,RB,British,British Brooks,Brooks,1.5,1,4000,SF@HOU,HOU,SF,,,,,,RB/FLEX
121867-153957,TE,Zaire,Zaire Mitchell-Paden,Mitchell-Paden,0.4000000059604645,2,4000,TB@NO,NO,TB,,,,,,TE/FLEX
121867-151914,TE,Moliki,Moliki Matavao,Matavao,,0,4000,TB@NO,NO,TB,,,,,,TE/FLEX
121867-63851,TE,Tyree,Tyree Jackson,Jackson,,0,4000,WAS@KC,WAS,KC,IR,Undisclosed,,,,TE/FLEX
121867-89455,WR,Jayden,Jayden Reed,Reed,12,1,4000,GB@PIT,GB,PIT,IR,Collarbone,,,,WR/FLEX
121867-133484,WR,Jermaine,Jermaine Burton,Burton,1.587499976158142,8,4000,NYJ@CIN,CIN,NYJ,,,,,,WR/FLEX
121867-90480,TE,Joel,Joel Wilson,Wilson,,0,4000,TEN@IND,TEN,IND,,,,,,TE/FLEX
121867-90483,TE,Bernhard,Bernhard Raimann,Raimann,0,2,4000,TEN@IND,IND,TEN,,,,,,TE/FLEX
121867-56698,WR,Dante,Dante Pettis,Pettis,3.25,8,4000,TB@NO,NO,TB,,,,,,WR/FLEX
121867-92545,RB,Keaontay,Keaontay Ingram,Ingram,0,1,4000,WAS@KC,KC,WAS,IR,Undisclosed,,,,RB/FLEX
121867-185728,TE,Patrick,Patrick Murtagh,Murtagh,,0,4000,DAL@DEN,DEN,DAL,,,,,,TE/FLEX
121867-114054,WR,Dalen,Dalen Cambre,Cambre,,0,4000,NYG@PHI,NYG,PHI,,,,,,WR/FLEX
121867-87432,WR,Cedric,Cedric Tillman,Tillman,7.025000095367432,4,4000,CLE@NE,CLE,NE,IR,Hamstring,,,,WR/FLEX
121867-94600,WR,John,John Stephens Jr.,Stephens Jr.,,0,4000,DAL@DEN,DAL,DEN,IR,Undisclosed,,,,WR/FLEX
121867-183693,WR,Da'Quan,Da'Quan Felton,Felton,,0,4000,NYG@PHI,NYG,PHI,IR,Undisclosed,,,,WR/FLEX
121867-138643,WR,Jason,Jason Brownlee,Brownlee,0,1,4000,WAS@KC,KC,WAS,,,,,,WR/FLEX
121867-87442,TE,Princeton,Princeton Fant,Fant,0,2,4000,DAL@DEN,DAL,DEN,,,,,,TE/FLEX
121867-43416,WR,Trent,Trent Taylor,Taylor,1.600000023841858,1,4000,SF@HOU,SF,HOU,IR,Undisclosed,,,,WR/FLEX
121867-90522,TE,Cameron,Cameron Latu,Latu,,0,4000,NYG@PHI,PHI,NYG,,,,,,TE/FLEX
121867-138649,WR,LaJohntay,LaJohntay Wester,Wester,0,5,4000,CHI@BAL,BAL,CHI,,,,,,WR/FLEX
121867-114079,TE,Hayden,Hayden Rucci,Rucci,,0,4000,MIA@ATL,MIA,ATL,,,,,,TE/FLEX
121867-93600,WR,Bryce,Bryce Ford-Wheaton,Ford-Wheaton,0,1,4000,NYG@PHI,NYG,PHI,IR,Achilles,,,,WR/FLEX
121867-103844,WR,Nick,Nick Nash,Nash,,0,4000,MIA@ATL,ATL,MIA,,,,,,WR/FLEX
121867-112041,WR,Isaiah,Isaiah Williams,Williams,-0.5,4,4000,NYJ@CIN,NYJ,CIN,,,,,,WR/FLEX
121867-80299,RB,Patrick,Patrick Ricard,Ricard,2.616666634877523,6,4000,CHI@BAL,BAL,CHI,,,,,,RB/FLEX
121867-87469,TE,Jelani,Jelani Woods,Woods,,0,4000,NYJ@CIN,NYJ,CIN,,,,,,TE/FLEX
121867-92590,RB,Raheem,Raheem Blackshear,Blackshear,0.5333333333333333,15,4000,GB@PIT,PIT,GB,,,,,,RB/FLEX
121867-53681,WR,Tyreek,Tyreek Hill,Hill,11.5,4,4000,MIA@ATL,MIA,ATL,IR,Knee - acl,,,,WR/FLEX
121867-133558,WR,Luke,Luke Floriea,Floriea,,0,4000,CLE@NE,CLE,NE,,,,,,WR/FLEX
121867-114109,WR,Ainias,Ainias Smith,Smith,2.839999961853027,5,4000,BUF@CAR,CAR,BUF,,,,,,WR/FLEX
121867-92606,WR,Bo,Bo Melton,Melton,0.10000000397364299,3,4000,GB@PIT,GB,PIT,,,,,,WR/FLEX
121867-206276,WR,Jaden,Jaden Smith,Smith,,0,4000,TB@NO,TB,NO,IR,Undisclosed,,,,WR/FLEX
121867-26057,RB,Michael,Michael Burton,Burton,2.209090839732777,11,4000,DAL@DEN,DEN,DAL,IR,Hamstring,,,,RB/FLEX
121867-152014,WR,JP,JP Richardson,Richardson,,0,4000,CHI@BAL,CHI,BAL,,,,,,WR/FLEX
121867-109007,WR,Josh,Josh Kelly,Kelly,,0,4000,SF@HOU,HOU,SF,,,,,,WR/FLEX
121867-109008,WR,Jalen,Jalen Cropper,Cropper,0,2,4000,DAL@DEN,DAL,DEN,,,,,,WR/FLEX
121867-54746,TE,Tyler,Tyler Ott,Ott,0,1,4000,WAS@KC,WAS,KC,,,,,,TE/FLEX
121867-14820,RB,Nick,Nick Bellore,Bellore,0,1,4000,WAS@KC,WAS,KC,,,,,,RB/FLEX
121867-112101,WR,Jared,Jared Wayne,Wayne,0,1,4000,SF@HOU,HOU,SF,,,,,,WR/FLEX
121867-71143,TE,Kylen,Kylen Granson,Granson,0.800000011920929,2,4000,NYG@PHI,PHI,NYG,,,,,,TE/FLEX
121867-193004,WR,Jahdae,Jahdae Walker,Walker,,0,4000,CHI@BAL,CHI,BAL,,,,,,WR/FLEX
121867-102902,WR,Trey,Trey Palmer,Palmer,2.085714340209961,14,4000,TB@NO,NO,TB,IR,Ankle,,,,WR/FLEX
121867-113160,WR,Jakobie,Jakobie Keeney-James,Keeney-James,,0,4000,GB@PIT,GB,PIT,,,,,,WR/FLEX
121867-128535,TE,Maximilian,Maximilian Mang,Mang,,0,4000,TEN@IND,IND,TEN,,,,,,TE/FLEX
121867-129560,WR,Xavier,Xavier Restrepo,Restrepo,,0,4000,TEN@IND,TEN,IND,,,,,,WR/FLEX
121867-73247,RB,Kene,Kene Nwangwu,Nwangwu,0,3,4000,NYJ@CIN,NYJ,CIN,O,Concussion,,,,RB/FLEX
121867-103966,TE,Stone,Stone Smartt,Smartt,3.828571319580078,7,4000,NYJ@CIN,NYJ,CIN,O,Quadriceps,,,,TE/FLEX
121867-185889,TE,Tanner,Tanner Taula,Taula,,0,4000,TB@NO,TB,NO,,,,,,TE/FLEX
121867-226859,WR,Darius,Darius Cooper,Cooper,,0,4000,NYG@PHI,PHI,NYG,Q,Shoulder,,,,WR/FLEX
121867-201260,WR,Mason,Mason Tipton,Tipton,0,2,4000,TB@NO,NO,TB,,,,,,WR/FLEX
121867-160306,RB,Pierre,Pierre Strong Jr.,Strong Jr.,2.3500000635782876,12,4000,GB@PIT,GB,PIT,,,,,,RB/FLEX
121867-60981,TE,Charlie,Charlie Heck,Heck,,0,4000,TB@NO,TB,NO,,,,,,TE/FLEX
121867-173626,TE,Nate,Nate Adkins,Adkins,3.450000047683716,4,4000,DAL@DEN,DEN,DAL,,,,,,TE/FLEX
121867-226875,WR,Ja'seem,Ja'seem Reed,Reed,,0,4000,BUF@CAR,CAR,BUF,,,,,,WR/FLEX
121867-173631,RB,Dante,Dante Miller,Miller,,0,4000,NYG@PHI,NYG,PHI,,,,,,RB/FLEX
121867-87621,WR,A.T.,A.T. Perry,Perry,,0,4000,DAL@DEN,DEN,DAL,,,,,,WR/FLEX
121867-104008,TE,Stephen,Stephen Carlson,Carlson,,0,4000,CHI@BAL,CHI,BAL,,,,,,TE/FLEX
121867-54863,WR,C.J.,C.J. Goodwin,Goodwin,0,4,4000,DAL@DEN,DAL,DEN,,,,,,WR/FLEX
121867-104019,TE,Matt,Matt Orzech,Orzech,0,2,4000,GB@PIT,GB,PIT,,,,,,TE/FLEX
121867-18009,TE,Chris,Chris Manhertz,Manhertz,0.6000000238418579,2,4000,NYG@PHI,NYG,PHI,,,,,,TE/FLEX
121867-138854,WR,Ke'Shawn,Ke'Shawn Williams,Williams,0,2,4000,GB@PIT,PIT,GB,,,,,,WR/FLEX
121867-129641,WR,Will,Will Sheppard,Sheppard,,0,4000,GB@PIT,GB,PIT,,,,,,WR/FLEX
121867-147049,TE,Drew,Drew Ogletree,Ogletree,1.9454545107754795,11,4000,TEN@IND,IND,TEN,,,,,,TE/FLEX
121867-131694,TE,Luke,Luke Lachey,Lachey,,0,4000,SF@HOU,HOU,SF,,,,,,TE/FLEX
121867-206447,RB,Max,Max Hurleman,Hurleman,,0,4000,GB@PIT,PIT,GB,,,,,,RB/FLEX
121867-94831,RB,Deneric,Deneric Prince,Prince,,0,4000,CLE@NE,NE,CLE,IR,Undisclosed,,,,RB/FLEX
121867-86646,RB,Trey,Trey Sermon,Sermon,0,1,4000,GB@PIT,PIT,GB,,,,,,RB/FLEX
121867-104054,RB,Sincere,Sincere McCormick,McCormick,6.050000190734863,4,4000,SF@HOU,SF,HOU,,,,,,RB/FLEX
121867-135812,WR,Quentin,Quentin Skinner,Skinner,,0,4000,NYJ@CIN,NYJ,CIN,,,,,,WR/FLEX
121867-87690,TE,Sal,Sal Cannella,Cannella,,0,4000,CLE@NE,CLE,NE,,,,,,TE/FLEX
121867-167561,WR,Juice,Juice Wells Jr.,Wells Jr.,,0,4000,NYG@PHI,NYG,PHI,,,,,,WR/FLEX
121867-94864,RB,Jashaun,Jashaun Corbin,Corbin,,0,4000,CLE@NE,NE,CLE,,,,,,RB/FLEX
121867-64147,WR,Britain,Britain Covey,Covey,1.3800000190734862,5,4000,NYG@PHI,PHI,NYG,,,,,,WR/FLEX
121867-86692,TE,Thomas,Thomas Odukoya,Odukoya,,0,4000,CLE@NE,NE,CLE,,,,,,TE/FLEX
121867-167588,WR,Jacoby,Jacoby Jones,Jones,,0,4000,WAS@KC,WAS,KC,,,,,,WR/FLEX
121867-85672,WR,Terrace,Terrace Marshall,Marshall,1.1199999809265138,5,4000,NYG@PHI,PHI,NYG,,,,,,WR/FLEX
121867-94888,TE,Messiah,Messiah Swinson,Swinson,,0,4000,SF@HOU,SF,HOU,,,,,,TE/FLEX
121867-103083,WR,Theo,Theo Wease Jr.,Wease Jr.,,0,4000,MIA@ATL,MIA,ATL,,,,,,WR/FLEX
121867-152232,WR,Jordan,Jordan Moore,Moore,,0,4000,NYJ@CIN,CIN,NYJ,,,,,,WR/FLEX
121867-87731,WR,Dominique,Dominique Robinson,Robinson,0,1,4000,CHI@BAL,CHI,BAL,,,,,,WR/FLEX
121867-110259,WR,Treylon,Treylon Burks,Burks,1.1,5,4000,WAS@KC,WAS,KC,,,,,,WR/FLEX
121867-52916,WR,Russell,Russell Gage Jr.,Gage Jr.,,0,4000,SF@HOU,SF,HOU,,,,,,WR/FLEX
121867-104117,TE,Joshua,Joshua Simon,Simon,,0,4000,MIA@ATL,ATL,MIA,,,,,,TE/FLEX
121867-69302,TE,Feleipe,Feleipe Franks,Franks,0.20000000298023224,1,4000,MIA@ATL,ATL,MIA,,,,,,TE/FLEX
121867-110274,WR,Bub,Bub Means,Means,5.574999809265137,4,4000,TB@NO,NO,TB,IR,Lower leg,,,,WR/FLEX
121867-193226,TE,Mason,Mason Pline,Pline,,0,4000,TB@NO,NO,TB,IR,Upper body,,,,TE/FLEX
121867-158412,RB,Braelon,Braelon Allen,Allen,3.575000047683716,4,4000,NYJ@CIN,NYJ,CIN,IR,Knee - mcl,,,,RB/FLEX
121867-114382,WR,Cade,Cade McDonald,McDonald,,0,4000,CLE@NE,CLE,NE,Q,Head,,,,WR/FLEX
121867-63186,WR,James,James Proche II,Proche II,0.1777777804268731,9,4000,TEN@IND,TEN,IND,,,,,,WR/FLEX
121867-92882,TE,Connor,Connor Heyward,Heyward,2.25,4,4000,GB@PIT,PIT,GB,,,,,,TE/FLEX
121867-156374,TE,Tre,Tre Watson,Watson,,0,4000,WAS@KC,KC,WAS,,,,,,TE/FLEX
121867-86747,WR,Dylan,Dylan Drummond,Drummond,,0,4000,MIA@ATL,ATL,MIA,,,,,,WR/FLEX
121867-111325,RB,Ulysses,Ulysses Bentley IV,Bentley IV,0,1,4000,TEN@IND,IND,TEN,,,,,,RB/FLEX
121867-147168,WR,Chris,Chris Blair,Blair,1.100000023841858,2,4000,MIA@ATL,ATL,MIA,,,,,,WR/FLEX
121867-104165,RB,Lew,Lew Nichols,Nichols,0,1,4000,GB@PIT,PIT,GB,,,,,,RB/FLEX
121867-86762,TE,Jack,Jack Westover,Westover,0,1,4000,CLE@NE,NE,CLE,,,,,,TE/FLEX
121867-85741,RB,Clyde,Clyde Edwards-Helaire,Edwards-Helaire,2.8333333333333335,3,4000,WAS@KC,KC,WAS,,,,,,RB/FLEX
121867-137966,WR,A.J.,A.J. Henning,Henning,,0,4000,MIA@ATL,MIA,ATL,,,,,,WR/FLEX
121867-131835,WR,Efton,Efton Chism III,Chism III,0,2,4000,CLE@NE,NE,CLE,,,,,,WR/FLEX
121867-86778,TE,Devin,Devin Culp,Culp,3.7666667302449546,3,4000,TB@NO,TB,NO,,,,,,TE/FLEX
121867-86780,RB,Salvon,Salvon Ahmed,Ahmed,,0,4000,TEN@IND,IND,TEN,IR,Ankle,,,,RB/FLEX
121867-156426,RB,Brock,Brock Lampe,Lampe,,0,4000,CLE@NE,NE,CLE,IR,Undisclosed,,,,RB/FLEX
121867-86800,TE,Colson,Colson Yankoff,Yankoff,,0,4000,WAS@KC,WAS,KC,O,Hamstring,,,,TE/FLEX
121867-71444,RB,Travis,Travis Homer,Homer,0.9800000190734863,5,4000,CHI@BAL,CHI,BAL,,,,,,RB/FLEX
121867-103192,TE,Jared,Jared Wiley,Wiley,0.6000000238418579,2,4000,WAS@KC,KC,WAS,,,,,,TE/FLEX
121867-91931,TE,Greg,Greg Dulcich,Dulcich,1.3250000476837158,4,4000,MIA@ATL,MIA,ATL,,,,,,TE/FLEX
121867-70426,RB,Reggie,Reggie Gilliam,Gilliam,0.3499999940395355,2,4000,BUF@CAR,BUF,CAR,,,,,,RB/FLEX
121867-71459,RB,Brittain,Brittain Brown,Brown,,0,4000,CHI@BAL,CHI,BAL,,,,,,RB/FLEX
121867-138028,RB,Kalel,Kalel Mullings,Mullings,,0,4000,TEN@IND,TEN,IND,IR,Ankle,,,,RB/FLEX
121867-90933,RB,Antonio,Antonio Gibson,Gibson,4.44000015258789,5,4000,CLE@NE,NE,CLE,IR,Knee - acl,,,,RB/FLEX
121867-119619,WR,Traeshon,Traeshon Holden,Holden,,0,4000,DAL@DEN,DAL,DEN,,,,,,WR/FLEX
121867-112455,WR,Xavier,Xavier Gipson,Gipson,-1,2,4000,NYG@PHI,PHI,NYG,,,,,,WR/FLEX
121867-58189,TE,Mitchell,Mitchell Fraboni,Fraboni,0,1,4000,DAL@DEN,DEN,DAL,,,,,,TE/FLEX
121867-41806,WR,Laquon,Laquon Treadwell,Treadwell,,0,4000,TEN@IND,IND,TEN,,,,,,WR/FLEX
121867-201553,WR,John,John Jiles,Jiles,,0,4000,CLE@NE,NE,CLE,,,,,,WR/FLEX
121867-91989,RB,Jordan,Jordan Mims,Mims,2.8714286259242465,7,4000,TEN@IND,TEN,IND,,,,,,RB/FLEX
121867-104278,TE,Donald,Donald Parham Jr.,Parham Jr.,,0,4000,GB@PIT,PIT,GB,IR,Achilles,,,,TE/FLEX
121867-61273,WR,Scotty,Scotty Miller,Miller,0.699999988079071,2,4000,GB@PIT,PIT,GB,O,Finger,,,,WR/FLEX
121867-154461,WR,Ja'Corey,Ja'Corey Brooks,Brooks,,0,4000,WAS@KC,WAS,KC,,,,,,WR/FLEX
121867-201564,TE,Cam,Cam Grandy,Grandy,1.100000023841858,1,4000,NYJ@CIN,CIN,NYJ,,,,,,TE/FLEX
121867-93026,TE,Teagan,Teagan Quitoriano,Quitoriano,0,2,4000,MIA@ATL,ATL,MIA,,,,,,TE/FLEX
121867-114530,WR,Jacob,Jacob Cowing,Cowing,0.5799999872843424,15,4000,SF@HOU,SF,HOU,IR,Hamstring,,,,WR/FLEX
121867-114532,RB,Deion,Deion Hankins,Hankins,,0,4000,CHI@BAL,CHI,BAL,IR,Quadriceps,,,,RB/FLEX
121867-156523,RB,Carson,Carson Steele,Steele,1.569230739886944,13,4000,WAS@KC,KC,WAS,,,,,,RB/FLEX
121867-120684,WR,Garrett,Garrett Greene,Greene,,0,4000,TB@NO,TB,NO,,,,,,WR/FLEX
121867-120694,WR,Ja'Lynn,Ja'Lynn Polk,Polk,2.053846212533804,13,4000,TB@NO,NO,TB,IR,Shoulder,,,,WR/FLEX
121867-119672,RB,Kendall,Kendall Milton,Milton,,0,4000,NYJ@CIN,CIN,NYJ,,,,,,RB/FLEX
121867-114557,WR,Cornelius,Cornelius Johnson,Johnson,,0,4000,CHI@BAL,BAL,CHI,,,,,,WR/FLEX
121867-134014,WR,Jordan,Jordan Watkins,Watkins,,0,4000,SF@HOU,SF,HOU,,,,,,WR/FLEX
121867-93055,WR,Isaiah,Isaiah Hodgins,Hodgins,1.100000023841858,2,4000,GB@PIT,PIT,GB,,,,,,WR/FLEX
121867-134023,RB,Keaton,Keaton Mitchell,Mitchell,0.8999999761581421,2,4000,CHI@BAL,BAL,CHI,,,,,,RB/FLEX
121867-103308,RB,Jawhar,Jawhar Jordan,Jordan,,0,4000,SF@HOU,HOU,SF,,,,,,RB/FLEX
121867-94094,TE,Brevin,Brevin Jordan,Jordan,0.8500000238418579,2,4000,SF@HOU,HOU,SF,IR,Knee,,,,TE/FLEX
121867-119697,RB,MarShawn,MarShawn Lloyd,Lloyd,2.299999952316284,1,4000,GB@PIT,GB,PIT,IR,Hamstring,,,,RB/FLEX
121867-64405,WR,Dan,Dan Chisena,Chisena,1.2999999523162842,4,4000,BUF@CAR,CAR,BUF,,,,,,WR/FLEX
121867-92056,TE,Cal,Cal Adomitis,Adomitis,,0,4000,NYG@PHI,PHI,NYG,,,,,,TE/FLEX
121867-114591,TE,William,William Wagner,Wagner,,0,4000,NYJ@CIN,CIN,NYJ,,,,,,TE/FLEX
121867-94116,TE,Will,Will Mallory,Mallory,0.612500011920929,8,4000,TEN@IND,IND,TEN,,,,,,TE/FLEX
121867-119722,WR,Johnny,Johnny Wilson,Wilson,1.2300000190734863,10,4000,NYG@PHI,PHI,NYG,IR,Knee,,,,WR/FLEX
121867-45997,WR,Keith,Keith Kirkwood,Kirkwood,,0,4000,CHI@BAL,BAL,CHI,,,,,,WR/FLEX
121867-91055,WR,Kevin,Kevin Austin Jr.,Austin Jr.,0,1,4000,TB@NO,NO,TB,,,,,,WR/FLEX
121867-175021,RB,Jordan,Jordan James,James,,0,4000,SF@HOU,SF,HOU,,,,,,RB/FLEX
121867-72627,RB,Patrick,Patrick Taylor Jr.,Taylor Jr.,6.259999847412109,5,4000,SF@HOU,SF,HOU,IR,Shoulder,,,,RB/FLEX
121867-119730,WR,Jimmy,Jimmy Holiday,Holiday,,0,4000,WAS@KC,KC,WAS,,,,,,WR/FLEX
121867-56248,WR,Noah,Noah Brown,Brown,2.549999952316284,2,4000,WAS@KC,WAS,KC,IR,Groin,,,,WR/FLEX
121867-138169,TE,Jaheim,Jaheim Bell,Bell,0.75,4,4000,NYG@PHI,PHI,NYG,,,,,,TE/FLEX
121867-56262,WR,Parris,Parris Campbell,Campbell,2.4,5,4000,DAL@DEN,DAL,DEN,,,,,,WR/FLEX
121867-152522,RB,Phil,Phil Mafah,Mafah,,0,4000,DAL@DEN,DAL,DEN,IR,Shoulder,,,,RB/FLEX
121867-56265,TE,Mike,Mike Gesicki,Gesicki,2.0200000762939454,5,4000,NYJ@CIN,CIN,NYJ,IR,Pectoral,,,,TE/FLEX
121867-69581,WR,Cedrick,Cedrick Wilson Jr.,Wilson Jr.,3.630908966064453,11,4000,MIA@ATL,MIA,ATL,,,,,,WR/FLEX
121867-152526,TE,Jake,Jake Briningstool,Briningstool,,0,4000,WAS@KC,KC,WAS,IR,Hamstring,,,,TE/FLEX
121867-73687,WR,Quez,Quez Watkins,Watkins,,0,4000,NYG@PHI,PHI,NYG,Q,Undisclosed,,,,WR/FLEX
121867-152540,TE,CJ,CJ Dippre,Dippre,,0,4000,CLE@NE,NE,CLE,,,,,,TE/FLEX
121867-54239,TE,Matt,Matt Sokol,Sokol,,0,4000,GB@PIT,PIT,GB,,,,,,TE/FLEX
121867-152574,RB,Donovan,Donovan Edwards,Edwards,,0,4000,WAS@KC,WAS,KC,,,,,,RB/FLEX
121867-12529,D,Cleveland,Cleveland Browns,Browns,7,7,3900,CLE@NE,CLE,NE,,,,,,DEF
121867-12527,D,Chicago,Chicago Bears,Bears,8.333333333333334,6,3800,CHI@BAL,CHI,BAL,,,,,,DEF
121867-12552,D,Washington,Washington Commanders,Commanders,5.857142857142857,7,3700,WAS@KC,WAS,KC,,,,,,DEF
121867-12555,D,Baltimore,Baltimore Ravens,Ravens,1.3333333333333333,6,3700,CHI@BAL,BAL,CHI,,,,,,DEF
121867-12539,D,Miami,Miami Dolphins,Dolphins,4.142857142857143,7,3600,MIA@ATL,MIA,ATL,,,,,,DEF
121867-12553,D,Carolina,Carolina Panthers,Panthers,6.285714285714286,7,3500,BUF@CAR,CAR,BUF,,,,,,DEF
121867-12544,D,New York,New York Jets,Jets,3.4285714285714284,7,3400,NYJ@CIN,NYJ,CIN,,,,,,DEF
121867-12543,D,New York,New York Giants,Giants,3.2857142857142856,7,3300,NYG@PHI,NYG,PHI,,,,,,DEF
121867-12534,D,Tennessee,Tennessee Titans,Titans,5.142857142857143,7,3200,TEN@IND,TEN,IND,,,,,,DEF
121867-12530,D,Dallas,Dallas Cowboys,Cowboys,4,7,3100,DAL@DEN,DAL,DEN,,,,,,DEF
121867-12542,D,New Orleans,New Orleans Saints,Saints,5.285714285714286,7,3000,TB@NO,NO,TB,,,,,,DEF