Id,Position,First Name,Nickname,Last Name,FPPG,Played,Salary,Game,Team,Opponent,Injury Indicator,Injury Details,Tier,,,Roster Position
121620-89675,RB,Jonathan,Jonathan Taylor,Taylor,24,6,10000,IND@LAC,IND,LAC,,,,,,RB/FLEX
121620-55050,RB,Christian,Christian McCaffrey,McCaffrey,20.833333333333332,6,9600,ATL@SF,SF,ATL,,,,,,RB/FLEX
121620-129458,WR,Jaxon,Jaxon Smith-Njigba,Smith-Njigba,19.9499994913737,6,9400,HOU@SEA,SEA,HOU,,,,,,WR/FLEX
121620-136855,RB,Bijan,Bijan Robinson,Robinson,24.839999389648437,5,9300,ATL@SF,ATL,SF,,,,,,RB/FLEX
121620-72731,RB,Josh,Josh Jacobs,Jacobs,19.4,5,9200,GB@ARI,GB,ARI,Q,Illness,,,,RB/FLEX
121620-86997,WR,Amon-Ra,Amon-Ra St. Brown,St. Brown,18.349999745686848,6,9100,TB@DET,DET,TB,,,,,,WR/FLEX
121620-85671,WR,Justin,Justin Jefferson,Jefferson,14.360000610351562,5,9000,PHI@MIN,MIN,PHI,,,,,,WR/FLEX
121620-129368,RB,Jahmyr,Jahmyr Gibbs,Gibbs,15.283332824707031,6,8900,TB@DET,DET,TB,,,,,,RB/FLEX
121620-102785,QB,Jayden,Jayden Daniels,Daniels,19.899999618530273,4,8700,WAS@DAL,WAS,DAL,,,,,,QB
121620-64401,RB,Saquon,Saquon Barkley,Barkley,13.283332824707031,6,8700,PHI@MIN,PHI,MIN,,,,,,RB/FLEX
121620-86631,WR,CeeDee,CeeDee Lamb,Lamb,18.100000381469727,2,8600,WAS@DAL,DAL,WAS,,,,,,WR/FLEX
121620-138820,RB,De'Von,De'Von Achane,Achane,18.666666666666668,6,8500,MIA@CLE,MIA,CLE,,,,,,RB/FLEX
121620-69531,QB,Jalen,Jalen Hurts,Hurts,20.896666208902996,6,8400,PHI@MIN,PHI,MIN,,,,,,QB
121620-31716,QB,Dak,Dak Prescott,Prescott,22.09666697184245,6,8300,WAS@DAL,DAL,WAS,,,,,,QB
121620-91419,WR,Nico,Nico Collins,Collins,12.4,5,8200,HOU@SEA,HOU,SEA,,,,,,WR/FLEX
121620-152316,QB,Drake,Drake Maye,Maye,20.896666208902996,6,8200,NE@TEN,NE,TEN,,,,,,QB
121620-41535,QB,Baker,Baker Mayfield,Mayfield,21.56000010172526,6,8100,TB@DET,TB,DET,,,,,,QB
121620-57439,QB,Patrick,Patrick Mahomes,Mahomes,25.29333241780599,6,8000,LV@KC,KC,LV,,,,,,QB
121620-110246,WR,George,George Pickens,Pickens,18.416666666666668,6,8000,WAS@DAL,DAL,WAS,,,,,,WR/FLEX
121620-112745,WR,Drake,Drake London,London,15.139999389648438,5,7900,ATL@SF,ATL,SF,,,,,,WR/FLEX
121620-152113,QB,Caleb,Caleb Williams,Williams,20.79199981689453,5,7900,NO@CHI,CHI,NO,,,,,,QB
121620-120033,WR,Rome,Rome Odunze,Odunze,15.360000610351562,5,7800,NO@CHI,CHI,NO,,,,,,WR/FLEX
121620-69017,QB,Jordan,Jordan Love,Love,18.832000732421875,5,7800,GB@ARI,GB,ARI,,,,,,QB
121620-72297,RB,Rico,Rico Dowdle,Dowdle,14.59999974568685,6,7800,CAR@NYJ,CAR,NYJ,,,,,,RB/FLEX
121620-32384,WR,Mike,Mike Evans,Evans,9,3,7800,TB@DET,TB,DET,Q,Hamstring,,,,WR/FLEX
121620-57403,WR,Courtland,Courtland Sutton,Sutton,12.116666158040365,6,7700,NYG@DEN,DEN,NYG,,,,,,WR/FLEX
121620-38435,QB,Jared,Jared Goff,Goff,18.6999994913737,6,7700,TB@DET,DET,TB,,,,,,QB
121620-137902,RB,Rachaad,Rachaad White,White,10.233333587646484,6,7700,TB@DET,TB,DET,,,,,,RB/FLEX
121620-72846,WR,A.J.,A.J. Brown,Brown,8.15000025431315,6,7600,PHI@MIN,PHI,MIN,,,,,,WR/FLEX
121620-69189,QB,Justin,Justin Herbert,Herbert,19.536666870117188,6,7600,IND@LAC,LAC,IND,,,,,,QB
121620-63519,QB,Daniel,Daniel Jones,Jones,20.613333384195965,6,7500,IND@LAC,IND,LAC,,,,,,QB
121620-152664,RB,Bucky,Bucky Irving,Irving,16.375,4,7500,TB@DET,TB,DET,O,Foot,,,,RB/FLEX
121620-93541,RB,Javonte,Javonte Williams,Williams,17.316666920979817,6,7500,WAS@DAL,DAL,WAS,,,,,,RB/FLEX
121620-111311,WR,Rashee,Rashee Rice,Rice,14.725000381469727,4,7500,LV@KC,KC,LV,,,,,,WR/FLEX
121620-152655,WR,Emeka,Emeka Egbuka,Egbuka,16.5500005086263,6,7400,TB@DET,TB,DET,Q,Hamstring,,,,WR/FLEX
121620-103564,WR,Garrett,Garrett Wilson,Wilson,13.583333333333334,6,7400,CAR@NYJ,NYJ,CAR,NA,Knee,,,,WR/FLEX
121620-169410,RB,Quinshon,Quinshon Judkins,Judkins,12.8,5,7400,MIA@CLE,CLE,MIA,,,,,,RB/FLEX
121620-91591,QB,Justin,Justin Fields,Fields,18.29199981689453,5,7400,CAR@NYJ,NYJ,CAR,,,,,,QB
121620-63589,QB,Sam,Sam Darnold,Darnold,17.93999989827474,6,7300,HOU@SEA,SEA,HOU,,,,,,QB
121620-167031,RB,Ashton,Ashton Jeanty,Jeanty,14.616666158040365,6,7300,LV@KC,LV,KC,,,,,,RB/FLEX
121620-133472,WR,Ladd,Ladd McConkey,McConkey,10.049999872843424,6,7300,IND@LAC,LAC,IND,,,,,,WR/FLEX
121620-151966,QB,Jaxson,Jaxson Dart,Dart,12.204000091552734,5,7300,NYG@DEN,NYG,DEN,,,,,,QB
121620-63484,QB,Kyler,Kyler Murray,Murray,16.155999755859376,5,7300,GB@ARI,ARI,GB,Q,Foot,,,,QB
121620-90584,QB,Mac,Mac Jones,Jones,19.344999313354492,4,7200,ATL@SF,SF,ATL,,,,,,QB
121620-85607,QB,Brock,Brock Purdy,Purdy,20.719999313354492,2,7200,ATL@SF,SF,ATL,O,Toe,,,,QB
121620-119606,QB,Bryce,Bryce Young,Young,14.983333587646484,6,7200,CAR@NYJ,CAR,NYJ,,,,,,QB
121620-120639,WR,Quentin,Quentin Johnston,Johnston,14.680000305175781,5,7200,IND@LAC,LAC,IND,,,,,,WR/FLEX
121620-102965,QB,Bo,Bo Nix,Nix,17.413333892822266,6,7100,NYG@DEN,DEN,NYG,,,,,,QB
121620-56018,WR,Deebo,Deebo Samuel Sr.,Samuel Sr.,12.833333333333334,6,7100,WAS@DAL,WAS,DAL,O,Heel,,,,WR/FLEX
121620-158974,WR,Xavier,Xavier Worthy,Worthy,8.074999809265137,4,7000,LV@KC,KC,LV,,,,,,WR/FLEX
121620-137530,TE,Tyler,Tyler Warren,Warren,11.683333079020182,6,7000,IND@LAC,IND,LAC,,,,,,TE/FLEX
121620-30231,QB,Jacoby,Jacoby Brissett,Brissett,8.299999872843424,3,7000,GB@ARI,ARI,GB,,,,,,QB
121620-103064,RB,Breece,Breece Hall,Hall,11.416666666666666,6,7000,CAR@NYJ,NYJ,CAR,,,,,,RB/FLEX
121620-129471,QB,C.J.,C.J. Stroud,Stroud,16.847999572753906,5,6900,HOU@SEA,HOU,SEA,,,,,,QB
121620-90573,WR,Jaylen,Jaylen Waddle,Waddle,12.46999994913737,6,6900,MIA@CLE,MIA,CLE,,,,,,WR/FLEX
121620-90572,QB,Tua,Tua Tagovailoa,Tagovailoa,15.286666870117188,6,6900,MIA@CLE,MIA,CLE,,,,,,QB
121620-91750,TE,Trey,Trey McBride,McBride,10.866666158040365,6,6900,GB@ARI,ARI,GB,,,,,,TE/FLEX
121620-86875,RB,Jordan,Jordan Mason,Mason,11.84000015258789,5,6900,PHI@MIN,MIN,PHI,,,,,,RB/FLEX
121620-111631,WR,Jameson,Jameson Williams,Williams,8.75,6,6800,TB@DET,DET,TB,,,,,,WR/FLEX
121620-89680,TE,Jake,Jake Ferguson,Ferguson,12.75,6,6800,WAS@DAL,DAL,WAS,,,,,,TE/FLEX
121620-183240,RB,Cam,Cam Skattebo,Skattebo,14.883333841959635,6,6800,NYG@DEN,NYG,DEN,,,,,,RB/FLEX
121620-152575,QB,J.J.,J.J. McCarthy,McCarthy,14.020000457763672,2,6800,PHI@MIN,MIN,PHI,NA,Ankle,,,,QB
121620-152651,WR,Marvin,Marvin Harrison Jr.,Harrison Jr.,9.466666539510092,6,6700,GB@ARI,ARI,GB,,,,,,WR/FLEX
121620-88797,QB,Michael,Michael Penix Jr.,Penix Jr.,14.483999633789063,5,6700,ATL@SF,ATL,SF,,,,,,QB
121620-87787,RB,J.K.,J.K. Dobbins,Dobbins,12.75,6,6700,NYG@DEN,DEN,NYG,,,,,,RB/FLEX
121620-26483,QB,Geno,Geno Smith,Smith,14.016666412353516,6,6700,LV@KC,LV,KC,,,,,,QB
121620-117178,RB,Jacory,Jacory Croskey-Merritt,Croskey-Merritt,11.083333333333334,6,6600,WAS@DAL,WAS,DAL,,,,,,RB/FLEX
121620-70324,QB,Carson,Carson Wentz,Wentz,18.753332773844402,3,6600,PHI@MIN,MIN,PHI,,,,,,QB
121620-167620,WR,Tetairoa,Tetairoa McMillan,McMillan,11.083333333333334,6,6600,CAR@NYJ,CAR,NYJ,,,,,,WR/FLEX
121620-103342,RB,Kenneth,Kenneth Walker III,Walker III,11.25,6,6600,HOU@SEA,SEA,HOU,,,,,,RB/FLEX
121620-111557,QB,Spencer,Spencer Rattler,Rattler,14.413333892822266,6,6600,NO@CHI,NO,CHI,,,,,,QB
121620-42104,RB,Alvin,Alvin Kamara,Kamara,9.766666412353516,6,6500,NO@CHI,NO,CHI,,,,,,RB/FLEX
121620-151794,TE,Brock,Brock Bowers,Bowers,9.25,4,6500,LV@KC,LV,KC,NA,Knee - pcl,,,,TE/FLEX
121620-103698,QB,Dillon,Dillon Gabriel,Gabriel,7.425000190734863,4,6500,MIA@CLE,CLE,MIA,,,,,,QB
121620-63043,WR,DJ,DJ Moore,Moore,7.5,5,6500,NO@CHI,CHI,NO,,,,,,WR/FLEX
121620-102796,WR,Ricky,Ricky Pearsall,Pearsall,12.074999809265137,4,6400,ATL@SF,SF,ATL,O,Knee - pcl,,,,WR/FLEX
121620-168356,QB,Cam,Cam Ward,Ward,7.939999898274739,6,6400,NE@TEN,TEN,NE,,,,,,QB
121620-87467,RB,Chuba,Chuba Hubbard,Hubbard,12.399999618530273,4,6400,CAR@NYJ,CAR,NYJ,,,,,,RB/FLEX
121620-56250,WR,Terry,Terry McLaurin,McLaurin,6.633333206176758,3,6400,WAS@DAL,WAS,DAL,O,Quadriceps,,,,WR/FLEX
121620-94370,WR,Romeo,Romeo Doubs,Doubs,11.280000305175781,5,6300,GB@ARI,GB,ARI,,,,,,WR/FLEX
121620-91598,RB,D'Andre,D'Andre Swift,Swift,14.239999389648437,5,6300,NO@CHI,CHI,NO,,,,,,RB/FLEX
121620-160303,TE,Tucker,Tucker Kraft,Kraft,11.419999694824218,5,6300,GB@ARI,GB,ARI,,,,,,TE/FLEX
121620-61798,QB,Gardner,Gardner Minshew II,Minshew II,-0.30000001192092896,1,6200,LV@KC,KC,LV,,,,,,QB
121620-88431,QB,Tyler,Tyler Shough,Shough,0,1,6200,NO@CHI,NO,CHI,,,,,,QB
121620-80289,WR,Kendrick,Kendrick Bourne,Bourne,10.919999694824218,5,6200,ATL@SF,SF,ATL,,,,,,WR/FLEX
121620-185776,QB,Tyson,Tyson Bagent,Bagent,1.7799999713897705,1,6200,NO@CHI,CHI,NO,,,,,,QB
121620-73273,RB,David,David Montgomery,Montgomery,12.803333282470703,6,6200,TB@DET,DET,TB,,,,,,RB/FLEX
121620-29253,WR,Keenan,Keenan Allen,Allen,11.016666412353516,6,6200,IND@LAC,LAC,IND,,,,,,WR/FLEX
121620-128633,RB,Kimani,Kimani Vidal,Vidal,8.90000025431315,3,6200,IND@LAC,LAC,IND,,,,,,RB/FLEX
121620-29358,QB,Marcus,Marcus Mariota,Mariota,18.760000228881836,2,6200,WAS@DAL,WAS,DAL,,,,,,QB
121620-87770,WR,Chris,Chris Olave,Olave,9.783333460489908,6,6200,NO@CHI,NO,CHI,,,,,,WR/FLEX
121620-61593,WR,Jauan,Jauan Jennings,Jennings,6.650000095367432,4,6100,ATL@SF,SF,ATL,,,,,,WR/FLEX
121620-45229,RB,Kareem,Kareem Hunt,Hunt,7.616666793823242,6,6100,LV@KC,KC,LV,,,,,,RB/FLEX
121620-129210,WR,Jordan,Jordan Addison,Addison,14.5,2,6100,PHI@MIN,MIN,PHI,,,,,,WR/FLEX
121620-90576,WR,DeVonta,DeVonta Smith,Smith,9.266666412353516,6,6100,PHI@MIN,PHI,MIN,,,,,,WR/FLEX
121620-22038,QB,Kirk,Kirk Cousins,Cousins,1.159999966621399,1,6100,ATL@SF,ATL,SF,,,,,,QB
121620-200653,QB,Max,Max Brosmer,Brosmer,0.5299999713897705,2,6100,PHI@MIN,MIN,PHI,,,,,,QB
121620-14377,QB,Tyrod,Tyrod Taylor,Taylor,13.010000228881836,2,6000,CAR@NYJ,NYJ,CAR,,,,,,QB
121620-86081,QB,Emory,Emory Jones,Jones,,0,6000,ATL@SF,ATL,SF,IR,Concussion,,,,QB
121620-152646,QB,Kyle,Kyle McCord,McCord,,0,6000,PHI@MIN,PHI,MIN,,,,,,QB
121620-103539,WR,Wan'Dale,Wan'Dale Robinson,Robinson,10.800000508626303,6,6000,NYG@DEN,NYG,DEN,,,,,,WR/FLEX
121620-52342,QB,Will,Will Grier,Grier,,0,6000,WAS@DAL,DAL,WAS,,,,,,QB
121620-104576,QB,Sam,Sam Howell,Howell,0.07999999821186066,2,6000,PHI@MIN,PHI,MIN,NA,Coach's decision,,,,QB
121620-103591,QB,Graham,Graham Mertz,Mertz,,0,6000,HOU@SEA,HOU,SEA,,,,,,QB
121620-160938,QB,Quinn,Quinn Ewers,Ewers,,0,6000,MIA@CLE,MIA,CLE,,,,,,QB
121620-103619,WR,Tre,Tre Tucker,Tucker,12.916666666666666,6,6000,LV@KC,LV,KC,,,,,,WR/FLEX
121620-149696,QB,Trey,Trey Lance,Lance,2.859999895095825,1,6000,IND@LAC,LAC,IND,,,,,,QB
121620-93382,QB,Aidan,Aidan O'Connell,O'Connell,11.164444817437065,9,6000,LV@KC,LV,KC,IR,Wrist,,,,QB
121620-86243,QB,Will,Will Levis,Levis,10.995000203450521,12,6000,NE@TEN,TEN,NE,IR,Shoulder,,,,QB
121620-91390,QB,Joe,Joe Milton III,Milton III,0.6399999856948853,1,6000,WAS@DAL,DAL,WAS,,,,,,QB
121620-24849,QB,Jameis,Jameis Winston,Winston,13.830909035422586,11,6000,NYG@DEN,NYG,DEN,,,,,,QB
121620-129315,QB,Anthony,Anthony Richardson Sr.,Richardson Sr.,0.8299999833106995,2,6000,IND@LAC,IND,LAC,IR,Orbital,,,,QB
121620-90406,QB,Zach,Zach Wilson,Wilson,1.5800000429153442,1,6000,MIA@CLE,MIA,CLE,NA,Coach's decision,,,,QB
121620-27986,QB,C.J.,C.J. Beathard,Beathard,,0,6000,TB@DET,DET,TB,,,,,,QB
121620-92560,QB,Sam,Sam Ehlinger,Ehlinger,0,1,6000,NYG@DEN,DEN,NYG,,,,,,QB
121620-103824,QB,Easton,Easton Stick,Stick,,0,6000,ATL@SF,ATL,SF,,,,,,QB
121620-92575,RB,Isiah,Isiah Pacheco,Pacheco,6.166666666666667,6,6000,LV@KC,KC,LV,,,,,,RB/FLEX
121620-110000,QB,Connor,Connor Bazelak,Bazelak,,0,6000,TB@DET,TB,DET,,,,,,QB
121620-25011,TE,Darren,Darren Waller,Waller,13.566666920979818,3,6000,MIA@CLE,MIA,CLE,,,,,,TE/FLEX
121620-31170,QB,Brandon,Brandon Allen,Allen,2.7866665522257485,3,6000,NE@TEN,TEN,NE,,,,,,QB
121620-22994,QB,Case,Case Keenum,Keenum,,0,6000,NO@CHI,CHI,NO,NA,Coach's decision,,,,QB
121620-40407,QB,Joshua,Joshua Dobbs,Dobbs,-0.20000000298023224,1,6000,NE@TEN,NE,TEN,,,,,,QB
121620-33259,QB,Teddy,Teddy Bridgewater,Bridgewater,0.11999999731779099,1,6000,TB@DET,TB,DET,Q,Illness,,,,QB
121620-22015,QB,Russell,Russell Wilson,Wilson,10.568000030517577,5,6000,NYG@DEN,NYG,DEN,,,,,,QB
121620-89607,QB,Tanner,Tanner McKee,McKee,7.204999923706055,4,6000,PHI@MIN,PHI,MIN,,,,,,QB
121620-60947,QB,Jarrett,Jarrett Stidham,Stidham,0.16666666666666666,3,6000,NYG@DEN,DEN,NYG,,,,,,QB
121620-102933,QB,Kedon,Kedon Slovis,Slovis,,0,6000,GB@ARI,ARI,GB,,,,,,QB
121620-89628,QB,Davis,Davis Mills,Mills,1.2200000286102295,1,6000,HOU@SEA,HOU,SEA,,,,,,QB
121620-94748,QB,Tommy,Tommy DeVito,DeVito,6.739999771118164,2,6000,NE@TEN,NE,TEN,NA,Coach's decision,,,,QB
121620-87594,QB,Sam,Sam Hartman,Hartman,,0,6000,WAS@DAL,WAS,DAL,,,,,,QB
121620-64051,QB,Drew,Drew Lock,Lock,0.5,1,6000,HOU@SEA,SEA,HOU,,,,,,QB
121620-208467,QB,Cam,Cam Miller,Miller,,0,6000,LV@KC,LV,KC,,,,,,QB
121620-87691,QB,Malik,Malik Willis,Willis,7.399999891008649,7,6000,GB@ARI,GB,ARI,,,,,,QB
121620-73398,QB,Chris,Chris Oladokun,Oladokun,0.25,2,6000,LV@KC,KC,LV,,,,,,QB
121620-90813,QB,Clayton,Clayton Tune,Tune,-0.3466666539510091,6,6000,GB@ARI,GB,ARI,,,,,,QB
121620-139985,QB,Bailey,Bailey Zappe,Zappe,4.5,2,6000,MIA@CLE,CLE,MIA,,,,,,QB
121620-86793,QB,Jake,Jake Haener,Haener,1.7799999713897705,8,6000,NO@CHI,NO,CHI,,,,,,QB
121620-28434,QB,Trevor,Trevor Siemian,Siemian,,0,6000,NE@TEN,TEN,NE,,,,,,QB
121620-92975,QB,Malik,Malik Cunningham,Cunningham,,0,6000,TB@DET,DET,TB,,,,,,QB
121620-201535,WR,Kameron,Kameron Johnson,Johnson,2.433333396911621,6,6000,TB@DET,TB,DET,,,,,,WR/FLEX
121620-154450,QB,Riley,Riley Leonard,Leonard,,0,6000,IND@LAC,IND,LAC,,,,,,QB
121620-8023,QB,Josh,Josh Johnson,Johnson,0.19499999284744263,4,6000,WAS@DAL,WAS,DAL,,,,,,QB
121620-119641,QB,Brady,Brady Cook,Cook,,0,6000,CAR@NYJ,NYJ,CAR,,,,,,QB
121620-154462,QB,Jalen,Jalen Milroe,Milroe,-0.5333333412806193,3,6000,HOU@SEA,SEA,HOU,,,,,,QB
121620-90981,QB,Adrian,Adrian Martinez,Martinez,,0,6000,ATL@SF,SF,ATL,,,,,,QB
121620-53095,QB,Kyle,Kyle Allen,Allen,-0.20000000298023224,1,6000,TB@DET,DET,TB,,,,,,QB
121620-92020,QB,Kenny,Kenny Pickett,Pickett,3.6342857905796597,7,6000,LV@KC,LV,KC,,,,,,QB
121620-184183,QB,Shedeur,Shedeur Sanders,Sanders,,0,6000,MIA@CLE,CLE,MIA,,,,,,QB
121620-14225,QB,Andy,Andy Dalton,Dalton,3.109999895095825,2,6000,CAR@NYJ,CAR,NYJ,,,,,,QB
121620-103376,RB,Zach,Zach Charbonnet,Charbonnet,7.719999694824219,5,6000,HOU@SEA,SEA,HOU,,,,,,RB/FLEX
121620-85983,QB,Hendon,Hendon Hooker,Hooker,0.6700000166893005,4,6000,CAR@NYJ,CAR,NYJ,,,,,,QB
121620-129010,QB,DJ,DJ Uiagalelei,Uiagalelei,,0,6000,IND@LAC,LAC,IND,,,,,,QB
121620-166916,WR,Matthew,Matthew Golden,Golden,6.540000152587891,5,5900,GB@ARI,GB,ARI,,,,,,WR/FLEX
121620-83074,TE,Dallas,Dallas Goedert,Goedert,13.860000610351562,5,5900,PHI@MIN,PHI,MIN,,,,,,TE/FLEX
121620-69777,WR,Darnell,Darnell Mooney,Mooney,3.7999998728434243,3,5900,ATL@SF,ATL,SF,Q,Hamstring,,,,WR/FLEX
121620-105646,TE,Sam,Sam LaPorta,LaPorta,9.566666920979818,6,5900,TB@DET,DET,TB,,,,,,TE/FLEX
121620-63759,RB,Tony,Tony Pollard,Pollard,9.59999974568685,6,5900,NE@TEN,TEN,NE,,,,,,RB/FLEX
121620-53562,RB,Nick,Nick Chubb,Chubb,9,5,5900,HOU@SEA,HOU,SEA,,,,,,RB/FLEX
121620-119653,WR,Kayshon,Kayshon Boutte,Boutte,10.016666412353516,6,5900,NE@TEN,NE,TEN,,,,,,WR/FLEX
121620-63634,WR,Jakobi,Jakobi Meyers,Meyers,7.900000254313151,6,5800,LV@KC,LV,KC,NA,Knee,,,,WR/FLEX
121620-33076,TE,Travis,Travis Kelce,Kelce,9.683333079020182,6,5800,LV@KC,KC,LV,,,,,,TE/FLEX
121620-25079,WR,Stefon,Stefon Diggs,Diggs,10.116666793823242,6,5800,NE@TEN,NE,TEN,,,,,,WR/FLEX
121620-138774,RB,Woody,Woody Marks,Marks,7.659999847412109,5,5800,HOU@SEA,HOU,SEA,,,,,,RB/FLEX
121620-69213,WR,Michael,Michael Pittman Jr.,Pittman Jr.,11.216667175292969,6,5800,IND@LAC,IND,LAC,,,,,,WR/FLEX
121620-27477,WR,Sterling,Sterling Shepard,Shepard,6.633333206176758,6,5800,TB@DET,TB,DET,,,,,,WR/FLEX
121620-103252,RB,Zonovan,Zonovan Knight,Knight,5.199999809265137,4,5800,GB@ARI,ARI,GB,,,,,,RB/FLEX
121620-39793,TE,George,George Kittle,Kittle,10.5,1,5800,ATL@SF,SF,ATL,,,,,,TE/FLEX
121620-129305,WR,Josh,Josh Downs,Downs,6.783333460489909,6,5700,IND@LAC,IND,LAC,O,Concussion,,,,WR/FLEX
121620-170287,WR,Rashid,Rashid Shaheed,Shaheed,10.016666412353516,6,5700,NO@CHI,NO,CHI,,,,,,WR/FLEX
121620-60858,WR,Christian,Christian Kirk,Kirk,5.299999872843425,3,5700,HOU@SEA,HOU,SEA,O,Hamstring,,,,WR/FLEX
121620-90561,WR,Jerry,Jerry Jeudy,Jeudy,5.666666666666667,6,5700,MIA@CLE,CLE,MIA,,,,,,WR/FLEX
121620-111540,RB,Rhamondre,Rhamondre Stevenson,Stevenson,7.599999745686849,6,5700,NE@TEN,NE,TEN,,,,,,RB/FLEX
121620-64555,WR,Calvin,Calvin Ridley,Ridley,6.666666666666667,6,5600,NE@TEN,TEN,NE,NA,Hamstring,,,,WR/FLEX
121620-152647,RB,TreVeyon,TreVeyon Henderson,Henderson,6.450000127156575,6,5600,NE@TEN,NE,TEN,,,,,,RB/FLEX
121620-90428,RB,Tyler,Tyler Allgeier,Allgeier,7.840000152587891,5,5600,ATL@SF,ATL,SF,,,,,,RB/FLEX
121620-91467,TE,Jake,Jake Tonges,Tonges,8.816666920979818,6,5600,ATL@SF,SF,ATL,,,,,,TE/FLEX
121620-62055,WR,Ray-Ray,Ray-Ray McCloud III,McCloud III,2.3499999046325684,4,5600,ATL@SF,ATL,SF,O,Coach's decision,,,,WR/FLEX
121620-86687,WR,Hollywood,Hollywood Brown,Brown,10.533333460489908,6,5600,LV@KC,KC,LV,,,,,,WR/FLEX
121620-55987,WR,JuJu,JuJu Smith-Schuster,Smith-Schuster,6.333333333333333,6,5600,LV@KC,KC,LV,,,,,,WR/FLEX
121620-40845,TE,Hunter,Hunter Henry,Henry,9.283333460489908,6,5600,NE@TEN,NE,TEN,,,,,,TE/FLEX
121620-103547,WR,Luke,Luke McCaffrey,McCaffrey,6.983333587646484,6,5500,WAS@DAL,WAS,DAL,,,,,,WR/FLEX
121620-93539,RB,Michael,Michael Carter,Carter,7.766666412353516,3,5500,GB@ARI,ARI,GB,,,,,,RB/FLEX
121620-89612,WR,Michael,Michael Wilson,Wilson,3.6000000635782876,6,5500,GB@ARI,ARI,GB,,,,,,WR/FLEX
121620-201233,WR,Ryan,Ryan Flournoy,Flournoy,7.474999904632568,4,5500,WAS@DAL,DAL,WAS,,,,,,WR/FLEX
121620-172699,TE,Harold,Harold Fannin Jr.,Fannin Jr.,7.633333206176758,6,5500,MIA@CLE,CLE,MIA,,,,,,TE/FLEX
121620-137953,TE,AJ,AJ Barner,Barner,8.90000025431315,6,5500,HOU@SEA,SEA,HOU,,,,,,TE/FLEX
121620-55335,TE,David,David Njoku,Njoku,6.633333206176758,6,5400,MIA@CLE,CLE,MIA,NA,Knee,,,,TE/FLEX
121620-87127,RB,Chris,Chris Rodriguez Jr.,Rodriguez Jr.,3.5,3,5400,WAS@DAL,WAS,DAL,,,,,,RB/FLEX
121620-79970,WR,Cooper,Cooper Kupp,Kupp,7.266666412353516,6,5400,HOU@SEA,SEA,HOU,,,,,,WR/FLEX
121620-91361,RB,Hassan,Hassan Haskins,Haskins,0.9600000381469727,5,5400,IND@LAC,LAC,IND,Q,Chest,,,,RB/FLEX
121620-63819,WR,Darius,Darius Slayton,Slayton,4.1200000762939455,5,5400,NYG@DEN,NYG,DEN,O,Hamstring,,,,WR/FLEX
121620-41305,WR,Zay,Zay Jones,Jones,4.150000095367432,4,5400,GB@ARI,ARI,GB,Q,Knee,,,,WR/FLEX
121620-53097,WR,Josh,Josh Reynolds,Reynolds,3.299999952316284,4,5400,CAR@NYJ,NYJ,CAR,,,,,,WR/FLEX
121620-110457,WR,Dontayvion,Dontayvion Wicks,Wicks,3.779999923706055,5,5400,GB@ARI,GB,ARI,Q,Ankle,,,,WR/FLEX
121620-71706,TE,T.J.,T.J. Hockenson,Hockenson,6.159999847412109,5,5300,PHI@MIN,MIN,PHI,,,,,,TE/FLEX
121620-86080,TE,Kyle,Kyle Pitts Sr.,Pitts Sr.,7.959999847412109,5,5300,ATL@SF,ATL,SF,,,,,,TE/FLEX
121620-64808,TE,Juwan,Juwan Johnson,Johnson,6.766666412353516,6,5300,NO@CHI,NO,CHI,,,,,,TE/FLEX
121620-151903,WR,Troy,Troy Franklin,Franklin,7.383333206176758,6,5300,NYG@DEN,DEN,NYG,,,,,,WR/FLEX
121620-60957,WR,KaVontae,KaVontae Turpin,Turpin,7.425000190734863,4,5300,WAS@DAL,DAL,WAS,,,,,,WR/FLEX
121620-128624,WR,Tez,Tez Johnson,Johnson,4.1400001525878904,5,5300,TB@DET,TB,DET,,,,,,WR/FLEX
121620-172861,WR,Elic,Elic Ayomanor,Ayomanor,6.683333079020183,6,5300,NE@TEN,TEN,NE,,,,,,WR/FLEX
121620-120657,RB,Kendre,Kendre Miller,Miller,5.016666730244954,6,5300,NO@CHI,NO,CHI,,,,,,RB/FLEX
121620-110484,RB,RJ,RJ Harvey,Harvey,6.700000127156575,6,5300,NYG@DEN,DEN,NYG,,,,,,RB/FLEX
121620-89220,WR,Tyquan,Tyquan Thornton,Thornton,10.34000015258789,5,5200,LV@KC,KC,LV,,,,,,WR/FLEX
121620-86153,RB,Tyrone,Tyrone Tracy Jr.,Tracy Jr.,4.199999809265137,4,5200,NYG@DEN,NYG,DEN,,,,,,RB/FLEX
121620-86312,WR,Alec,Alec Pierce,Pierce,6.849999904632568,4,5200,IND@LAC,IND,LAC,,,,,,WR/FLEX
121620-56648,RB,Jeremy,Jeremy McNichols,McNichols,4.8799999237060545,5,5200,WAS@DAL,WAS,DAL,,,,,,RB/FLEX
121620-158438,TE,Oronde,Oronde Gadsden II,Gadsden II,4.974999904632568,4,5200,IND@LAC,LAC,IND,,,,,,TE/FLEX
121620-86811,TE,Cade,Cade Otton,Otton,4.820000076293946,5,5200,TB@DET,TB,DET,,,,,,TE/FLEX
121620-128810,TE,Theo,Theo Johnson,Johnson,6.516666412353516,6,5200,NYG@DEN,NYG,DEN,,,,,,TE/FLEX
121620-137059,RB,Sean,Sean Tucker,Tucker,1.683333396911621,6,5200,TB@DET,TB,DET,,,,,,RB/FLEX
121620-64496,WR,Olamide,Olamide Zaccheaus,Zaccheaus,4.959999847412109,5,5200,NO@CHI,CHI,NO,,,,,,WR/FLEX
121620-29780,TE,Zach,Zach Ertz,Ertz,8.200000127156576,6,5100,WAS@DAL,WAS,DAL,Q,Shoulder,,,,TE/FLEX
121620-111876,WR,DeMario,DeMario Douglas,Douglas,5.5,5,5100,NE@TEN,NE,TEN,,,,,,WR/FLEX
121620-120093,WR,Marvin,Marvin Mims Jr.,Mims Jr.,5.866666793823242,6,5100,NYG@DEN,DEN,NYG,,,,,,WR/FLEX
121620-38264,WR,Demarcus,Demarcus Robinson,Robinson,4.433333396911621,3,5100,ATL@SF,SF,ATL,,,,,,WR/FLEX
121620-110974,WR,Malik,Malik Washington,Washington,4.5,6,5100,MIA@CLE,MIA,CLE,,,,,,WR/FLEX
121620-90533,RB,Jerome,Jerome Ford,Ford,3.8333333333333335,6,5100,MIA@CLE,CLE,MIA,,,,,,RB/FLEX
121620-144102,RB,Kyle,Kyle Monangai,Monangai,2.9799999237060546,5,5100,NO@CHI,CHI,NO,,,,,,RB/FLEX
121620-138998,TE,Michael,Michael Mayer,Mayer,5.300000190734863,4,5100,LV@KC,LV,KC,,,,,,TE/FLEX
121620-55042,TE,Dalton,Dalton Schultz,Schultz,5.820000076293946,5,5100,HOU@SEA,HOU,SEA,,,,,,TE/FLEX
121620-12541,D,New England,New England Patriots,Patriots,7.666666666666667,6,5000,NE@TEN,NE,TEN,,,,,,DEF
121620-55635,WR,Chris,Chris Godwin Jr.,Godwin Jr.,4.099999904632568,2,5000,TB@DET,TB,DET,O,Lower leg,,,,WR/FLEX
121620-133478,WR,Arian,Arian Smith,Smith,0.6800000190734863,5,5000,CAR@NYJ,NYJ,CAR,,,,,,WR/FLEX
121620-160213,RB,Isaiah,Isaiah Davis,Davis,2,6,5000,CAR@NYJ,NYJ,CAR,,,,,,RB/FLEX
121620-45565,TE,Taysom,Taysom Hill,Hill,3.380000114440918,2,5000,NO@CHI,NO,CHI,,,,,,TE/FLEX
121620-114198,WR,Xavier,Xavier Legette,Legette,3.75,4,5000,CAR@NYJ,CAR,NYJ,,,,,,WR/FLEX
121620-92859,WR,Jalen,Jalen Nailor,Nailor,5.5,5,5000,PHI@MIN,MIN,PHI,,,,,,WR/FLEX
121620-107293,RB,Tyjae,Tyjae Spears,Spears,4.199999809265137,2,5000,NE@TEN,TEN,NE,,,,,,RB/FLEX
121620-41872,TE,Evan,Evan Engram,Engram,5.779999923706055,5,5000,NYG@DEN,DEN,NYG,,,,,,TE/FLEX
121620-155775,RB,Brashard,Brashard Smith,Smith,2.550000031789144,6,4900,LV@KC,KC,LV,,,,,,RB/FLEX
121620-174245,WR,Isaiah,Isaiah Bond,Bond,3.116666793823242,6,4900,MIA@CLE,CLE,MIA,,,,,,WR/FLEX
121620-166092,WR,Luther,Luther Burden III,Burden III,6.040000152587891,5,4900,NO@CHI,CHI,NO,,,,,,WR/FLEX
121620-166112,RB,Ollie,Ollie Gordon II,Gordon II,2.316666603088379,6,4900,MIA@CLE,MIA,CLE,,,,,,RB/FLEX
121620-12533,D,Green Bay,Green Bay Packers,Packers,4.4,5,4900,GB@ARI,GB,ARI,,,,,,DEF
121620-88548,WR,Jalen,Jalen Tolbert,Tolbert,3.066666603088379,6,4900,WAS@DAL,DAL,WAS,,,,,,WR/FLEX
121620-201547,WR,Jalen,Jalen Coker,Coker,6.6299997965494795,12,4900,CAR@NYJ,CAR,NYJ,,,,,,WR/FLEX
121620-91047,TE,Cole,Cole Kmet,Kmet,4.320000076293946,5,4900,NO@CHI,CHI,NO,,,,,,TE/FLEX
121620-69558,WR,Greg,Greg Dortch,Dortch,3.366666793823242,6,4900,GB@ARI,ARI,GB,,,,,,WR/FLEX
121620-93143,TE,Noah,Noah Gray,Gray,1.7399999618530273,5,4900,LV@KC,KC,LV,,,,,,TE/FLEX
121620-119788,WR,Xavier,Xavier Hutchinson,Hutchinson,5.9,5,4900,HOU@SEA,HOU,SEA,,,,,,WR/FLEX
121620-64581,WR,Van,Van Jefferson,Jefferson,3.4749999046325684,4,4800,NE@TEN,TEN,NE,,,,,,WR/FLEX
121620-88297,TE,Chig,Chig Okonkwo,Okonkwo,5.549999872843425,6,4800,NE@TEN,TEN,NE,,,,,,TE/FLEX
121620-120042,WR,Jalen,Jalen McMillan,McMillan,8.714285714285714,14,4800,TB@DET,TB,DET,IR,Neck,,,,WR/FLEX
121620-12527,D,Chicago,Chicago Bears,Bears,7.4,5,4800,NO@CHI,CHI,NO,,,,,,DEF
121620-94579,RB,Emari,Emari Demercado,Demercado,3.0600000381469727,5,4800,GB@ARI,ARI,GB,O,Ankle,,,,RB/FLEX
121620-92677,RB,Zavier,Zavier Scott,Scott,6.233333587646484,3,4800,PHI@MIN,MIN,PHI,,,,,,RB/FLEX
121620-57986,WR,Hunter,Hunter Renfrow,Renfrow,4.733333269755046,6,4800,CAR@NYJ,CAR,NYJ,NA,Coach's decision,,,,WR/FLEX
121620-29501,WR,Brandin,Brandin Cooks,Cooks,3.1499999364217124,6,4800,NO@CHI,NO,CHI,,,,,,WR/FLEX
121620-139094,WR,Jalin,Jalin Hyatt,Hyatt,1.0666666825612385,3,4800,NYG@DEN,NYG,DEN,,,,,,WR/FLEX
121620-147315,WR,Jayden,Jayden Higgins,Higgins,4.520000076293945,5,4800,HOU@SEA,HOU,SEA,,,,,,WR/FLEX
121620-91101,TE,Tommy,Tommy Tremble,Tremble,4.433333396911621,6,4800,CAR@NYJ,CAR,NYJ,,,,,,TE/FLEX
121620-68712,WR,Tyler,Tyler Johnson,Johnson,2.075000047683716,4,4700,CAR@NYJ,NYJ,CAR,,,,,,WR/FLEX
121620-168054,TE,Mason,Mason Taylor,Taylor,5.033333460489909,6,4700,CAR@NYJ,NYJ,CAR,,,,,,TE/FLEX
121620-12552,D,Washington,Washington Commanders,Commanders,7,6,4700,WAS@DAL,WAS,DAL,,,,,,DEF
121620-71031,WR,Lil'Jordan,Lil'Jordan Humphrey,Humphrey,7.5,1,4700,NYG@DEN,NYG,DEN,,,,,,WR/FLEX
121620-27050,WR,Tyler,Tyler Lockett,Lockett,1.5333333015441895,6,4700,NE@TEN,TEN,NE,,,,,,WR/FLEX
121620-129546,WR,Tre',Tre' Harris,Harris,2.1399999618530274,5,4700,IND@LAC,LAC,IND,,,,,,WR/FLEX
121620-172646,RB,Trevor,Trevor Etienne,Etienne,1.25,6,4700,CAR@NYJ,CAR,NYJ,,,,,,RB/FLEX
121620-166588,TE,Colston,Colston Loveland,Loveland,1.975000023841858,4,4700,NO@CHI,CHI,NO,,,,,,TE/FLEX
121620-128765,RB,Nathan,Nathan Carter,Carter,2.5999999046325684,1,4700,ATL@SF,ATL,SF,,,,,,RB/FLEX
121620-166801,RB,Jaydon,Jaydon Blue,Blue,0.3499999940395355,2,4700,WAS@DAL,DAL,WAS,,,,,,RB/FLEX
121620-93107,RB,A.J.,A.J. Dillon,Dillon,1.3600000381469726,5,4700,PHI@MIN,PHI,MIN,NA,Coach's decision,,,,RB/FLEX
121620-56248,WR,Noah,Noah Brown,Brown,2.549999952316284,2,4700,WAS@DAL,WAS,DAL,IR,Groin,,,,WR/FLEX
121620-128986,WR,Jaylin,Jaylin Lane,Lane,3.066666603088379,6,4700,WAS@DAL,WAS,DAL,,,,,,WR/FLEX
121620-60451,TE,Tyler,Tyler Conklin,Conklin,2.75,4,4600,IND@LAC,LAC,IND,,,,,,TE/FLEX
121620-28744,RB,Raheem,Raheem Mostert,Mostert,3.2000001271565757,3,4600,LV@KC,LV,KC,,,,,,RB/FLEX
121620-158983,TE,Ja'Tavion,Ja'Tavion Sanders,Sanders,4.899999936421712,3,4600,CAR@NYJ,CAR,NYJ,,,,,,TE/FLEX
121620-33047,WR,Chris,Chris Moore,Moore,4.079999923706055,5,4600,WAS@DAL,WAS,DAL,,,,,,WR/FLEX
121620-112037,WR,Casey,Casey Washington,Washington,2.3999999364217124,3,4600,ATL@SF,ATL,SF,,,,,,WR/FLEX
121620-90562,RB,Brian,Brian Robinson Jr.,Robinson Jr.,2.3999999364217124,6,4600,ATL@SF,SF,ATL,,,,,,RB/FLEX
121620-56809,WR,Allen,Allen Lazard,Lazard,3.4666665395100913,3,4600,CAR@NYJ,NYJ,CAR,,,,,,WR/FLEX
121620-25267,WR,Mack,Mack Hollins,Hollins,4.7,5,4600,NE@TEN,NE,TEN,,,,,,WR/FLEX
121620-134837,WR,Tory,Tory Horton,Horton,6.633333206176758,6,4600,HOU@SEA,SEA,HOU,,,,,,WR/FLEX
121620-40647,WR,Marquez,Marquez Valdes-Scantling,Valdes-Scantling,1.5,4,4600,ATL@SF,SF,ATL,Q,Calf,,,,WR/FLEX
121620-157438,WR,Jimmy,Jimmy Horn Jr.,Horn Jr.,4.900000095367432,2,4600,CAR@NYJ,CAR,NYJ,,,,,,WR/FLEX
121620-39716,WR,Adam,Adam Thielen,Thielen,1.9249999523162842,4,4600,PHI@MIN,MIN,PHI,,,,,,WR/FLEX
121620-70603,RB,Devin,Devin Singletary,Singletary,1.5333333015441895,6,4600,NYG@DEN,NYG,DEN,,,,,,RB/FLEX
121620-152520,RB,Will,Will Shipley,Shipley,0.875,4,4600,PHI@MIN,PHI,MIN,,,,,,RB/FLEX
121620-129112,WR,Chimere,Chimere Dike,Dike,1.4666666984558105,6,4500,NE@TEN,TEN,NE,,,,,,WR/FLEX
121620-112780,WR,Jamari,Jamari Thrash,Thrash,1.7600000381469727,5,4500,MIA@CLE,CLE,MIA,,,,,,WR/FLEX
121620-152717,WR,Beaux,Beaux Collins,Collins,1.2000000476837158,1,4500,NYG@DEN,NYG,DEN,,,,,,WR/FLEX
121620-130270,TE,Adam,Adam Trautman,Trautman,3.825000047683716,4,4500,NYG@DEN,DEN,NYG,,,,,,TE/FLEX
121620-151789,WR,Adonai,Adonai Mitchell,Mitchell,3.0399999618530273,5,4500,IND@LAC,IND,LAC,,,,,,WR/FLEX
121620-12536,D,Kansas City,Kansas City Chiefs,Chiefs,5.833333333333333,6,4500,LV@KC,KC,LV,,,,,,DEF
121620-12550,D,Seattle,Seattle Seahawks,Seahawks,9.833333333333334,6,4500,HOU@SEA,SEA,HOU,,,,,,DEF
121620-174486,RB,Dylan,Dylan Sampson,Sampson,4.466666539510091,6,4500,MIA@CLE,CLE,MIA,,,,,,RB/FLEX
121620-152007,WR,Jaylin,Jaylin Noel,Noel,2.279999923706055,5,4500,HOU@SEA,HOU,SEA,,,,,,WR/FLEX
121620-152103,RB,Jaylen,Jaylen Wright,Wright,1.9384615971491888,13,4500,MIA@CLE,MIA,CLE,,,,,,RB/FLEX
121620-102986,TE,Elijah,Elijah Higgins,Higgins,2.779999923706055,5,4500,GB@ARI,ARI,GB,,,,,,TE/FLEX
121620-103187,RB,Roschon,Roschon Johnson,Johnson,0.6000000238418579,1,4500,NO@CHI,CHI,NO,,,,,,RB/FLEX
121620-155551,WR,Pat,Pat Bryant,Bryant,2,3,4500,NYG@DEN,DEN,NYG,,,,,,WR/FLEX
121620-137265,TE,Ben,Ben Sinnott,Sinnott,1.2000000476837158,1,4400,WAS@DAL,WAS,DAL,,,,,,TE/FLEX
121620-103511,WR,Devaughn,Devaughn Vele,Vele,3.633333206176758,3,4400,NO@CHI,NO,CHI,,,,,,WR/FLEX
121620-61555,WR,David,David Sills V,Sills V,1.399999976158142,1,4400,ATL@SF,ATL,SF,,,,,,WR/FLEX
121620-40126,TE,Austin,Austin Hooper,Hooper,2.9,5,4400,NE@TEN,NE,TEN,,,,,,TE/FLEX
121620-12545,D,Philadelphia,Philadelphia Eagles,Eagles,6.333333333333333,6,4400,PHI@MIN,PHI,MIN,,,,,,DEF
121620-151909,WR,Dont'e,Dont'e Thornton Jr.,Thornton Jr.,2.3799999237060545,5,4400,LV@KC,LV,KC,,,,,,WR/FLEX
121620-63907,TE,Josh,Josh Oliver,Oliver,4.800000190734863,4,4400,PHI@MIN,MIN,PHI,,,,,,TE/FLEX
121620-185863,RB,Hunter,Hunter Luepke,Luepke,3.2666667302449546,3,4400,WAS@DAL,DAL,WAS,,,,,,RB/FLEX
121620-185861,RB,Emanuel,Emanuel Wilson,Wilson,2.7399999618530275,5,4400,GB@ARI,GB,ARI,,,,,,RB/FLEX
121620-112192,WR,Jonathan,Jonathan Mingo,Mingo,1.6928571973528181,14,4400,WAS@DAL,DAL,WAS,IR,Knee - pcl,,,,WR/FLEX
121620-72412,RB,Khalil,Khalil Herbert,Herbert,0,1,4400,CAR@NYJ,NYJ,CAR,,,,,,RB/FLEX
121620-70422,WR,Kalif,Kalif Raymond,Raymond,2.9200000762939453,5,4400,TB@DET,DET,TB,,,,,,WR/FLEX
121620-120642,WR,Savion,Savion Williams,Williams,1.4,5,4400,GB@ARI,GB,ARI,,,,,,WR/FLEX
121620-64389,WR,Nick,Nick Westbrook-Ikhine,Westbrook-Ikhine,1.149999976158142,4,4400,MIA@CLE,MIA,CLE,,,,,,WR/FLEX
121620-86055,RB,Dameon,Dameon Pierce,Pierce,1.2999999523162842,2,4300,HOU@SEA,HOU,SEA,,,,,,RB/FLEX
121620-89230,RB,Cam,Cam Akers,Akers,3.5899999141693115,2,4300,PHI@MIN,MIN,PHI,,,,,,RB/FLEX
121620-151741,WR,Jack,Jack Bech,Bech,2.125,4,4300,LV@KC,LV,KC,,,,,,WR/FLEX
121620-183488,WR,Isaac,Isaac TeSlaa,TeSlaa,4.724999904632568,4,4300,TB@DET,DET,TB,,,,,,WR/FLEX
121620-86229,WR,Jahan,Jahan Dotson,Dotson,2.433333396911621,6,4300,PHI@MIN,PHI,MIN,,,,,,WR/FLEX
121620-12531,D,Denver,Denver Broncos,Broncos,8.833333333333334,6,4300,NYG@DEN,DEN,NYG,,,,,,DEF
121620-176467,WR,Jalen,Jalen Royals,Royals,0,1,4300,LV@KC,KC,LV,,,,,,WR/FLEX
121620-56708,TE,Will,Will Dissly,Dissly,2.1000000635782876,3,4300,IND@LAC,LAC,IND,,,,,,TE/FLEX
121620-89613,WR,Simi,Simi Fehoko,Fehoko,2.720000076293945,5,4300,GB@ARI,ARI,GB,,,,,,WR/FLEX
121620-104012,WR,Ashton,Ashton Dulin,Dulin,2.0600000381469727,5,4300,IND@LAC,IND,LAC,O,Chest,,,,WR/FLEX
121620-128693,RB,Tank,Tank Bigsby,Bigsby,0.24000000953674316,5,4300,PHI@MIN,PHI,MIN,,,,,,RB/FLEX
121620-71351,TE,Charlie,Charlie Woerner,Woerner,0,2,4300,ATL@SF,ATL,SF,,,,,,TE/FLEX
121620-152258,TE,Elijah,Elijah Arroyo,Arroyo,2.2166666984558105,6,4300,HOU@SEA,SEA,HOU,,,,,,TE/FLEX
121620-87815,TE,Jeremy,Jeremy Ruckert,Ruckert,4.300000190734863,4,4300,CAR@NYJ,NYJ,CAR,,,,,,TE/FLEX
121620-86800,TE,Colson,Colson Yankoff,Yankoff,,0,4300,WAS@DAL,WAS,DAL,,,,,,TE/FLEX
121620-94087,RB,DeeJay,DeeJay Dallas,Dallas,0,2,4300,CAR@NYJ,CAR,NYJ,NA,Coach's decision,,,,RB/FLEX
121620-42046,TE,Durham,Durham Smythe,Smythe,0.7538461685180664,13,4200,NO@CHI,CHI,NO,,,,,,TE/FLEX
121620-54426,TE,Andrew,Andrew Beck,Beck,3.8499999046325684,2,4200,CAR@NYJ,NYJ,CAR,,,,,,TE/FLEX
121620-90307,TE,Daniel,Daniel Bellinger,Bellinger,3,4,4200,NYG@DEN,NYG,DEN,,,,,,TE/FLEX
121620-63717,RB,Alec,Alec Ingold,Ingold,1.475000023841858,4,4200,MIA@CLE,MIA,CLE,,,,,,RB/FLEX
121620-12535,D,Indianapolis,Indianapolis Colts,Colts,9.166666666666666,6,4200,IND@LAC,IND,LAC,,,,,,DEF
121620-12549,D,San Francisco,San Francisco 49ers,49ers,4.5,6,4200,ATL@SF,SF,ATL,,,,,,DEF
121620-91417,TE,Luke,Luke Schoonmaker,Schoonmaker,0.8166666825612386,6,4200,WAS@DAL,DAL,WAS,,,,,,TE/FLEX
121620-60712,TE,Foster,Foster Moreau,Moreau,1.399999976158142,1,4200,NO@CHI,NO,CHI,,,,,,TE/FLEX
121620-87371,RB,Ty,Ty Chandler,Chandler,0,1,4200,PHI@MIN,MIN,PHI,IR,Knee,,,,RB/FLEX
121620-91488,RB,Chris,Chris Brooks,Brooks,1.4249999523162842,4,4200,GB@ARI,GB,ARI,,,,,,RB/FLEX
121620-71032,WR,Devin,Devin Duvernay,Duvernay,0,5,4200,NO@CHI,CHI,NO,,,,,,WR/FLEX
121620-112062,WR,Skyy,Skyy Moore,Moore,0.26666667064030963,6,4200,ATL@SF,SF,ATL,,,,,,WR/FLEX
121620-109008,WR,Jalen,Jalen Cropper,Cropper,0,2,4200,WAS@DAL,DAL,WAS,,,,,,WR/FLEX
121620-73176,TE,Luke,Luke Farrell,Farrell,2.339999961853027,5,4200,ATL@SF,SF,ATL,,,,,,TE/FLEX
121620-80353,TE,Robert,Robert Tonyan,Tonyan,,0,4200,LV@KC,KC,LV,,,,,,TE/FLEX
121620-185850,TE,Julian,Julian Hill,Hill,2.8200000762939452,5,4200,MIA@CLE,MIA,CLE,,,,,,TE/FLEX
121620-154124,TE,Mitchell,Mitchell Evans,Evans,4.420000076293945,5,4200,CAR@NYJ,CAR,NYJ,,,,,,TE/FLEX
121620-89627,WR,Brycen,Brycen Tremayne,Tremayne,3.825000047683716,4,4200,CAR@NYJ,CAR,NYJ,,,,,,WR/FLEX
121620-114231,RB,George,George Holani,Holani,0.6400000095367432,5,4200,HOU@SEA,SEA,HOU,,,,,,RB/FLEX
121620-113228,TE,Luke,Luke Musgrave,Musgrave,1.850000023841858,4,4200,GB@ARI,GB,ARI,,,,,,TE/FLEX
121620-152148,TE,Gunnar,Gunnar Helm,Helm,2.9666665395100913,6,4200,NE@TEN,TEN,NE,,,,,,TE/FLEX
121620-27229,RB,Ameer,Ameer Abdullah,Abdullah,4.349999904632568,2,4200,IND@LAC,IND,LAC,,,,,,RB/FLEX
121620-147051,RB,Jaleel,Jaleel McLaughlin,McLaughlin,0,1,4200,NYG@DEN,DEN,NYG,,,,,,RB/FLEX
121620-155293,RB,DJ,DJ Giddens,Giddens,1.649999976158142,4,4200,IND@LAC,IND,LAC,,,,,,RB/FLEX
121620-94887,RB,Tyler,Tyler Badie,Badie,2.375,4,4200,NYG@DEN,DEN,NYG,,,,,,RB/FLEX
121620-128805,WR,KeAndre,KeAndre Lambert-Smith,Lambert-Smith,0.15000000596046448,4,4200,IND@LAC,LAC,IND,,,,,,WR/FLEX
121620-91046,TE,Brock,Brock Wright,Wright,9.100000381469727,2,4200,TB@DET,DET,TB,,,,,,TE/FLEX
121620-157609,WR,Gage,Gage Larvadain,Larvadain,1.600000023841858,2,4200,MIA@CLE,CLE,MIA,,,,,,WR/FLEX
121620-24533,TE,Mo,Mo Alie-Cox,Alie-Cox,1.9666666984558105,3,4200,IND@LAC,IND,LAC,,,,,,TE/FLEX
121620-93150,WR,Jake,Jake Bobo,Bobo,2.200000047683716,1,4200,HOU@SEA,SEA,HOU,,,,,,WR/FLEX
121620-70661,WR,Velus,Velus Jones Jr.,Jones Jr.,0,3,4100,NO@CHI,NO,CHI,,,,,,WR/FLEX
121620-95370,TE,Ryan,Ryan Miller,Miller,2.8333333333333335,3,4100,TB@DET,TB,DET,,,,,,TE/FLEX
121620-28827,RB,Dare,Dare Ogunbowale,Ogunbowale,1.600000023841858,1,4100,HOU@SEA,HOU,SEA,,,,,,RB/FLEX
121620-170184,RB,Julius,Julius Chestnut,Chestnut,0.7749999761581421,4,4100,NE@TEN,TEN,NE,,,,,,RB/FLEX
121620-93391,TE,Payne,Payne Durham,Durham,0,1,4100,TB@DET,TB,DET,,,,,,TE/FLEX
121620-170188,TE,Tanner,Tanner Conner,Conner,2.174999952316284,4,4100,MIA@CLE,MIA,CLE,,,,,,TE/FLEX
121620-12532,D,Detroit,Detroit Lions,Lions,7.833333333333333,6,4100,TB@DET,DET,TB,,,,,,DEF
121620-12548,D,Los Angeles,Los Angeles Chargers,Chargers,5.833333333333333,6,4100,IND@LAC,LAC,IND,,,,,,DEF
121620-102696,WR,John,John Metchie III,Metchie III,0.949999988079071,4,4100,PHI@MIN,PHI,MIN,,,,,,WR/FLEX
121620-85306,WR,KhaDarel,KhaDarel Hodge,Hodge,0,1,4100,ATL@SF,ATL,SF,,,,,,WR/FLEX
121620-92479,TE,David,David Martin-Robinson,Martin-Robinson,6.599999904632568,1,4100,NE@TEN,TEN,NE,,,,,,TE/FLEX
121620-136538,WR,Kyle,Kyle Williams,Williams,0.699999988079071,4,4100,NE@TEN,NE,TEN,,,,,,WR/FLEX
121620-154971,RB,Devin,Devin Neal,Neal,0.8999999761581421,1,4100,NO@CHI,NO,CHI,,,,,,RB/FLEX
121620-93540,RB,British,British Brooks,Brooks,1.5,1,4100,HOU@SEA,HOU,SEA,,,,,,RB/FLEX
121620-91578,RB,Zamir,Zamir White,White,1.9666666984558105,3,4100,LV@KC,LV,KC,NA,Coach's decision,,,,RB/FLEX
121620-185827,RB,Jacob,Jacob Saylors,Saylors,0.2750000059604645,4,4100,TB@DET,DET,TB,,,,,,RB/FLEX
121620-91618,TE,John,John FitzPatrick,FitzPatrick,4.449999809265137,2,4100,GB@ARI,GB,ARI,,,,,,TE/FLEX
121620-72182,WR,Dee,Dee Eskridge,Eskridge,0.5400000095367432,5,4100,MIA@CLE,MIA,CLE,,,,,,WR/FLEX
121620-39428,RB,Kyle,Kyle Juszczyk,Juszczyk,3.566666603088379,6,4100,ATL@SF,SF,ATL,,,,,,RB/FLEX
121620-138786,WR,Malik,Malik Heath,Heath,2.799999952316284,2,4100,GB@ARI,GB,ARI,,,,,,WR/FLEX
121620-86682,TE,Grant,Grant Calcaterra,Calcaterra,2,3,4100,PHI@MIN,PHI,MIN,NA,Oblique,,,,TE/FLEX
121620-65231,RB,Adam,Adam Prentice,Prentice,0.6000000238418579,4,4100,NYG@DEN,DEN,NYG,,,,,,RB/FLEX
121620-56059,WR,Trent,Trent Sherfield Sr.,Sherfield Sr.,1.1999999682108562,3,4100,NYG@DEN,DEN,NYG,,,,,,WR/FLEX
121620-69451,TE,Jack,Jack Stoll,Stoll,5.150000095367432,2,4100,NO@CHI,NO,CHI,,,,,,TE/FLEX
121620-85842,TE,Brevyn,Brevyn Spann-Ford,Spann-Ford,0.5,3,4100,WAS@DAL,DAL,WAS,,,,,,TE/FLEX
121620-91055,WR,Kevin,Kevin Austin Jr.,Austin Jr.,0,1,4100,NO@CHI,NO,CHI,,,,,,WR/FLEX
121620-70601,TE,Harrison,Harrison Bryant,Bryant,0.5,2,4100,HOU@SEA,HOU,SEA,,,,,,TE/FLEX
121620-152537,WR,Tai,Tai Felton,Felton,0.699999988079071,2,4100,PHI@MIN,MIN,PHI,,,,,,WR/FLEX
121620-85986,TE,James,James Mitchell,Mitchell,2.1500000953674316,2,4100,CAR@NYJ,CAR,NYJ,NA,Coach's decision,,,,TE/FLEX
121620-104424,RB,Craig,Craig Reynolds,Reynolds,0.20000000298023224,2,4100,TB@DET,DET,TB,,,,,,RB/FLEX
121620-72705,TE,John,John Bates,Bates,1.399999976158142,1,4000,WAS@DAL,WAS,DAL,,,,,,TE/FLEX
121620-92166,WR,Marcus,Marcus Jones,Jones,1,6,4000,NE@TEN,NE,TEN,,,,,,WR/FLEX
121620-96269,RB,Owen,Owen Wright,Wright,,0,4000,TB@DET,TB,DET,,,,,,RB/FLEX
121620-226319,WR,Junior,Junior Bergen,Bergen,,0,4000,ATL@SF,SF,ATL,,,,,,WR/FLEX
121620-156684,RB,Kye,Kye Robichaux,Robichaux,,0,4000,TB@DET,DET,TB,IR,Undisclosed,,,,RB/FLEX
121620-111637,TE,Cade,Cade Stover,Stover,4.199999809265137,1,4000,HOU@SEA,HOU,SEA,IR,Foot,,,,TE/FLEX
121620-110617,WR,Isaiah,Isaiah Neyor,Neyor,,0,4000,GB@ARI,GB,ARI,,,,,,WR/FLEX
121620-110616,TE,Treyton,Treyton Welch,Welch,,0,4000,NO@CHI,NO,CHI,,,,,,TE/FLEX
121620-152603,RB,Anthony,Anthony Tyus III,Tyus III,,0,4000,CAR@NYJ,CAR,NYJ,,,,,,RB/FLEX
121620-86047,RB,Malik,Malik Davis,Davis,,0,4000,WAS@DAL,DAL,WAS,,,,,,RB/FLEX
121620-137254,RB,Deuce,Deuce Vaughn,Vaughn,1.7166666984558105,6,4000,NYG@DEN,DEN,NYG,,,,,,RB/FLEX
121620-138277,WR,Jalen,Jalen Brooks,Brooks,2.284615443303035,13,4000,WAS@DAL,DAL,WAS,Q,Knee,,,,WR/FLEX
121620-154661,WR,Michael,Michael Bandy,Bandy,,0,4000,NYG@DEN,DEN,NYG,,,,,,WR/FLEX
121620-152631,WR,Samori,Samori Toure,Toure,,0,4000,NYG@DEN,DEN,NYG,,,,,,WR/FLEX
121620-152628,TE,Thomas,Thomas Fidone II,Fidone II,,0,4000,NYG@DEN,NYG,DEN,,,,,,TE/FLEX
121620-129081,RB,Ahmani,Ahmani Marshall,Marshall,,0,4000,MIA@CLE,CLE,MIA,,,,,,RB/FLEX
121620-86075,TE,Lucas,Lucas Krull,Krull,1.25,2,4000,NYG@DEN,DEN,NYG,IR,Foot,,,,TE/FLEX
121620-133180,TE,Ben,Ben Yurosek,Yurosek,,0,4000,PHI@MIN,MIN,PHI,,,,,,TE/FLEX
121620-87109,WR,Bryce,Bryce Oliver,Oliver,1.2999999523162842,1,4000,NE@TEN,TEN,NE,NA,Knee,,,,WR/FLEX
121620-72772,RB,Avery,Avery Williams,Williams,0,1,4000,CAR@NYJ,NYJ,CAR,,,,,,RB/FLEX
121620-174148,RB,Carlos,Carlos Washington Jr.,Washington Jr.,,0,4000,ATL@SF,ATL,SF,,,,,,RB/FLEX
121620-165962,TE,Nikola,Nikola Kalinic,Kalinic,,0,4000,NO@CHI,CHI,NO,,,,,,TE/FLEX
121620-72776,RB,Alexander,Alexander Mattison,Mattison,7.96000010172526,15,4000,MIA@CLE,MIA,CLE,IR,Neck,,,,RB/FLEX
121620-170056,WR,Dee,Dee Williams,Williams,-0.5,12,4000,MIA@CLE,CLE,MIA,,,,,,WR/FLEX
121620-87117,TE,Brenden,Brenden Bates,Bates,3.299999952316284,1,4000,HOU@SEA,HOU,SEA,,,,,,TE/FLEX
121620-103506,TE,Nick,Nick Kallerup,Kallerup,,0,4000,HOU@SEA,SEA,HOU,,,,,,TE/FLEX
121620-65627,WR,Maurice,Maurice Alexander,Alexander,0,1,4000,NO@CHI,CHI,NO,,,,,,WR/FLEX
121620-42077,TE,James,James Winchester,Winchester,0,2,4000,LV@KC,KC,LV,,,,,,TE/FLEX
121620-86113,WR,Ihmir,Ihmir Smith-Marsette,Smith-Marsette,0.4,15,4000,NYG@DEN,NYG,DEN,,,,,,WR/FLEX
121620-89185,TE,Ben,Ben Sims,Sims,1.2399999618530273,5,4000,GB@ARI,GB,ARI,,,,,,TE/FLEX
121620-114787,RB,Terrell,Terrell Jennings,Jennings,1.649999976158142,2,4000,NE@TEN,NE,TEN,,,,,,RB/FLEX
121620-169067,TE,Bryce,Bryce Pierre,Pierre,,0,4000,CAR@NYJ,CAR,NYJ,,,,,,TE/FLEX
121620-79979,WR,Jamal,Jamal Agnew,Agnew,0,3,4000,ATL@SF,ATL,SF,,,,,,WR/FLEX
121620-68714,TE,Ko,Ko Kieft,Kieft,0,1,4000,TB@DET,TB,DET,IR,Leg,,,,TE/FLEX
121620-86125,WR,Brandon,Brandon Smith,Smith,,0,4000,CAR@NYJ,NYJ,CAR,,,,,,WR/FLEX
121620-79980,TE,Eric,Eric Saubert,Saubert,0.8500000238418579,2,4000,HOU@SEA,SEA,HOU,,,,,,TE/FLEX
121620-79987,WR,David,David Moore,Moore,0.7333333492279053,3,4000,CAR@NYJ,CAR,NYJ,IR,Elbow,,,,WR/FLEX
121620-46200,TE,Daniel,Daniel Brunskill,Brunskill,0,1,4000,MIA@CLE,MIA,CLE,,,,,,TE/FLEX
121620-64634,WR,Alex,Alex Bachman,Bachman,0.3499999940395355,4,4000,LV@KC,LV,KC,,,,,,WR/FLEX
121620-129147,WR,John,John Saunders Jr.,Saunders Jr.,,0,4000,MIA@CLE,MIA,CLE,,,,,,WR/FLEX
121620-68730,TE,Sean,Sean McKeon,McKeon,,0,4000,IND@LAC,IND,LAC,,,,,,TE/FLEX
121620-80001,RB,Austin,Austin Ekeler,Ekeler,5.300000190734863,2,4000,WAS@DAL,WAS,DAL,IR,Achilles,,,,RB/FLEX
121620-104577,WR,Gunner,Gunner Olszewski,Olszewski,0,6,4000,NYG@DEN,NYG,DEN,,,,,,WR/FLEX
121620-174215,RB,Omarion,Omarion Hampton,Hampton,14,5,4000,IND@LAC,LAC,IND,IR,Ankle,,,,RB/FLEX
121620-83081,RB,Chase,Chase Edmonds,Edmonds,,0,4000,WAS@DAL,WAS,DAL,,,,,,RB/FLEX
121620-63625,RB,Nyheim,Nyheim Miller-Hines,Miller-Hines,0,1,4000,IND@LAC,LAC,IND,,,,,,RB/FLEX
121620-83083,WR,Justin,Justin Watson,Watson,2.25,2,4000,HOU@SEA,HOU,SEA,IR,Achilles,,,,WR/FLEX
121620-87179,TE,Thomas,Thomas Yassmin,Yassmin,,0,4000,IND@LAC,LAC,IND,,,,,,TE/FLEX
121620-168076,RB,Sione,Sione Vaki,Vaki,1.3199999809265137,5,4000,TB@DET,DET,TB,O,Groin,,,,RB/FLEX
121620-143509,TE,Caleb,Caleb Lohner,Lohner,,0,4000,NYG@DEN,DEN,NYG,,,,,,TE/FLEX
121620-63646,TE,Lawrence,Lawrence Cager,Cager,,0,4000,WAS@DAL,WAS,DAL,,,,,,TE/FLEX
121620-135325,TE,Rivaldo,Rivaldo Fairweather,Fairweather,,0,4000,WAS@DAL,DAL,WAS,,,,,,TE/FLEX
121620-62628,WR,DeAndre,DeAndre Carter,Carter,0,4,4000,MIA@CLE,CLE,MIA,IR,Knee,,,,WR/FLEX
121620-71845,RB,Miles,Miles Sanders,Sanders,5.675000190734863,4,4000,WAS@DAL,DAL,WAS,IR,Knee,,,,RB/FLEX
121620-151726,TE,Robbie,Robbie Ouzts,Ouzts,,0,4000,HOU@SEA,SEA,HOU,IR,Ankle,,,,TE/FLEX
121620-201903,WR,Coleman,Coleman Owen,Owen,,0,4000,IND@LAC,IND,LAC,,,,,,WR/FLEX
121620-105648,RB,Tyler,Tyler Goodson,Goodson,0.550000011920929,2,4000,IND@LAC,IND,LAC,O,Groin,,,,RB/FLEX
121620-52409,RB,Jakob,Jakob Johnson,Johnson,,0,4000,HOU@SEA,HOU,SEA,IR,Hamstring,,,,RB/FLEX
121620-86203,WR,Justin,Justin Shorter,Shorter,0,1,4000,LV@KC,LV,KC,,,,,,WR/FLEX
121620-151737,TE,E.J.,E.J. Jenkins,Jenkins,2.3999999364217124,3,4000,PHI@MIN,PHI,MIN,,,,,,TE/FLEX
121620-65724,RB,JaMycal,JaMycal Hasty,Hasty,2.1636362942782315,11,4000,MIA@CLE,MIA,CLE,,,,,,RB/FLEX
121620-151740,RB,Corey,Corey Kiner,Kiner,,0,4000,PHI@MIN,MIN,PHI,,,,,,RB/FLEX
121620-131266,RB,Lan,Lan Larison,Larison,,0,4000,NE@TEN,NE,TEN,IR,Foot,,,,RB/FLEX
121620-83138,TE,Ross,Ross Dwelley,Dwelley,1,1,4000,TB@DET,DET,TB,,,,,,TE/FLEX
121620-57543,RB,D'Ernest,D'Ernest Johnson,Johnson,2.491666634877523,12,4000,GB@ARI,ARI,GB,,,,,,RB/FLEX
121620-70859,TE,Albert,Albert Okwuegbunam Jr.,Okwuegbunam Jr.,6.099999904632568,1,4000,LV@KC,LV,KC,,,,,,TE/FLEX
121620-151761,WR,Malik,Malik Nabers,Nabers,12.774999618530273,4,4000,NYG@DEN,NYG,DEN,IR,Knee - acl,,,,WR/FLEX
121620-25813,WR,Phillip,Phillip Dorsett II,Dorsett II,,0,4000,LV@KC,LV,KC,,,,,,WR/FLEX
121620-95455,WR,D.J.,D.J. Montgomery,Montgomery,,0,4000,IND@LAC,IND,LAC,IR,Undisclosed,,,,WR/FLEX
121620-93408,WR,Rondale,Rondale Moore,Moore,,0,4000,PHI@MIN,MIN,PHI,IR,Knee,,,,WR/FLEX
121620-170208,WR,Kaden,Kaden Davis,Davis,0,1,4000,MIA@CLE,CLE,MIA,,,,,,WR/FLEX
121620-88290,WR,Jeshaun,Jeshaun Jones,Jones,,0,4000,PHI@MIN,MIN,PHI,,,,,,WR/FLEX
121620-169185,WR,Jamaal,Jamaal Pritchett,Pritchett,,0,4000,CAR@NYJ,NYJ,CAR,,,,,,WR/FLEX
121620-170214,WR,Dennis,Dennis Houston,Houston,,0,4000,TB@DET,TB,DET,,,,,,WR/FLEX
121620-130276,WR,Mason,Mason Kinsey,Kinsey,0.5400000095367432,5,4000,NE@TEN,TEN,NE,,,,,,WR/FLEX
121620-86255,TE,Josh,Josh Whyle,Whyle,3.11999994913737,15,4000,GB@ARI,GB,ARI,,,,,,TE/FLEX
121620-110834,WR,Tahj,Tahj Washington,Washington,,0,4000,MIA@CLE,MIA,CLE,NA,Coach's decision,,,,WR/FLEX
121620-151799,WR,Jackson,Jackson Meeks,Meeks,,0,4000,TB@DET,DET,TB,,,,,,WR/FLEX
121620-12540,D,Minnesota,Minnesota Vikings,Vikings,9.4,5,4000,PHI@MIN,MIN,PHI,,,,,,DEF
121620-92413,RB,Elijah,Elijah Mitchell,Mitchell,,0,4000,LV@KC,KC,LV,NA,Coach's decision,,,,RB/FLEX
121620-151806,RB,Raheim,Raheim Sanders,Sanders,6.300000190734863,1,4000,MIA@CLE,CLE,MIA,NA,Coach's decision,,,,RB/FLEX
121620-61693,TE,Danny,Danny Pinter,Pinter,0,1,4000,IND@LAC,IND,LAC,,,,,,TE/FLEX
121620-55552,RB,Jeff,Jeff Wilson Jr.,Wilson Jr.,1.1375000476837158,8,4000,MIA@CLE,MIA,CLE,,,,,,RB/FLEX
121620-91401,WR,Ronnie,Ronnie Bell,Bell,0.6400000095367432,5,4000,NO@CHI,NO,CHI,,,,,,WR/FLEX
121620-52495,WR,Braxton,Braxton Berrios,Berrios,0,6,4000,HOU@SEA,HOU,SEA,,,,,,WR/FLEX
121620-94481,WR,Deven,Deven Thompkins,Thompkins,0,1,4000,ATL@SF,ATL,SF,,,,,,WR/FLEX
121620-174355,WR,Jeremiah,Jeremiah Webb,Webb,,0,4000,NE@TEN,NE,TEN,,,,,,WR/FLEX
121620-71957,WR,Quintez,Quintez Cephus,Cephus,,0,4000,HOU@SEA,HOU,SEA,,,,,,WR/FLEX
121620-110868,RB,Josh,Josh Williams,Williams,0,1,4000,TB@DET,TB,DET,O,Concussion,,,,RB/FLEX
121620-64827,WR,Miles,Miles Boykin,Boykin,,0,4000,NO@CHI,CHI,NO,,,,,,WR/FLEX
121620-149832,TE,Shane,Shane Zylstra,Zylstra,1.350000023841858,2,4000,TB@DET,DET,TB,IR,Ankle,,,,TE/FLEX
121620-91481,WR,Nikko,Nikko Remigio,Remigio,0.6166666746139526,6,4000,LV@KC,KC,LV,,,,,,WR/FLEX
121620-137567,TE,Jalin,Jalin Conyers,Conyers,,0,4000,MIA@CLE,MIA,CLE,IR,Leg,,,,TE/FLEX
121620-151914,TE,Moliki,Moliki Matavao,Matavao,,0,4000,NO@CHI,NO,CHI,,,,,,TE/FLEX
121620-63851,TE,Tyree,Tyree Jackson,Jackson,,0,4000,WAS@DAL,WAS,DAL,IR,Undisclosed,,,,TE/FLEX
121620-89455,WR,Jayden,Jayden Reed,Reed,12,1,4000,GB@ARI,GB,ARI,IR,Collarbone,,,,WR/FLEX
121620-90480,TE,Joel,Joel Wilson,Wilson,,0,4000,NE@TEN,TEN,NE,,,,,,TE/FLEX
121620-90483,TE,Bernhard,Bernhard Raimann,Raimann,0,2,4000,IND@LAC,IND,LAC,,,,,,TE/FLEX
121620-56698,WR,Dante,Dante Pettis,Pettis,3.25,8,4000,NO@CHI,NO,CHI,,,,,,WR/FLEX
121620-92545,RB,Keaontay,Keaontay Ingram,Ingram,0,1,4000,LV@KC,KC,LV,IR,Undisclosed,,,,RB/FLEX
121620-185728,TE,Patrick,Patrick Murtagh,Murtagh,,0,4000,NYG@DEN,DEN,NYG,,,,,,TE/FLEX
121620-114054,WR,Dalen,Dalen Cambre,Cambre,,0,4000,NYG@DEN,NYG,DEN,,,,,,WR/FLEX
121620-87432,WR,Cedric,Cedric Tillman,Tillman,7.025000095367432,4,4000,MIA@CLE,CLE,MIA,IR,Hamstring,,,,WR/FLEX
121620-94600,WR,John,John Stephens Jr.,Stephens Jr.,,0,4000,WAS@DAL,DAL,WAS,IR,Undisclosed,,,,WR/FLEX
121620-183693,WR,Da'Quan,Da'Quan Felton,Felton,,0,4000,NYG@DEN,NYG,DEN,IR,Undisclosed,,,,WR/FLEX
121620-138643,WR,Jason,Jason Brownlee,Brownlee,0,1,4000,LV@KC,KC,LV,,,,,,WR/FLEX
121620-87442,TE,Princeton,Princeton Fant,Fant,0,2,4000,WAS@DAL,DAL,WAS,,,,,,TE/FLEX
121620-43416,WR,Trent,Trent Taylor,Taylor,1.600000023841858,1,4000,ATL@SF,SF,ATL,IR,Undisclosed,,,,WR/FLEX
121620-90522,TE,Cameron,Cameron Latu,Latu,,0,4000,PHI@MIN,PHI,MIN,,,,,,TE/FLEX
121620-92573,TE,Travis,Travis Vokolek,Vokolek,0,1,4000,GB@ARI,ARI,GB,IR,Neck,,,,TE/FLEX
121620-94621,WR,Derius,Derius Davis,Davis,-0.5,3,4000,IND@LAC,LAC,IND,Q,Knee,,,,WR/FLEX
121620-114079,TE,Hayden,Hayden Rucci,Rucci,,0,4000,MIA@CLE,MIA,CLE,,,,,,TE/FLEX
121620-94625,WR,Jalen,Jalen Reagor,Reagor,1.5999999727521623,7,4000,IND@LAC,LAC,IND,,,,,,WR/FLEX
121620-93600,WR,Bryce,Bryce Ford-Wheaton,Ford-Wheaton,0,1,4000,NYG@DEN,NYG,DEN,IR,Achilles,,,,WR/FLEX
121620-103844,WR,Nick,Nick Nash,Nash,,0,4000,ATL@SF,ATL,SF,,,,,,WR/FLEX
121620-60838,WR,Andre,Andre Baccellia,Baccellia,,0,4000,GB@ARI,ARI,GB,,,,,,WR/FLEX
121620-112041,WR,Isaiah,Isaiah Williams,Williams,-0.6666666666666666,3,4000,CAR@NYJ,NYJ,CAR,,,,,,WR/FLEX
121620-87469,TE,Jelani,Jelani Woods,Woods,,0,4000,CAR@NYJ,NYJ,CAR,NA,Coach's decision,,,,TE/FLEX
121620-53681,WR,Tyreek,Tyreek Hill,Hill,11.5,4,4000,MIA@CLE,MIA,CLE,IR,Knee - acl,,,,WR/FLEX
121620-133558,WR,Luke,Luke Floriea,Floriea,,0,4000,MIA@CLE,CLE,MIA,,,,,,WR/FLEX
121620-129466,TE,Gee,Gee Scott Jr.,Scott Jr.,,0,4000,NE@TEN,NE,TEN,,,,,,TE/FLEX
121620-114109,WR,Ainias,Ainias Smith,Smith,2.839999961853027,5,4000,CAR@NYJ,CAR,NYJ,,,,,,WR/FLEX
121620-92606,WR,Bo,Bo Melton,Melton,0.15000000596046448,2,4000,GB@ARI,GB,ARI,,,,,,WR/FLEX
121620-206276,WR,Jaden,Jaden Smith,Smith,,0,4000,TB@DET,TB,DET,IR,Undisclosed,,,,WR/FLEX
121620-26057,RB,Michael,Michael Burton,Burton,2.209090839732777,11,4000,NYG@DEN,DEN,NYG,IR,Hamstring,,,,RB/FLEX
121620-152014,WR,JP,JP Richardson,Richardson,,0,4000,NO@CHI,CHI,NO,,,,,,WR/FLEX
121620-90575,RB,Najee,Najee Harris,Harris,3.366666793823242,3,4000,IND@LAC,LAC,IND,IR,Achilles,,,,RB/FLEX
121620-109007,WR,Josh,Josh Kelly,Kelly,,0,4000,HOU@SEA,HOU,SEA,,,,,,WR/FLEX
121620-54746,TE,Tyler,Tyler Ott,Ott,0,1,4000,WAS@DAL,WAS,DAL,,,,,,TE/FLEX
121620-157150,RB,Audric,Audric Estime,Estime,3.553846212533804,13,4000,PHI@MIN,PHI,MIN,,,,,,RB/FLEX
121620-102882,WR,Anthony,Anthony Gould,Gould,0,5,4000,IND@LAC,IND,LAC,,,,,,WR/FLEX
121620-14820,RB,Nick,Nick Bellore,Bellore,0,1,4000,WAS@DAL,WAS,DAL,,,,,,RB/FLEX
121620-112101,WR,Jared,Jared Wayne,Wayne,0,1,4000,HOU@SEA,HOU,SEA,,,,,,WR/FLEX
121620-71143,TE,Kylen,Kylen Granson,Granson,0.800000011920929,2,4000,PHI@MIN,PHI,MIN,,,,,,TE/FLEX
121620-133615,WR,Dontae,Dontae Fleming,Fleming,,0,4000,PHI@MIN,MIN,PHI,,,,,,WR/FLEX
121620-193004,WR,Jahdae,Jahdae Walker,Walker,,0,4000,NO@CHI,CHI,NO,NA,Coach's decision,,,,WR/FLEX
121620-89586,TE,Tucker,Tucker Fisk,Fisk,0,2,4000,IND@LAC,LAC,IND,,,,,,TE/FLEX
121620-102902,WR,Trey,Trey Palmer,Palmer,2.085714340209961,14,4000,NO@CHI,NO,CHI,IR,Ankle,,,,WR/FLEX
121620-138746,WR,Javon,Javon Baker,Baker,0.2833333412806193,6,4000,PHI@MIN,PHI,MIN,,,,,,WR/FLEX
121620-40442,RB,Aaron,Aaron Jones Sr.,Jones Sr.,8.25,2,4000,PHI@MIN,MIN,PHI,IR,Hamstring,,,,RB/FLEX
121620-156152,WR,Tejhaun,Tejhaun Palmer,Palmer,,0,4000,GB@ARI,ARI,GB,,,,,,WR/FLEX
121620-60930,RB,Myles,Myles Gaskin,Gaskin,0.375,4,4000,HOU@SEA,SEA,HOU,,,,,,RB/FLEX
121620-113160,WR,Jakobie,Jakobie Keeney-James,Keeney-James,,0,4000,GB@ARI,GB,ARI,,,,,,WR/FLEX
121620-201230,RB,Dylan,Dylan Laube,Laube,0.4833333492279053,6,4000,LV@KC,LV,KC,,,,,,RB/FLEX
121620-128535,TE,Maximilian,Maximilian Mang,Mang,,0,4000,IND@LAC,IND,LAC,,,,,,TE/FLEX
121620-129560,WR,Xavier,Xavier Restrepo,Restrepo,,0,4000,NE@TEN,TEN,NE,,,,,,WR/FLEX
121620-160287,RB,Amar,Amar Johnson,Johnson,,0,4000,IND@LAC,LAC,IND,,,,,,RB/FLEX
121620-73247,RB,Kene,Kene Nwangwu,Nwangwu,0,2,4000,CAR@NYJ,NYJ,CAR,,,,,,RB/FLEX
121620-103966,TE,Stone,Stone Smartt,Smartt,3.828571319580078,7,4000,CAR@NYJ,NYJ,CAR,,,,,,TE/FLEX
121620-185889,TE,Tanner,Tanner Taula,Taula,,0,4000,TB@DET,TB,DET,,,,,,TE/FLEX
121620-156197,TE,Bryson,Bryson Nesbit,Nesbit,,0,4000,PHI@MIN,MIN,PHI,,,,,,TE/FLEX
121620-226859,WR,Darius,Darius Cooper,Cooper,,0,4000,PHI@MIN,PHI,MIN,IR,Shoulder,,,,WR/FLEX
121620-89644,RB,Isaac,Isaac Guerendo,Guerendo,0,4,4000,ATL@SF,SF,ATL,,,,,,RB/FLEX
121620-201260,WR,Mason,Mason Tipton,Tipton,0,1,4000,NO@CHI,NO,CHI,,,,,,WR/FLEX
121620-160306,RB,Pierre,Pierre Strong Jr.,Strong Jr.,2.3500000635782876,12,4000,GB@ARI,GB,ARI,,,,,,RB/FLEX
121620-60981,TE,Charlie,Charlie Heck,Heck,,0,4000,TB@DET,TB,DET,,,,,,TE/FLEX
121620-173626,TE,Nate,Nate Adkins,Adkins,3.6000000635782876,3,4000,NYG@DEN,DEN,NYG,,,,,,TE/FLEX
121620-226875,WR,Ja'seem,Ja'seem Reed,Reed,,0,4000,CAR@NYJ,CAR,NYJ,,,,,,WR/FLEX
121620-173631,RB,Dante,Dante Miller,Miller,,0,4000,NYG@DEN,NYG,DEN,,,,,,RB/FLEX
121620-226878,TE,Carter,Carter Runyon,Runyon,,0,4000,LV@KC,LV,KC,,,,,,TE/FLEX
121620-152128,WR,Dominic,Dominic Lovett,Lovett,0,1,4000,TB@DET,DET,TB,,,,,,WR/FLEX
121620-87621,WR,A.T.,A.T. Perry,Perry,,0,4000,NYG@DEN,DEN,NYG,,,,,,WR/FLEX
121620-104008,TE,Stephen,Stephen Carlson,Carlson,,0,4000,NO@CHI,CHI,NO,,,,,,TE/FLEX
121620-114252,WR,Xavier,Xavier Weaver,Weaver,0,1,4000,GB@ARI,ARI,GB,,,,,,WR/FLEX
121620-54863,WR,C.J.,C.J. Goodwin,Goodwin,0,4,4000,WAS@DAL,DAL,WAS,,,,,,WR/FLEX
121620-104019,TE,Matt,Matt Orzech,Orzech,0,2,4000,GB@ARI,GB,ARI,,,,,,TE/FLEX
121620-87634,TE,Blake,Blake Whiteheart,Whiteheart,0.25,2,4000,MIA@CLE,CLE,MIA,,,,,,TE/FLEX
121620-86612,TE,Brayden,Brayden Willis,Willis,0,1,4000,ATL@SF,SF,ATL,,,,,,TE/FLEX
121620-18009,TE,Chris,Chris Manhertz,Manhertz,0.6000000238418579,2,4000,NYG@DEN,NYG,DEN,,,,,,TE/FLEX
121620-129641,WR,Will,Will Sheppard,Sheppard,,0,4000,GB@ARI,GB,ARI,,,,,,WR/FLEX
121620-147049,TE,Drew,Drew Ogletree,Ogletree,1.9454545107754795,11,4000,IND@LAC,IND,LAC,,,,,,TE/FLEX
121620-131694,TE,Luke,Luke Lachey,Lachey,,0,4000,HOU@SEA,HOU,SEA,,,,,,TE/FLEX
121620-94831,RB,Deneric,Deneric Prince,Prince,,0,4000,NE@TEN,NE,TEN,IR,Undisclosed,,,,RB/FLEX
121620-87668,WR,Shedrick,Shedrick Jackson,Jackson,,0,4000,LV@KC,LV,KC,,,,,,WR/FLEX
121620-104054,RB,Sincere,Sincere McCormick,McCormick,6.050000190734863,4,4000,ATL@SF,SF,ATL,,,,,,RB/FLEX
121620-201342,RB,Chris,Chris Collier,Collier,0.2166666587193807,6,4000,LV@KC,LV,KC,,,,,,RB/FLEX
121620-135812,WR,Quentin,Quentin Skinner,Skinner,,0,4000,CAR@NYJ,NYJ,CAR,,,,,,WR/FLEX
121620-26251,WR,Robbie,Robbie Chosen,Chosen,1,1,4000,WAS@DAL,WAS,DAL,,,,,,WR/FLEX
121620-87690,TE,Sal,Sal Cannella,Cannella,,0,4000,MIA@CLE,CLE,MIA,,,,,,TE/FLEX
121620-94864,RB,Jashaun,Jashaun Corbin,Corbin,,0,4000,NE@TEN,NE,TEN,,,,,,RB/FLEX
121620-135824,WR,Luke,Luke Grimm,Grimm,,0,4000,IND@LAC,LAC,IND,,,,,,WR/FLEX
121620-64147,WR,Britain,Britain Covey,Covey,1.3800000190734862,5,4000,PHI@MIN,PHI,MIN,,,,,,WR/FLEX
121620-93845,WR,Tay,Tay Martin,Martin,1.649999976158142,2,4000,WAS@DAL,WAS,DAL,,,,,,WR/FLEX
121620-110230,RB,Kenny,Kenny McIntosh,McIntosh,2.322222179836697,9,4000,HOU@SEA,SEA,HOU,IR,Knee - acl,,,,RB/FLEX
121620-93853,WR,Thayer,Thayer Thomas,Thomas,,0,4000,NYG@DEN,DEN,NYG,Q,Undisclosed,,,,WR/FLEX
121620-86692,TE,Thomas,Thomas Odukoya,Odukoya,,0,4000,NE@TEN,NE,TEN,,,,,,TE/FLEX
121620-167588,WR,Jacoby,Jacoby Jones,Jones,,0,4000,WAS@DAL,WAS,DAL,,,,,,WR/FLEX
121620-104102,TE,Leroy,Leroy Watson IV,Watson IV,0,1,4000,LV@KC,LV,KC,,,,,,TE/FLEX
121620-128681,TE,Caden,Caden Prieskorn,Prieskorn,,0,4000,TB@DET,TB,DET,,,,,,TE/FLEX
121620-85672,WR,Terrace,Terrace Marshall,Marshall,1.1199999809265138,5,4000,PHI@MIN,PHI,MIN,,,,,,WR/FLEX
121620-94888,TE,Messiah,Messiah Swinson,Swinson,,0,4000,ATL@SF,SF,ATL,,,,,,TE/FLEX
121620-103083,WR,Theo,Theo Wease Jr.,Wease Jr.,,0,4000,MIA@CLE,MIA,CLE,,,,,,WR/FLEX
121620-87731,WR,Dominique,Dominique Robinson,Robinson,0,1,4000,NO@CHI,CHI,NO,,,,,,WR/FLEX
121620-52916,WR,Russell,Russell Gage Jr.,Gage Jr.,,0,4000,ATL@SF,SF,ATL,,,,,,WR/FLEX
121620-104117,TE,Joshua,Joshua Simon,Simon,,0,4000,ATL@SF,ATL,SF,,,,,,TE/FLEX
121620-69302,TE,Feleipe,Feleipe Franks,Franks,0.20000000298023224,1,4000,ATL@SF,ATL,SF,Q,Calf,,,,TE/FLEX
121620-61112,TE,Josiah,Josiah Deguara,Deguara,0.9666666984558105,3,4000,GB@ARI,ARI,GB,,,,,,TE/FLEX
121620-110274,WR,Bub,Bub Means,Means,5.574999809265137,4,4000,NO@CHI,NO,CHI,IR,Lower leg,,,,WR/FLEX
121620-193226,TE,Mason,Mason Pline,Pline,,0,4000,NO@CHI,NO,CHI,IR,Upper body,,,,TE/FLEX
121620-158412,RB,Braelon,Braelon Allen,Allen,3.575000047683716,4,4000,CAR@NYJ,NYJ,CAR,IR,Knee - mcl,,,,RB/FLEX
121620-114382,WR,Cade,Cade McDonald,McDonald,,0,4000,MIA@CLE,CLE,MIA,IR,Undisclosed,,,,WR/FLEX
121620-63186,WR,James,James Proche II,Proche II,0.1777777804268731,9,4000,NE@TEN,TEN,NE,,,,,,WR/FLEX
121620-156374,TE,Tre,Tre Watson,Watson,,0,4000,LV@KC,KC,LV,,,,,,TE/FLEX
121620-142042,RB,Trey,Trey Benson,Benson,7.224999904632568,4,4000,GB@ARI,ARI,GB,IR,Knee - meniscus,,,,RB/FLEX
121620-86747,WR,Dylan,Dylan Drummond,Drummond,,0,4000,ATL@SF,ATL,SF,,,,,,WR/FLEX
121620-92890,WR,Cody,Cody White,White,0,1,4000,HOU@SEA,SEA,HOU,,,,,,WR/FLEX
121620-111325,RB,Ulysses,Ulysses Bentley IV,Bentley IV,0,1,4000,IND@LAC,IND,LAC,,,,,,RB/FLEX
121620-147168,WR,Chris,Chris Blair,Blair,1.100000023841858,2,4000,ATL@SF,ATL,SF,,,,,,WR/FLEX
121620-86762,TE,Jack,Jack Westover,Westover,0,1,4000,NE@TEN,NE,TEN,,,,,,TE/FLEX
121620-85741,RB,Clyde,Clyde Edwards-Helaire,Edwards-Helaire,2.8333333333333335,3,4000,LV@KC,KC,LV,,,,,,RB/FLEX
121620-137966,WR,A.J.,A.J. Henning,Henning,,0,4000,MIA@CLE,MIA,CLE,,,,,,WR/FLEX
121620-40687,RB,James,James Conner,Conner,9.766666412353516,3,4000,GB@ARI,ARI,GB,IR,Foot,,,,RB/FLEX
121620-131835,WR,Efton,Efton Chism III,Chism III,0,1,4000,NE@TEN,NE,TEN,,,,,,WR/FLEX
121620-86778,TE,Devin,Devin Culp,Culp,3.7666667302449546,3,4000,TB@DET,TB,DET,,,,,,TE/FLEX
121620-86780,RB,Salvon,Salvon Ahmed,Ahmed,,0,4000,IND@LAC,IND,LAC,IR,Ankle,,,,RB/FLEX
121620-137990,TE,Tip,Tip Reiman,Reiman,1.099999984105428,3,4000,GB@ARI,ARI,GB,IR,Ankle,,,,TE/FLEX
121620-156426,RB,Brock,Brock Lampe,Lampe,,0,4000,NE@TEN,NE,TEN,IR,Undisclosed,,,,RB/FLEX
121620-71444,RB,Travis,Travis Homer,Homer,0.9800000190734863,5,4000,NO@CHI,CHI,NO,,,,,,RB/FLEX
121620-103192,TE,Jared,Jared Wiley,Wiley,0.6000000238418579,2,4000,LV@KC,KC,LV,NA,Coach's decision,,,,TE/FLEX
121620-91931,TE,Greg,Greg Dulcich,Dulcich,1.3250000476837158,4,4000,MIA@CLE,MIA,CLE,,,,,,TE/FLEX
121620-71459,RB,Brittain,Brittain Brown,Brown,,0,4000,NO@CHI,CHI,NO,,,,,,RB/FLEX
121620-114469,WR,Tyrone,Tyrone Broden,Broden,,0,4000,HOU@SEA,SEA,HOU,,,,,,WR/FLEX
121620-87844,TE,Brady,Brady Russell,Russell,0,1,4000,HOU@SEA,SEA,HOU,,,,,,TE/FLEX
121620-138028,RB,Kalel,Kalel Mullings,Mullings,,0,4000,NE@TEN,TEN,NE,IR,Ankle,,,,RB/FLEX
121620-55088,WR,Malik,Malik Turner,Turner,0,1,4000,ATL@SF,SF,ATL,,,,,,WR/FLEX
121620-90933,RB,Antonio,Antonio Gibson,Gibson,4.44000015258789,5,4000,NE@TEN,NE,TEN,IR,Knee - acl,,,,RB/FLEX
121620-72515,TE,Ian,Ian Thomas,Thomas,2.200000047683716,2,4000,LV@KC,LV,KC,,,,,,TE/FLEX
121620-119619,WR,Traeshon,Traeshon Holden,Holden,,0,4000,WAS@DAL,DAL,WAS,,,,,,WR/FLEX
121620-112455,WR,Xavier,Xavier Gipson,Gipson,-2,1,4000,PHI@MIN,PHI,MIN,,,,,,WR/FLEX
121620-58189,TE,Mitchell,Mitchell Fraboni,Fraboni,0,1,4000,NYG@DEN,DEN,NYG,,,,,,TE/FLEX
121620-41806,WR,Laquon,Laquon Treadwell,Treadwell,,0,4000,IND@LAC,IND,LAC,,,,,,WR/FLEX
121620-201553,WR,John,John Jiles,Jiles,,0,4000,NE@TEN,NE,TEN,,,,,,WR/FLEX
121620-91989,RB,Jordan,Jordan Mims,Mims,2.8714286259242465,7,4000,NE@TEN,TEN,NE,,,,,,RB/FLEX
121620-93023,RB,Jermar,Jermar Jefferson,Jefferson,1.850000023841858,2,4000,GB@ARI,ARI,GB,,,,,,RB/FLEX
121620-154461,WR,Ja'Corey,Ja'Corey Brooks,Brooks,,0,4000,WAS@DAL,WAS,DAL,,,,,,WR/FLEX
121620-93026,TE,Teagan,Teagan Quitoriano,Quitoriano,0,2,4000,ATL@SF,ATL,SF,,,,,,TE/FLEX
121620-114530,WR,Jacob,Jacob Cowing,Cowing,0.5799999872843424,15,4000,ATL@SF,SF,ATL,IR,Hamstring,,,,WR/FLEX
121620-70501,RB,C.J.,C.J. Ham,Ham,2.050000031789144,6,4000,PHI@MIN,MIN,PHI,,,,,,RB/FLEX
121620-114532,RB,Deion,Deion Hankins,Hankins,,0,4000,NO@CHI,CHI,NO,IR,Quadriceps,,,,RB/FLEX
121620-192359,WR,JaQuae,JaQuae Jackson,Jackson,,0,4000,IND@LAC,LAC,IND,,,,,,WR/FLEX
121620-169834,WR,Dareke,Dareke Young,Young,1.4500000476837158,4,4000,HOU@SEA,SEA,HOU,,,,,,WR/FLEX
121620-156523,RB,Carson,Carson Steele,Steele,1.569230739886944,13,4000,LV@KC,KC,LV,,,,,,RB/FLEX
121620-120684,WR,Garrett,Garrett Greene,Greene,,0,4000,TB@DET,TB,DET,,,,,,WR/FLEX
121620-120694,WR,Ja'Lynn,Ja'Lynn Polk,Polk,2.053846212533804,13,4000,NO@CHI,NO,CHI,IR,Shoulder,,,,WR/FLEX
121620-134014,WR,Jordan,Jordan Watkins,Watkins,,0,4000,ATL@SF,SF,ATL,,,,,,WR/FLEX
121620-103302,WR,Courtney,Courtney Jackson,Jackson,,0,4000,HOU@SEA,SEA,HOU,,,,,,WR/FLEX
121620-23435,TE,Andrew,Andrew DePaola,DePaola,,0,4000,PHI@MIN,MIN,PHI,,,,,,TE/FLEX
121620-103308,RB,Jawhar,Jawhar Jordan,Jordan,,0,4000,HOU@SEA,HOU,SEA,,,,,,RB/FLEX
121620-94094,TE,Brevin,Brevin Jordan,Jordan,0.8500000238418579,2,4000,HOU@SEA,HOU,SEA,IR,Knee,,,,TE/FLEX
121620-119697,RB,MarShawn,MarShawn Lloyd,Lloyd,2.299999952316284,1,4000,GB@ARI,GB,ARI,IR,Hamstring,,,,RB/FLEX
121620-128913,WR,Malachi,Malachi Corley,Corley,1.100000023841858,1,4000,MIA@CLE,CLE,MIA,,,,,,WR/FLEX
121620-64405,WR,Dan,Dan Chisena,Chisena,1.2999999523162842,4,4000,CAR@NYJ,CAR,NYJ,,,,,,WR/FLEX
121620-92056,TE,Cal,Cal Adomitis,Adomitis,,0,4000,PHI@MIN,PHI,MIN,,,,,,TE/FLEX
121620-28570,TE,Nick,Nick Vannett,Vannett,3.3333333333333335,12,4000,PHI@MIN,MIN,PHI,,,,,,TE/FLEX
121620-94116,TE,Will,Will Mallory,Mallory,0.612500011920929,8,4000,IND@LAC,IND,LAC,,,,,,TE/FLEX
121620-119722,WR,Johnny,Johnny Wilson,Wilson,1.2300000190734863,10,4000,PHI@MIN,PHI,MIN,IR,Knee,,,,WR/FLEX
121620-167849,TE,Zach,Zach Horton,Horton,,0,4000,TB@DET,DET,TB,,,,,,TE/FLEX
121620-175021,RB,Jordan,Jordan James,James,,0,4000,ATL@SF,SF,ATL,,,,,,RB/FLEX
121620-137139,WR,Myles,Myles Price,Price,-0.4,5,4000,PHI@MIN,MIN,PHI,,,,,,WR/FLEX
121620-72627,RB,Patrick,Patrick Taylor Jr.,Taylor Jr.,6.259999847412109,5,4000,ATL@SF,SF,ATL,IR,Shoulder,,,,RB/FLEX
121620-119730,WR,Jimmy,Jimmy Holiday,Holiday,,0,4000,LV@KC,KC,LV,,,,,,WR/FLEX
121620-104388,WR,Tom,Tom Kennedy,Kennedy,0,3,4000,TB@DET,DET,TB,,,,,,WR/FLEX
121620-56262,WR,Parris,Parris Campbell,Campbell,2.4,5,4000,WAS@DAL,DAL,WAS,,,,,,WR/FLEX
121620-152522,RB,Phil,Phil Mafah,Mafah,,0,4000,WAS@DAL,DAL,WAS,IR,Shoulder,,,,RB/FLEX
121620-69581,WR,Cedrick,Cedrick Wilson Jr.,Wilson Jr.,3.630908966064453,11,4000,MIA@CLE,MIA,CLE,NA,Coach's decision,,,,WR/FLEX
121620-152526,TE,Jake,Jake Briningstool,Briningstool,,0,4000,LV@KC,KC,LV,IR,Hamstring,,,,TE/FLEX
121620-73687,WR,Quez,Quez Watkins,Watkins,,0,4000,PHI@MIN,PHI,MIN,Q,Undisclosed,,,,WR/FLEX
121620-72665,TE,Kenny,Kenny Yeboah,Yeboah,2.199999968210856,6,4000,TB@DET,DET,TB,IR,Knee,,,,TE/FLEX
121620-152540,TE,CJ,CJ Dippre,Dippre,,0,4000,NE@TEN,NE,TEN,,,,,,TE/FLEX
121620-138221,WR,Ricky,Ricky White III,White III,,0,4000,HOU@SEA,SEA,HOU,,,,,,WR/FLEX
121620-152574,RB,Donovan,Donovan Edwards,Edwards,,0,4000,WAS@DAL,WAS,DAL,,,,,,RB/FLEX
121620-96254,TE,Nick,Nick Muse,Muse,0,2,4000,GB@ARI,ARI,GB,,,,,,TE/FLEX
121620-12529,D,Cleveland,Cleveland Browns,Browns,4,6,3900,MIA@CLE,CLE,MIA,,,,,,DEF
121620-12539,D,Miami,Miami Dolphins,Dolphins,4.5,6,3800,MIA@CLE,MIA,CLE,,,,,,DEF
121620-12553,D,Carolina,Carolina Panthers,Panthers,4.5,6,3700,CAR@NYJ,CAR,NYJ,,,,,,DEF
121620-12556,D,Houston,Houston Texans,Texans,8.6,5,3700,HOU@SEA,HOU,SEA,,,,,,DEF
121620-12544,D,New York,New York Jets,Jets,3,6,3600,CAR@NYJ,NYJ,CAR,,,,,,DEF
121620-12530,D,Dallas,Dallas Cowboys,Cowboys,2.1666666666666665,6,3500,WAS@DAL,DAL,WAS,,,,,,DEF
121620-12551,D,Tampa Bay,Tampa Bay Buccaneers,Buccaneers,5.833333333333333,6,3500,TB@DET,TB,DET,,,,,,DEF
121620-12534,D,Tennessee,Tennessee Titans,Titans,5.333333333333333,6,3400,NE@TEN,TEN,NE,,,,,,DEF
121620-12543,D,New York,New York Giants,Giants,3.6666666666666665,6,3300,NYG@DEN,NYG,DEN,,,,,,DEF
121620-12525,D,Atlanta,Atlanta Falcons,Falcons,7.6,5,3200,ATL@SF,ATL,SF,,,,,,DEF
121620-12546,D,Arizona,Arizona Cardinals,Cardinals,6.333333333333333,6,3200,GB@ARI,ARI,GB,,,,,,DEF
121620-12537,D,Las Vegas,Las Vegas Raiders,Raiders,4.833333333333333,6,3100,LV@KC,LV,KC,,,,,,DEF
121620-12542,D,New Orleans,New Orleans Saints,Saints,5.666666666666667,6,3000,NO@CHI,NO,CHI,,,,,,DEF