Id,Position,First Name,Nickname,Last Name,FPPG,Played,Salary,Game,Team,Opponent,Injury Indicator,Injury Details,Tier,,,Roster Position
122526-103020,WR,Puka,Puka Nacua,Nacua,20.014286586216517,7,9900,LAR@SF,LAR,SF,,,,,,WR/FLEX
122526-55050,RB,Christian,Christian McCaffrey,McCaffrey,22.966666327582466,9,9700,LAR@SF,SF,LAR,,,,,,RB/FLEX
122526-129458,WR,Jaxon,Jaxon Smith-Njigba,Smith-Njigba,20.75,8,9500,ARI@SEA,SEA,ARI,,,,,,WR/FLEX
122526-86997,WR,Amon-Ra,Amon-Ra St. Brown,St. Brown,17.737499237060547,8,9300,DET@WAS,DET,WAS,,,,,,WR/FLEX
122526-91626,RB,James,James Cook III,Cook III,20.024999618530273,8,9200,BUF@MIA,BUF,MIA,,,,,,RB/FLEX
122526-62239,QB,Josh,Josh Allen,Allen,24.040000915527344,8,9200,BUF@MIA,BUF,MIA,,,,,,QB
122526-72731,RB,Josh,Josh Jacobs,Jacobs,18.162500381469727,8,9000,PHI@GB,GB,PHI,,,,,,RB/FLEX
122526-63115,QB,Lamar,Lamar Jackson,Jackson,23.98399963378906,5,9000,BAL@MIN,BAL,MIN,,,,,,QB
122526-85671,WR,Justin,Justin Jefferson,Jefferson,13.350000381469727,8,9000,BAL@MIN,MIN,BAL,,,,,,WR/FLEX
122526-69531,QB,Jalen,Jalen Hurts,Hurts,22.22249984741211,8,8900,PHI@GB,PHI,GB,,,,,,QB
122526-129368,RB,Jahmyr,Jahmyr Gibbs,Gibbs,16.787500381469727,8,8800,DET@WAS,DET,WAS,,,,,,RB/FLEX
122526-102785,QB,Jayden,Jayden Daniels,Daniels,18.926666259765625,6,8800,DET@WAS,WAS,DET,O,Elbow,,,,QB
122526-45889,WR,Davante,Davante Adams,Adams,14.762499809265137,8,8800,LAR@SF,LAR,SF,,,,,,WR/FLEX
122526-138820,RB,De'Von,De'Von Achane,Achane,17.166666666666668,9,8500,BUF@MIA,MIA,BUF,,,,,,RB/FLEX
122526-39280,RB,Derrick,Derrick Henry,Henry,13.9375,8,8400,BAL@MIN,BAL,MIN,,,,,,RB/FLEX
122526-69189,QB,Justin,Justin Herbert,Herbert,22.788889567057293,9,8400,PIT@LAC,LAC,PIT,,,,,,QB
122526-64401,RB,Saquon,Saquon Barkley,Barkley,14.850000381469727,8,8300,PHI@GB,PHI,GB,,,,,,RB/FLEX
122526-72846,WR,A.J.,A.J. Brown,Brown,11.142857142857142,7,8200,PHI@GB,PHI,GB,,,,,,WR/FLEX
122526-152316,QB,Drake,Drake Maye,Maye,21.455556233723957,9,8200,NE@TB,NE,TB,,,,,,QB
122526-104433,RB,Kyren,Kyren Williams,Williams,15.024999618530273,8,8200,LAR@SF,LAR,SF,,,,,,RB/FLEX
122526-91419,WR,Nico,Nico Collins,Collins,11.099999564034599,7,8000,JAC@HOU,HOU,JAC,,,,,,WR/FLEX
122526-6654,QB,Matthew,Matthew Stafford,Stafford,21.15999984741211,8,8000,LAR@SF,LAR,SF,,,,,,QB
122526-72297,RB,Rico,Rico Dowdle,Dowdle,14.799999660915798,9,8000,NO@CAR,CAR,NO,,,,,,RB/FLEX
122526-41535,QB,Baker,Baker Mayfield,Mayfield,18.19499969482422,8,7900,NE@TB,TB,NE,,,,,,QB
122526-152655,WR,Emeka,Emeka Egbuka,Egbuka,14.012499809265137,8,7800,NE@TB,TB,NE,,,,,,WR/FLEX
122526-152664,RB,Bucky,Bucky Irving,Irving,16.375,4,7800,NE@TB,TB,NE,O,Foot,,,,RB/FLEX
122526-38435,QB,Jared,Jared Goff,Goff,17.862499237060547,8,7800,DET@WAS,DET,WAS,,,,,,QB
122526-151966,QB,Jaxson,Jaxson Dart,Dart,17.137500762939453,8,7700,NYG@CHI,NYG,CHI,,,,,,QB
122526-120033,WR,Rome,Rome Odunze,Odunze,12.350000381469727,8,7600,NYG@CHI,CHI,NYG,,,,,,WR/FLEX
122526-133472,WR,Ladd,Ladd McConkey,McConkey,10.766666836208767,9,7600,PIT@LAC,LAC,PIT,,,,,,WR/FLEX
122526-169410,RB,Quinshon,Quinshon Judkins,Judkins,13.37142835344587,7,7600,CLE@NYJ,CLE,NYJ,,,,,,RB/FLEX
122526-63589,QB,Sam,Sam Darnold,Darnold,18.5575008392334,8,7500,ARI@SEA,SEA,ARI,,,,,,QB
122526-103564,WR,Garrett,Garrett Wilson,Wilson,13.583333333333334,6,7500,CLE@NYJ,NYJ,CLE,Q,Knee,,,,WR/FLEX
122526-103064,RB,Breece,Breece Hall,Hall,13.694999694824219,8,7500,CLE@NYJ,NYJ,CLE,,,,,,RB/FLEX
122526-129210,WR,Jordan,Jordan Addison,Addison,13.360000610351562,5,7400,BAL@MIN,MIN,BAL,,,,,,WR/FLEX
122526-73048,WR,DK,DK Metcalf,Metcalf,11.774999618530273,8,7400,PIT@LAC,PIT,LAC,,,,,,WR/FLEX
122526-152113,QB,Caleb,Caleb Williams,Williams,20.017499923706055,8,7400,NYG@CHI,CHI,NYG,,,,,,QB
122526-128633,RB,Kimani,Kimani Vidal,Vidal,9.566666920979818,6,7400,PIT@LAC,LAC,PIT,,,,,,RB/FLEX
122526-69017,QB,Jordan,Jordan Love,Love,18.604999542236328,8,7300,PHI@GB,GB,PHI,,,,,,QB
122526-137902,RB,Rachaad,Rachaad White,White,9.362500190734863,8,7300,NE@TB,TB,NE,,,,,,RB/FLEX
122526-56018,WR,Deebo,Deebo Samuel Sr.,Samuel Sr.,10.824999809265137,8,7300,DET@WAS,WAS,DET,,,,,,WR/FLEX
122526-63484,QB,Kyler,Kyler Murray,Murray,16.155999755859376,5,7300,ARI@SEA,ARI,SEA,IR,Foot,,,,QB
122526-90573,WR,Jaylen,Jaylen Waddle,Waddle,11.824444240993923,9,7200,BUF@MIA,MIA,BUF,,,,,,WR/FLEX
122526-89951,QB,Trevor,Trevor Lawrence,Lawrence,17.412500381469727,8,7200,JAC@HOU,JAC,HOU,,,,,,QB
122526-103342,RB,Kenneth,Kenneth Walker III,Walker III,10.149999618530273,8,7200,ARI@SEA,SEA,ARI,,,,,,RB/FLEX
122526-91598,RB,D'Andre,D'Andre Swift,Swift,15.514285496303014,7,7100,NYG@CHI,CHI,NYG,Q,Groin,,,,RB/FLEX
122526-112295,WR,Zay,Zay Flowers,Flowers,10.875,8,7100,BAL@MIN,BAL,MIN,,,,,,WR/FLEX
122526-152575,QB,J.J.,J.J. McCarthy,McCarthy,15.986666361490885,3,7100,BAL@MIN,MIN,BAL,,,,,,QB
122526-151745,WR,Brian,Brian Thomas Jr.,Thomas Jr.,8.824999809265137,8,7000,JAC@HOU,JAC,HOU,O,Ankle,,,,WR/FLEX
122526-117178,RB,Jacory,Jacory Croskey-Merritt,Croskey-Merritt,8.588889227973091,9,7000,DET@WAS,WAS,DET,,,,,,RB/FLEX
122526-90584,QB,Mac,Mac Jones,Jones,16.91142817905971,7,7000,LAR@SF,SF,LAR,,,,,,QB
122526-85607,QB,Brock,Brock Purdy,Purdy,20.719999313354492,2,7000,LAR@SF,SF,LAR,Q,Toe,,,,QB
122526-91750,TE,Trey,Trey McBride,McBride,12.949999809265137,8,7000,ARI@SEA,ARI,SEA,,,,,,TE/FLEX
122526-30231,QB,Jacoby,Jacoby Brissett,Brissett,13.9,5,6900,ARI@SEA,ARI,SEA,,,,,,QB
122526-87770,WR,Chris,Chris Olave,Olave,11.133332994249132,9,6900,NO@CAR,NO,CAR,,,,,,WR/FLEX
122526-6894,QB,Aaron,Aaron Rodgers,Rodgers,16.809999465942383,8,6900,PIT@LAC,PIT,LAC,,,,,,QB
122526-120639,WR,Quentin,Quentin Johnston,Johnston,13.814285278320312,7,6900,PIT@LAC,LAC,PIT,,,,,,WR/FLEX
122526-89956,RB,Travis,Travis Etienne Jr.,Etienne Jr.,13.050000190734863,8,6900,JAC@HOU,JAC,HOU,,,,,,RB/FLEX
122526-14377,QB,Tyrod,Tyrod Taylor,Taylor,10.053333282470703,3,6800,CLE@NYJ,NYJ,CLE,,,,,,QB
122526-112057,RB,Jaylen,Jaylen Warren,Warren,13.028570992606026,7,6800,PIT@LAC,PIT,LAC,,,,,,RB/FLEX
122526-129471,QB,C.J.,C.J. Stroud,Stroud,16.122499465942383,8,6800,JAC@HOU,HOU,JAC,O,Concussion,,,,QB
122526-91591,QB,Justin,Justin Fields,Fields,16.622857230050222,7,6800,CLE@NYJ,NYJ,CLE,,,,,,QB
122526-90576,WR,DeVonta,DeVonta Smith,Smith,12.350000381469727,8,6800,PHI@GB,PHI,GB,,,,,,WR/FLEX
122526-167620,WR,Tetairoa,Tetairoa McMillan,McMillan,10.144444783528646,9,6800,NO@CAR,CAR,NO,Q,Hamstring,,,,WR/FLEX
122526-111631,WR,Jameson,Jameson Williams,Williams,8.387499809265137,8,6700,DET@WAS,DET,WAS,,,,,,WR/FLEX
122526-90572,QB,Tua,Tua Tagovailoa,Tagovailoa,14.117777506510416,9,6700,BUF@MIA,MIA,BUF,,,,,,QB
122526-40442,RB,Aaron,Aaron Jones Sr.,Jones Sr.,7.824999809265137,4,6700,BAL@MIN,MIN,BAL,Q,Shoulder - ac joint,,,,RB/FLEX
122526-152651,WR,Marvin,Marvin Harrison Jr.,Harrison Jr.,10.337499618530273,8,6600,ARI@SEA,ARI,SEA,,,,,,WR/FLEX
122526-29253,WR,Keenan,Keenan Allen,Allen,11.555555555555555,9,6600,PIT@LAC,LAC,PIT,,,,,,WR/FLEX
122526-119606,QB,Bryce,Bryce Young,Young,13.050000190734863,8,6600,NO@CAR,CAR,NO,,,,,,QB
122526-86875,RB,Jordan,Jordan Mason,Mason,9.524999618530273,8,6600,BAL@MIN,MIN,BAL,,,,,,RB/FLEX
122526-94370,WR,Romeo,Romeo Doubs,Doubs,10.887499809265137,8,6500,PHI@GB,GB,PHI,,,,,,WR/FLEX
122526-103698,QB,Dillon,Dillon Gabriel,Gabriel,8.180000305175781,6,6500,CLE@NYJ,CLE,NYJ,,,,,,QB
122526-89628,QB,Davis,Davis Mills,Mills,3.700000047683716,2,6500,JAC@HOU,HOU,JAC,,,,,,QB
122526-144102,RB,Kyle,Kyle Monangai,Monangai,7.25,8,6500,NYG@CHI,CHI,NYG,,,,,,RB/FLEX
122526-56250,WR,Terry,Terry McLaurin,McLaurin,8.199999809265137,4,6500,DET@WAS,WAS,DET,O,Quadriceps,,,,WR/FLEX
122526-105646,TE,Sam,Sam LaPorta,LaPorta,9.887499809265137,8,6400,DET@WAS,DET,WAS,,,,,,TE/FLEX
122526-88431,QB,Tyler,Tyler Shough,Shough,5.186666806538899,3,6400,NO@CAR,NO,CAR,,,,,,QB
122526-63043,WR,DJ,DJ Moore,Moore,9.34749984741211,8,6400,NYG@CHI,CHI,NYG,,,,,,WR/FLEX
122526-103376,RB,Zach,Zach Charbonnet,Charbonnet,8.885714394705635,7,6400,ARI@SEA,SEA,ARI,,,,,,RB/FLEX
122526-86153,RB,Tyrone,Tyrone Tracy Jr.,Tracy Jr.,5.557143075125558,7,6300,NYG@CHI,NYG,CHI,,,,,,RB/FLEX
122526-61593,WR,Jauan,Jauan Jennings,Jennings,7.185714176722935,7,6300,LAR@SF,SF,LAR,,,,,,WR/FLEX
122526-64051,QB,Drew,Drew Lock,Lock,0.5,1,6300,ARI@SEA,SEA,ARI,,,,,,QB
122526-29358,QB,Marcus,Marcus Mariota,Mariota,13.9399995803833,4,6300,DET@WAS,WAS,DET,,,,,,QB
122526-158438,TE,Oronde,Oronde Gadsden II,Gadsden II,10.614286150251116,7,6300,PIT@LAC,LAC,PIT,,,,,,TE/FLEX
122526-154462,QB,Jalen,Jalen Milroe,Milroe,-0.5333333412806193,3,6300,ARI@SEA,SEA,ARI,,,,,,QB
122526-42104,RB,Alvin,Alvin Kamara,Kamara,7.633332994249132,9,6200,NO@CAR,NO,CAR,Q,Ankle,,,,RB/FLEX
122526-145558,TE,Dalton,Dalton Kincaid,Kincaid,12.085714067731585,7,6200,BUF@MIA,BUF,MIA,,,,,,TE/FLEX
122526-160938,QB,Quinn,Quinn Ewers,Ewers,2.119999885559082,1,6200,BUF@MIA,MIA,BUF,,,,,,QB
122526-90406,QB,Zach,Zach Wilson,Wilson,0.7900000214576721,2,6200,BUF@MIA,MIA,BUF,,,,,,QB
122526-25079,WR,Stefon,Stefon Diggs,Diggs,10.144444783528646,9,6200,NE@TB,NE,TB,,,,,,WR/FLEX
122526-86518,WR,Khalil,Khalil Shakir,Shakir,9.675000190734863,8,6100,BUF@MIA,BUF,MIA,,,,,,WR/FLEX
122526-73273,RB,David,David Montgomery,Montgomery,11.46500015258789,8,6100,DET@WAS,DET,WAS,,,,,,RB/FLEX
122526-39793,TE,George,George Kittle,Kittle,6.925000190734863,4,6100,LAR@SF,SF,LAR,,,,,,TE/FLEX
122526-152646,QB,Kyle,Kyle McCord,McCord,,0,6000,PHI@GB,PHI,GB,,,,,,QB
122526-103539,WR,Wan'Dale,Wan'Dale Robinson,Robinson,10.299999660915798,9,6000,NYG@CHI,NYG,CHI,,,,,,WR/FLEX
122526-104576,QB,Sam,Sam Howell,Howell,0.07999999821186066,2,6000,PHI@GB,PHI,GB,,,,,,QB
122526-103591,QB,Graham,Graham Mertz,Mertz,,0,6000,JAC@HOU,HOU,JAC,,,,,,QB
122526-149696,QB,Trey,Trey Lance,Lance,2.859999895095825,1,6000,PIT@LAC,LAC,PIT,,,,,,QB
122526-69833,QB,Shane,Shane Buechele,Buechele,,0,6000,BUF@MIA,BUF,MIA,,,,,,QB
122526-52436,TE,Mark,Mark Andrews,Andrews,7.599999904632568,8,6000,BAL@MIN,BAL,MIN,,,,,,TE/FLEX
122526-24849,QB,Jameis,Jameis Winston,Winston,13.830909035422586,11,6000,NYG@CHI,NYG,CHI,,,,,,QB
122526-120105,QB,Will,Will Howard,Howard,,0,6000,PIT@LAC,PIT,LAC,IR,Hand,,,,QB
122526-54604,QB,Jimmy,Jimmy Garoppolo,Garoppolo,-0.30000001192092896,1,6000,LAR@SF,LAR,SF,,,,,,QB
122526-27986,QB,C.J.,C.J. Beathard,Beathard,,0,6000,DET@WAS,DET,WAS,,,,,,QB
122526-89455,WR,Jayden,Jayden Reed,Reed,12,1,6000,PHI@GB,GB,PHI,IR,Collarbone,,,,WR/FLEX
122526-70051,QB,Tyler,Tyler Huntley,Huntley,11.680000305175781,2,6000,BAL@MIN,BAL,MIN,,,,,,QB
122526-110000,QB,Connor,Connor Bazelak,Bazelak,,0,6000,NE@TB,TB,NE,,,,,,QB
122526-185776,QB,Tyson,Tyson Bagent,Bagent,1.2899999618530273,2,6000,NYG@CHI,CHI,NYG,,,,,,QB
122526-91583,QB,Stetson,Stetson Bennett IV,Bennett IV,0,1,6000,LAR@SF,LAR,SF,,,,,,QB
122526-22994,QB,Case,Case Keenum,Keenum,,0,6000,NYG@CHI,CHI,NYG,,,,,,QB
122526-40407,QB,Joshua,Joshua Dobbs,Dobbs,0.03999999910593033,2,6000,NE@TB,NE,TB,,,,,,QB
122526-53729,QB,Mason,Mason Rudolph,Rudolph,0.23999999463558197,2,6000,PIT@LAC,PIT,LAC,,,,,,QB
122526-33259,QB,Teddy,Teddy Bridgewater,Bridgewater,-0.10000000149011612,1,6000,NE@TB,TB,NE,,,,,,QB
122526-22015,QB,Russell,Russell Wilson,Wilson,10.568000030517577,5,6000,NYG@CHI,NYG,CHI,,,,,,QB
122526-89607,QB,Tanner,Tanner McKee,McKee,-0.20000000298023224,1,6000,PHI@GB,PHI,GB,,,,,,QB
122526-102933,QB,Kedon,Kedon Slovis,Slovis,,0,6000,ARI@SEA,ARI,SEA,,,,,,QB
122526-94748,QB,Tommy,Tommy DeVito,DeVito,6.739999771118164,2,6000,NE@TB,NE,TB,,,,,,QB
122526-87594,QB,Sam,Sam Hartman,Hartman,,0,6000,DET@WAS,WAS,DET,,,,,,QB
122526-112191,QB,John Rhys,John Rhys Plumlee,Plumlee,,0,6000,PIT@LAC,PIT,LAC,,,,,,QB
122526-40534,QB,Mike,Mike White,White,1.1200000047683716,1,6000,NO@CAR,CAR,NO,,,,,,QB
122526-41562,QB,Nick,Nick Mullens,Mullens,0.33000001311302185,4,6000,JAC@HOU,JAC,HOU,,,,,,QB
122526-87691,QB,Malik,Malik Willis,Willis,7.399999891008649,7,6000,PHI@GB,GB,PHI,,,,,,QB
122526-44715,QB,Cooper,Cooper Rush,Rush,1.4299999475479126,4,6000,BAL@MIN,BAL,MIN,,,,,,QB
122526-69294,QB,Skylar,Skylar Thompson,Thompson,2.626666704813639,3,6000,PIT@LAC,PIT,LAC,IR,Hamstring,,,,QB
122526-70324,QB,Carson,Carson Wentz,Wentz,16.267999267578126,5,6000,BAL@MIN,MIN,BAL,IR,Shoulder,,,,QB
122526-90813,QB,Clayton,Clayton Tune,Tune,-0.3466666539510091,6,6000,PHI@GB,GB,PHI,,,,,,QB
122526-139985,QB,Bailey,Bailey Zappe,Zappe,4.5,2,6000,CLE@NYJ,CLE,NYJ,,,,,,QB
122526-38628,QB,Mitchell,Mitchell Trubisky,Trubisky,0.9300000071525574,2,6000,BUF@MIA,BUF,MIA,,,,,,QB
122526-86793,QB,Jake,Jake Haener,Haener,1.7799999713897705,8,6000,NO@CAR,NO,CAR,,,,,,QB
122526-92975,QB,Malik,Malik Cunningham,Cunningham,,0,6000,DET@WAS,DET,WAS,,,,,,QB
122526-8023,QB,Josh,Josh Johnson,Johnson,0.19499999284744263,4,6000,DET@WAS,WAS,DET,,,,,,QB
122526-119641,QB,Brady,Brady Cook,Cook,,0,6000,CLE@NYJ,NYJ,CLE,,,,,,QB
122526-90981,QB,Adrian,Adrian Martinez,Martinez,-0.10000000149011612,1,6000,LAR@SF,SF,LAR,,,,,,QB
122526-53095,QB,Kyle,Kyle Allen,Allen,-0.20000000298023224,1,6000,DET@WAS,DET,WAS,,,,,,QB
122526-88937,QB,Carter,Carter Bradley,Bradley,,0,6000,JAC@HOU,JAC,HOU,,,,,,QB
122526-184183,QB,Shedeur,Shedeur Sanders,Sanders,,0,6000,CLE@NYJ,CLE,NYJ,,,,,,QB
122526-56192,QB,John,John Wolford,Wolford,,0,6000,BAL@MIN,MIN,BAL,,,,,,QB
122526-14225,QB,Andy,Andy Dalton,Dalton,2.630000114440918,4,6000,NO@CAR,CAR,NO,,,,,,QB
122526-111540,RB,Rhamondre,Rhamondre Stevenson,Stevenson,8.350000381469727,8,6000,NE@TB,NE,TB,O,Toe,,,,RB/FLEX
122526-111557,QB,Spencer,Spencer Rattler,Rattler,12.954999923706055,8,6000,NO@CAR,NO,CAR,,,,,,QB
122526-200653,QB,Max,Max Brosmer,Brosmer,0.5266666809717814,3,6000,BAL@MIN,MIN,BAL,,,,,,QB
122526-85983,QB,Hendon,Hendon Hooker,Hooker,0.6700000166893005,4,6000,NO@CAR,CAR,NO,,,,,,QB
122526-129010,QB,DJ,DJ Uiagalelei,Uiagalelei,,0,6000,PIT@LAC,LAC,PIT,,,,,,QB
122526-152647,RB,TreVeyon,TreVeyon Henderson,Henderson,6.155555725097656,9,5900,NE@TB,NE,TB,,,,,,RB/FLEX
122526-83074,TE,Dallas,Dallas Goedert,Goedert,12.700000217982701,7,5900,PHI@GB,PHI,GB,,,,,,TE/FLEX
122526-170287,WR,Rashid,Rashid Shaheed,Shaheed,9.48888905843099,9,5900,ARI@SEA,SEA,ARI,,,,,,WR/FLEX
122526-102796,WR,Ricky,Ricky Pearsall,Pearsall,12.074999809265137,4,5900,LAR@SF,SF,LAR,O,Knee - pcl,,,,WR/FLEX
122526-137953,TE,AJ,AJ Barner,Barner,8.100000381469727,8,5900,ARI@SEA,SEA,ARI,Q,Calf,,,,TE/FLEX
122526-63819,WR,Darius,Darius Slayton,Slayton,4.7000002179827005,7,5800,NYG@CHI,NYG,CHI,,,,,,WR/FLEX
122526-138774,RB,Woody,Woody Marks,Marks,8.137499809265137,8,5800,JAC@HOU,HOU,JAC,,,,,,RB/FLEX
122526-128624,WR,Tez,Tez Johnson,Johnson,5.899999891008649,7,5800,NE@TB,TB,NE,,,,,,WR/FLEX
122526-142042,RB,Trey,Trey Benson,Benson,7.224999904632568,4,5800,ARI@SEA,ARI,SEA,IR,Knee - meniscus,,,,RB/FLEX
122526-128810,TE,Theo,Theo Johnson,Johnson,7.433333502875434,9,5800,NYG@CHI,NYG,CHI,,,,,,TE/FLEX
122526-169776,WR,Christian,Christian Watson,Watson,8.649999618530273,2,5800,PHI@GB,GB,PHI,,,,,,WR/FLEX
122526-71706,TE,T.J.,T.J. Hockenson,Hockenson,6.224999904632568,8,5700,BAL@MIN,MIN,BAL,,,,,,TE/FLEX
122526-27477,WR,Sterling,Sterling Shepard,Shepard,5.637499809265137,8,5700,NE@TB,TB,NE,,,,,,WR/FLEX
122526-103252,RB,Zonovan,Zonovan Knight,Knight,5.733333587646484,6,5700,ARI@SEA,ARI,SEA,,,,,,RB/FLEX
122526-119653,WR,Kayshon,Kayshon Boutte,Boutte,9.733333163791233,9,5700,NE@TB,NE,TB,O,Hamstring,,,,WR/FLEX
122526-166916,WR,Matthew,Matthew Golden,Golden,5.275000095367432,8,5600,PHI@GB,GB,PHI,Q,Shoulder,,,,WR/FLEX
122526-87127,RB,Chris,Chris Rodriguez Jr.,Rodriguez Jr.,5.066666603088379,6,5600,DET@WAS,WAS,DET,,,,,,RB/FLEX
122526-111876,WR,DeMario,DeMario Douglas,Douglas,7.112500190734863,8,5600,NE@TB,NE,TB,,,,,,WR/FLEX
122526-137516,WR,Parker,Parker Washington,Washington,6.887499809265137,8,5600,JAC@HOU,JAC,HOU,,,,,,WR/FLEX
122526-53562,RB,Nick,Nick Chubb,Chubb,7.237500190734863,8,5600,JAC@HOU,HOU,JAC,,,,,,RB/FLEX
122526-110974,WR,Malik,Malik Washington,Washington,5.522222306993273,9,5600,BUF@MIA,MIA,BUF,,,,,,WR/FLEX
122526-166588,TE,Colston,Colston Loveland,Loveland,6.7000002179827005,7,5600,NYG@CHI,CHI,NYG,,,,,,TE/FLEX
122526-90870,WR,Calvin,Calvin Austin III,Austin III,7.299999872843425,6,5600,PIT@LAC,PIT,LAC,,,,,,WR/FLEX
122526-103547,WR,Luke,Luke McCaffrey,McCaffrey,5.088888804117839,9,5500,DET@WAS,WAS,DET,IR,Collarbone,,,,WR/FLEX
122526-64808,TE,Juwan,Juwan Johnson,Johnson,7.711111280653212,9,5500,NO@CAR,NO,CAR,,,,,,TE/FLEX
122526-87467,RB,Chuba,Chuba Hubbard,Hubbard,9.599999564034599,7,5500,NO@CAR,CAR,NO,,,,,,RB/FLEX
122526-90561,WR,Jerry,Jerry Jeudy,Jeudy,4.587500095367432,8,5500,CLE@NYJ,CLE,NYJ,,,,,,WR/FLEX
122526-90912,RB,Kenneth,Kenneth Gainwell,Gainwell,7.925000190734863,8,5500,PIT@LAC,PIT,LAC,,,,,,RB/FLEX
122526-110457,WR,Dontayvion,Dontayvion Wicks,Wicks,3.316666603088379,6,5500,PHI@GB,GB,PHI,Q,Calf,,,,WR/FLEX
122526-70603,RB,Devin,Devin Singletary,Singletary,2.0888888041178384,9,5500,NYG@CHI,NYG,CHI,,,,,,RB/FLEX
122526-64496,WR,Olamide,Olamide Zaccheaus,Zaccheaus,6.037499904632568,8,5500,NYG@CHI,CHI,NYG,,,,,,WR/FLEX
122526-79970,WR,Cooper,Cooper Kupp,Kupp,6.614285605294364,7,5400,ARI@SEA,SEA,ARI,Q,Hamstring,,,,WR/FLEX
122526-56648,RB,Jeremy,Jeremy McNichols,McNichols,4.900000095367432,8,5400,DET@WAS,WAS,DET,,,,,,RB/FLEX
122526-93539,RB,Michael,Michael Carter,Carter,6.974999904632568,4,5400,ARI@SEA,ARI,SEA,,,,,,RB/FLEX
122526-60858,WR,Christian,Christian Kirk,Kirk,5.125,4,5400,JAC@HOU,HOU,JAC,,,,,,WR/FLEX
122526-185861,RB,Emanuel,Emanuel Wilson,Wilson,3.512500047683716,8,5400,PHI@GB,GB,PHI,,,,,,RB/FLEX
122526-89612,WR,Michael,Michael Wilson,Wilson,4.337500095367432,8,5400,ARI@SEA,ARI,SEA,,,,,,WR/FLEX
122526-86811,TE,Cade,Cade Otton,Otton,5.728571210588727,7,5400,NE@TB,TB,NE,,,,,,TE/FLEX
122526-55635,WR,Chris,Chris Godwin Jr.,Godwin Jr.,4.099999904632568,2,5300,NE@TB,TB,NE,O,Lower leg,,,,WR/FLEX
122526-41305,WR,Zay,Zay Jones,Jones,4.8599998474121096,5,5300,ARI@SEA,ARI,SEA,,,,,,WR/FLEX
122526-174486,RB,Dylan,Dylan Sampson,Sampson,4.300000190734863,8,5300,CLE@NYJ,CLE,NYJ,,,,,,RB/FLEX
122526-85845,WR,Rashod,Rashod Bateman,Bateman,4.737500190734863,8,5300,BAL@MIN,BAL,MIN,,,,,,WR/FLEX
122526-137059,RB,Sean,Sean Tucker,Tucker,2.674999952316284,8,5300,NE@TB,TB,NE,,,,,,RB/FLEX
122526-40845,TE,Hunter,Hunter Henry,Henry,8.366667005750868,9,5300,NE@TB,NE,TB,,,,,,TE/FLEX
122526-114787,RB,Terrell,Terrell Jennings,Jennings,4.733333269755046,3,5200,NE@TB,NE,TB,,,,,,RB/FLEX
122526-86244,TE,Pat,Pat Freiermuth,Freiermuth,7.600000108991351,7,5200,PIT@LAC,PIT,LAC,,,,,,TE/FLEX
122526-172699,TE,Harold,Harold Fannin Jr.,Fannin Jr.,8.350000381469727,8,5200,CLE@NYJ,CLE,NYJ,Q,Hamstring,,,,TE/FLEX
122526-137967,RB,Blake,Blake Corum,Corum,4.324999809265137,8,5200,LAR@SF,LAR,SF,,,,,,RB/FLEX
122526-103195,WR,Jordan,Jordan Whittington,Whittington,2.7571427481515065,7,5200,LAR@SF,LAR,SF,Q,Back,,,,WR/FLEX
122526-160620,RB,Bhayshul,Bhayshul Tuten,Tuten,5.375,8,5200,JAC@HOU,JAC,HOU,,,,,,RB/FLEX
122526-147315,WR,Jayden,Jayden Higgins,Higgins,4.362500190734863,8,5200,JAC@HOU,HOU,JAC,,,,,,WR/FLEX
122526-119788,WR,Xavier,Xavier Hutchinson,Hutchinson,6.400000095367432,8,5200,JAC@HOU,HOU,JAC,,,,,,WR/FLEX
122526-29780,TE,Zach,Zach Ertz,Ertz,7.844444274902344,9,5100,DET@WAS,WAS,DET,,,,,,TE/FLEX
122526-68712,WR,Tyler,Tyler Johnson,Johnson,4.950000127156575,6,5100,CLE@NYJ,NYJ,CLE,,,,,,WR/FLEX
122526-80289,WR,Kendrick,Kendrick Bourne,Bourne,8.412500381469727,8,5100,LAR@SF,SF,LAR,,,,,,WR/FLEX
122526-90562,RB,Brian,Brian Robinson Jr.,Robinson Jr.,3.2555554707845054,9,5100,LAR@SF,SF,LAR,,,,,,RB/FLEX
122526-92677,RB,Zavier,Zavier Scott,Scott,4.6400001525878904,5,5100,BAL@MIN,MIN,BAL,,,,,,RB/FLEX
122526-113228,TE,Luke,Luke Musgrave,Musgrave,2.2166666984558105,6,5100,PHI@GB,GB,PHI,,,,,,TE/FLEX
122526-55042,TE,Dalton,Dalton Schultz,Schultz,7.1875,8,5100,JAC@HOU,HOU,JAC,,,,,,TE/FLEX
122526-157467,WR,Keon,Keon Coleman,Coleman,6.987500190734863,8,5100,BUF@MIA,BUF,MIA,,,,,,WR/FLEX
122526-55335,TE,David,David Njoku,Njoku,7.357142857142857,7,5000,CLE@NYJ,CLE,NYJ,,,,,,TE/FLEX
122526-168054,TE,Mason,Mason Taylor,Taylor,5.837500095367432,8,5000,CLE@NYJ,NYJ,CLE,,,,,,TE/FLEX
122526-103587,TE,Brenton,Brenton Strange,Strange,6.079999923706055,5,5000,JAC@HOU,JAC,HOU,IR,Quadriceps,,,,TE/FLEX
122526-16606,WR,DeAndre,DeAndre Hopkins,Hopkins,4.525000095367432,8,5000,BAL@MIN,BAL,MIN,,,,,,WR/FLEX
122526-120042,WR,Jalen,Jalen McMillan,McMillan,8.714285714285714,14,5000,NE@TB,TB,NE,IR,Neck,,,,WR/FLEX
122526-12550,D,Seattle,Seattle Seahawks,Seahawks,9.625,8,5000,ARI@SEA,SEA,ARI,,,,,,DEF
122526-154971,RB,Devin,Devin Neal,Neal,1.3250000476837158,4,5000,NO@CAR,NO,CAR,,,,,,RB/FLEX
122526-87418,WR,Joshua,Joshua Palmer,Palmer,5.066666603088379,6,5000,BUF@MIA,BUF,MIA,Q,Knee,,,,WR/FLEX
122526-160213,RB,Isaiah,Isaiah Davis,Davis,3.950000047683716,8,5000,CLE@NYJ,NYJ,CLE,,,,,,RB/FLEX
122526-114198,WR,Xavier,Xavier Legette,Legette,5.728571210588727,7,5000,NO@CAR,CAR,NO,,,,,,WR/FLEX
122526-88699,RB,Jaret,Jaret Patterson,Patterson,3.700000047683716,2,5000,PIT@LAC,LAC,PIT,,,,,,RB/FLEX
122526-48116,TE,Jonnu,Jonnu Smith,Smith,5.175000190734863,8,5000,PIT@LAC,PIT,LAC,,,,,,TE/FLEX
122526-87260,TE,Isaiah,Isaiah Likely,Likely,3.1500000953674316,4,4900,BAL@MIN,BAL,MIN,,,,,,TE/FLEX
122526-12556,D,Houston,Houston Texans,Texans,9.25,8,4900,JAC@HOU,HOU,JAC,,,,,,DEF
122526-91488,RB,Chris,Chris Brooks,Brooks,1.5166667302449544,6,4900,PHI@GB,GB,PHI,,,,,,RB/FLEX
122526-93538,WR,Dyami,Dyami Brown,Brown,5.714285714285714,7,4900,JAC@HOU,JAC,HOU,,,,,,WR/FLEX
122526-133477,TE,Darnell,Darnell Washington,Washington,5.44000015258789,5,4900,PIT@LAC,PIT,LAC,,,,,,TE/FLEX
122526-94579,RB,Emari,Emari Demercado,Demercado,3.933333396911621,6,4900,ARI@SEA,ARI,SEA,,,,,,RB/FLEX
122526-90533,RB,Jerome,Jerome Ford,Ford,3.174999952316284,8,4900,CLE@NYJ,CLE,NYJ,,,,,,RB/FLEX
122526-152007,WR,Jaylin,Jaylin Noel,Noel,3.700000047683716,8,4900,JAC@HOU,HOU,JAC,,,,,,WR/FLEX
122526-45565,TE,Taysom,Taysom Hill,Hill,2.6520000457763673,5,4900,NO@CAR,NO,CAR,,,,,,TE/FLEX
122526-134837,WR,Tory,Tory Horton,Horton,7.324999809265137,8,4900,ARI@SEA,SEA,ARI,D,Groin,,,,WR/FLEX
122526-92859,WR,Jalen,Jalen Nailor,Nailor,4.287499904632568,8,4900,BAL@MIN,MIN,BAL,,,,,,WR/FLEX
122526-201535,WR,Kameron,Kameron Johnson,Johnson,1.8250000476837158,8,4900,NE@TB,TB,NE,,,,,,WR/FLEX
122526-69558,WR,Greg,Greg Dortch,Dortch,2.825000047683716,8,4900,ARI@SEA,ARI,SEA,,,,,,WR/FLEX
122526-174245,WR,Isaiah,Isaiah Bond,Bond,2.671428680419922,7,4800,CLE@NYJ,CLE,NYJ,O,Foot,,,,WR/FLEX
122526-12541,D,New England,New England Patriots,Patriots,8.555555555555555,9,4800,NE@TB,NE,TB,,,,,,DEF
122526-91618,TE,John,John FitzPatrick,FitzPatrick,2.7249999046325684,4,4800,PHI@GB,GB,PHI,,,,,,TE/FLEX
122526-72182,WR,Dee,Dee Eskridge,Eskridge,0.7749999761581421,8,4800,BUF@MIA,MIA,BUF,O,Shoulder,,,,WR/FLEX
122526-88575,WR,Elijah,Elijah Moore,Moore,3.1571429116385326,7,4800,BUF@MIA,BUF,MIA,,,,,,WR/FLEX
122526-129546,WR,Tre',Tre' Harris,Harris,3.075000047683716,8,4800,PIT@LAC,LAC,PIT,,,,,,WR/FLEX
122526-62055,WR,Ray-Ray,Ray-Ray McCloud III,McCloud III,2.0799999237060547,5,4800,NYG@CHI,NYG,CHI,,,,,,WR/FLEX
122526-25267,WR,Mack,Mack Hollins,Hollins,5.512499809265137,8,4800,NE@TB,NE,TB,,,,,,WR/FLEX
122526-47870,TE,Tyler,Tyler Higbee,Higbee,5.566666920979817,6,4800,LAR@SF,LAR,SF,,,,,,TE/FLEX
122526-138037,WR,Roman,Roman Wilson,Wilson,3.9799999237060546,5,4800,PIT@LAC,PIT,LAC,,,,,,WR/FLEX
122526-29501,WR,Brandin,Brandin Cooks,Cooks,2.888888888888889,9,4800,NO@CAR,NO,CAR,,,,,,WR/FLEX
122526-71521,RB,Justice,Justice Hill,Hill,5.862500190734863,8,4800,BAL@MIN,BAL,MIN,,,,,,RB/FLEX
122526-53097,WR,Josh,Josh Reynolds,Reynolds,3.5200000762939454,5,4800,CLE@NYJ,NYJ,CLE,IR,Hip,,,,WR/FLEX
122526-91047,TE,Cole,Cole Kmet,Kmet,3.6000001089913503,7,4800,NYG@CHI,CHI,NYG,,,,,,TE/FLEX
122526-128986,WR,Jaylin,Jaylin Lane,Lane,3.1999999152289496,9,4800,DET@WAS,WAS,DET,,,,,,WR/FLEX
122526-166092,WR,Luther,Luther Burden III,Burden III,4.742857251848493,7,4700,NYG@CHI,CHI,NYG,,,,,,WR/FLEX
122526-166112,RB,Ollie,Ollie Gordon II,Gordon II,3.355555640326606,9,4700,BUF@MIA,MIA,BUF,Q,Ankle,,,,RB/FLEX
122526-158983,TE,Ja'Tavion,Ja'Tavion Sanders,Sanders,3.183333396911621,6,4700,NO@CAR,CAR,NO,,,,,,TE/FLEX
122526-33047,WR,Chris,Chris Moore,Moore,4.549999872843425,6,4700,DET@WAS,WAS,DET,,,,,,WR/FLEX
122526-151915,TE,Terrance,Terrance Ferguson,Ferguson,4.650000095367432,4,4700,LAR@SF,LAR,SF,,,,,,TE/FLEX
122526-56809,WR,Allen,Allen Lazard,Lazard,2.8,5,4700,CLE@NYJ,NYJ,CLE,,,,,,WR/FLEX
122526-63050,RB,Ty,Ty Johnson,Johnson,2.2874999046325684,8,4700,BUF@MIA,BUF,MIA,,,,,,RB/FLEX
122526-201547,WR,Jalen,Jalen Coker,Coker,2.1666666666666665,3,4700,NO@CAR,CAR,NO,,,,,,WR/FLEX
122526-56248,WR,Noah,Noah Brown,Brown,2.549999952316284,2,4700,DET@WAS,WAS,DET,IR,Groin,,,,WR/FLEX
122526-86055,RB,Dameon,Dameon Pierce,Pierce,0.8666666348775228,3,4600,JAC@HOU,HOU,JAC,,,,,,RB/FLEX
122526-64585,TE,Dawson,Dawson Knox,Knox,3.1857141767229353,7,4600,BUF@MIA,BUF,MIA,,,,,,TE/FLEX
122526-112780,WR,Jamari,Jamari Thrash,Thrash,2.242857115609305,7,4600,CLE@NYJ,CLE,NYJ,,,,,,WR/FLEX
122526-90307,TE,Daniel,Daniel Bellinger,Bellinger,5.149999936421712,6,4600,NYG@CHI,NYG,CHI,,,,,,TE/FLEX
122526-12529,D,Cleveland,Cleveland Browns,Browns,7.25,8,4600,CLE@NYJ,CLE,NYJ,,,,,,DEF
122526-103694,RB,Ray,Ray Davis,Davis,1.7374999523162842,8,4600,BUF@MIA,BUF,MIA,,,,,,RB/FLEX
122526-133478,WR,Arian,Arian Smith,Smith,0.9571428298950195,7,4600,CLE@NYJ,NYJ,CLE,,,,,,WR/FLEX
122526-38264,WR,Demarcus,Demarcus Robinson,Robinson,2.7999998728434243,6,4600,LAR@SF,SF,LAR,,,,,,WR/FLEX
122526-112041,WR,Isaiah,Isaiah Williams,Williams,1.0199999809265137,5,4600,CLE@NYJ,NYJ,CLE,,,,,,WR/FLEX
122526-92976,WR,Tutu,Tutu Atwell,Atwell,4.8799999237060545,5,4600,LAR@SF,LAR,SF,IR,Hamstring,,,,WR/FLEX
122526-152520,RB,Will,Will Shipley,Shipley,0.8166666825612386,6,4600,PHI@GB,PHI,GB,,,,,,RB/FLEX
122526-168916,RB,Kaleb,Kaleb Johnson,Johnson,0.6800000190734863,5,4600,PIT@LAC,PIT,LAC,,,,,,RB/FLEX
122526-111637,TE,Cade,Cade Stover,Stover,4.199999809265137,1,4500,JAC@HOU,HOU,JAC,IR,Foot,,,,TE/FLEX
122526-103511,WR,Devaughn,Devaughn Vele,Vele,3.0999999046325684,4,4500,NO@CAR,NO,CAR,,,,,,WR/FLEX
122526-152717,WR,Beaux,Beaux Collins,Collins,1.1666666666666667,3,4500,NYG@CHI,NYG,CHI,IR,Neck,,,,WR/FLEX
122526-40126,TE,Austin,Austin Hooper,Hooper,3.737499952316284,8,4500,NE@TB,NE,TB,,,,,,TE/FLEX
122526-86229,WR,Jahan,Jahan Dotson,Dotson,3.585714340209961,7,4500,PHI@GB,PHI,GB,,,,,,WR/FLEX
122526-12538,D,Los Angeles,Los Angeles Rams,Rams,9,8,4500,LAR@SF,LAR,SF,,,,,,DEF
122526-12548,D,Los Angeles,Los Angeles Chargers,Chargers,5.666666666666667,9,4500,PIT@LAC,LAC,PIT,,,,,,DEF
122526-52495,WR,Braxton,Braxton Berrios,Berrios,2.2333332697550454,3,4500,JAC@HOU,HOU,JAC,,,,,,WR/FLEX
122526-91467,TE,Jake,Jake Tonges,Tonges,8.514285496303014,7,4500,LAR@SF,SF,LAR,,,,,,TE/FLEX
122526-52613,WR,Curtis,Curtis Samuel,Samuel,3.0250000953674316,4,4500,BUF@MIA,BUF,MIA,,,,,,WR/FLEX
122526-71105,WR,Ben,Ben Skowronek,Skowronek,3.5,3,4500,PIT@LAC,PIT,LAC,,,,,,WR/FLEX
122526-89588,TE,Colby,Colby Parkinson,Parkinson,1.8600000381469726,5,4500,LAR@SF,LAR,SF,,,,,,TE/FLEX
122526-102986,TE,Elijah,Elijah Higgins,Higgins,2.7428572518484935,7,4500,ARI@SEA,ARI,SEA,,,,,,TE/FLEX
122526-128693,RB,Tank,Tank Bigsby,Bigsby,2.3000000544956754,7,4500,PHI@GB,PHI,GB,,,,,,RB/FLEX
122526-71459,RB,Brittain,Brittain Brown,Brown,9.699999809265137,1,4500,NYG@CHI,CHI,NYG,,,,,,RB/FLEX
122526-39716,WR,Adam,Adam Thielen,Thielen,1.5333333015441895,6,4500,BAL@MIN,MIN,BAL,,,,,,WR/FLEX
122526-166749,RB,LeQuint,LeQuint Allen Jr.,Allen Jr.,1.212499976158142,8,4500,JAC@HOU,JAC,HOU,,,,,,RB/FLEX
122526-64389,WR,Nick,Nick Westbrook-Ikhine,Westbrook-Ikhine,1.8857142584664481,7,4500,BUF@MIA,MIA,BUF,,,,,,WR/FLEX
122526-91101,TE,Tommy,Tommy Tremble,Tremble,3.111111111111111,9,4500,NO@CAR,CAR,NO,,,,,,TE/FLEX
122526-60451,TE,Tyler,Tyler Conklin,Conklin,2.75,4,4400,PIT@LAC,LAC,PIT,,,,,,TE/FLEX
122526-137265,TE,Ben,Ben Sinnott,Sinnott,1.9500000476837158,2,4400,DET@WAS,WAS,DET,,,,,,TE/FLEX
122526-87117,TE,Brenden,Brenden Bates,Bates,3.299999952316284,1,4400,CLE@NYJ,CLE,NYJ,,,,,,TE/FLEX
122526-12526,D,Buffalo,Buffalo Bills,Bills,6.25,8,4400,BUF@MIA,BUF,MIA,,,,,,DEF
122526-71031,WR,Lil'Jordan,Lil'Jordan Humphrey,Humphrey,3.75,2,4400,NYG@CHI,NYG,CHI,,,,,,WR/FLEX
122526-154000,WR,Konata,Konata Mumpfield,Mumpfield,4.099999904632568,2,4400,LAR@SF,LAR,SF,,,,,,WR/FLEX
122526-102831,TE,Davis,Davis Allen,Allen,3.387500047683716,8,4400,LAR@SF,LAR,SF,,,,,,TE/FLEX
122526-87515,WR,Tylan,Tylan Wallace,Wallace,2.5,5,4400,BAL@MIN,BAL,MIN,,,,,,WR/FLEX
122526-112101,WR,Jared,Jared Wayne,Wayne,3,1,4400,JAC@HOU,HOU,JAC,,,,,,WR/FLEX
122526-138786,WR,Malik,Malik Heath,Heath,2.9000000953674316,4,4400,PHI@GB,GB,PHI,,,,,,WR/FLEX
122526-200291,TE,Jackson,Jackson Hawes,Hawes,3.0333334604899087,6,4400,BUF@MIA,BUF,MIA,,,,,,TE/FLEX
122526-172646,RB,Trevor,Trevor Etienne,Etienne,1.0111111534966364,9,4400,NO@CAR,CAR,NO,,,,,,RB/FLEX
122526-152258,TE,Elijah,Elijah Arroyo,Arroyo,3.424999952316284,8,4400,ARI@SEA,SEA,ARI,,,,,,TE/FLEX
122526-157438,WR,Jimmy,Jimmy Horn Jr.,Horn Jr.,2.8,5,4400,NO@CAR,CAR,NO,,,,,,WR/FLEX
122526-103187,RB,Roschon,Roschon Johnson,Johnson,0.8500000238418579,2,4400,NYG@CHI,CHI,NYG,,,,,,RB/FLEX
122526-70422,WR,Kalif,Kalif Raymond,Raymond,2.5428570338657925,7,4400,DET@WAS,DET,WAS,,,,,,WR/FLEX
122526-139094,WR,Jalin,Jalin Hyatt,Hyatt,0.6400000095367432,5,4400,NYG@CHI,NYG,CHI,,,,,,WR/FLEX
122526-93075,TE,Hunter,Hunter Long,Long,3.7857142857142856,7,4400,JAC@HOU,JAC,HOU,O,Hip,,,,TE/FLEX
122526-93107,RB,A.J.,A.J. Dillon,Dillon,1.3600000381469726,5,4400,PHI@GB,PHI,GB,,,,,,RB/FLEX
122526-133180,TE,Ben,Ben Yurosek,Yurosek,1,1,4300,BAL@MIN,MIN,BAL,,,,,,TE/FLEX
122526-79987,WR,David,David Moore,Moore,0.7333333492279053,3,4300,NO@CAR,CAR,NO,IR,Elbow,,,,WR/FLEX
122526-104577,WR,Gunner,Gunner Olszewski,Olszewski,0.9888888465033637,9,4300,NYG@CHI,NYG,CHI,,,,,,WR/FLEX
122526-95370,TE,Ryan,Ryan Miller,Miller,2.5999999046325684,4,4300,NE@TB,TB,NE,,,,,,TE/FLEX
122526-93391,TE,Payne,Payne Durham,Durham,0,1,4300,NE@TB,TB,NE,,,,,,TE/FLEX
122526-12545,D,Philadelphia,Philadelphia Eagles,Eagles,7,8,4300,PHI@GB,PHI,GB,,,,,,DEF
122526-12547,D,Pittsburgh,Pittsburgh Steelers,Steelers,7.375,8,4300,PIT@LAC,PIT,LAC,,,,,,DEF
122526-63907,TE,Josh,Josh Oliver,Oliver,4.1200000762939455,5,4300,BAL@MIN,MIN,BAL,O,Foot,,,,TE/FLEX
122526-40371,TE,Johnny,Johnny Mundt,Mundt,0.9499999682108561,6,4300,JAC@HOU,JAC,HOU,,,,,,TE/FLEX
122526-113096,WR,Xavier,Xavier Smith,Smith,1.100000023841858,8,4300,LAR@SF,LAR,SF,,,,,,WR/FLEX
122526-90583,WR,Tyrell,Tyrell Shavers,Shavers,1.7600000381469727,5,4300,BUF@MIA,BUF,MIA,,,,,,WR/FLEX
122526-89613,WR,Simi,Simi Fehoko,Fehoko,2.720000076293945,5,4300,ARI@SEA,ARI,SEA,,,,,,WR/FLEX
122526-138854,WR,Ke'Shawn,Ke'Shawn Williams,Williams,0,4,4300,PIT@LAC,PIT,LAC,,,,,,WR/FLEX
122526-57091,WR,Tim,Tim Patrick,Patrick,2.383333365122477,6,4300,JAC@HOU,JAC,HOU,,,,,,WR/FLEX
122526-86800,TE,Colson,Colson Yankoff,Yankoff,,0,4300,DET@WAS,WAS,DET,,,,,,TE/FLEX
122526-71444,RB,Travis,Travis Homer,Homer,0.9800000190734863,5,4300,NYG@CHI,CHI,NYG,,,,,,RB/FLEX
122526-120642,WR,Savion,Savion Williams,Williams,1.8250000476837158,8,4300,PHI@GB,GB,PHI,Q,Foot,,,,WR/FLEX
122526-134014,WR,Jordan,Jordan Watkins,Watkins,1.7999999523162842,2,4300,LAR@SF,SF,LAR,,,,,,WR/FLEX
122526-128913,WR,Malachi,Malachi Corley,Corley,2.300000031789144,3,4300,CLE@NYJ,CLE,NYJ,,,,,,WR/FLEX
122526-91046,TE,Brock,Brock Wright,Wright,5.900000095367432,4,4300,DET@WAS,DET,WAS,,,,,,TE/FLEX
122526-70601,TE,Harrison,Harrison Bryant,Bryant,0.42500001192092896,4,4300,JAC@HOU,HOU,JAC,Q,Shoulder,,,,TE/FLEX
122526-28827,RB,Dare,Dare Ogunbowale,Ogunbowale,1.125,4,4200,JAC@HOU,HOU,JAC,,,,,,RB/FLEX
122526-183488,WR,Isaac,Isaac TeSlaa,TeSlaa,3.779999923706055,5,4200,DET@WAS,DET,WAS,,,,,,WR/FLEX
122526-57543,RB,D'Ernest,D'Ernest Johnson,Johnson,0,1,4200,NE@TB,NE,TB,,,,,,RB/FLEX
122526-170188,TE,Tanner,Tanner Conner,Conner,1.9428571973528181,7,4200,BUF@MIA,MIA,BUF,,,,,,TE/FLEX
122526-12554,D,Jacksonville,Jacksonville Jaguars,Jaguars,6.75,8,4200,JAC@HOU,JAC,HOU,,,,,,DEF
122526-137488,RB,Rasheen,Rasheen Ali,Ali,0.08333333333333333,6,4200,BAL@MIN,BAL,MIN,,,,,,RB/FLEX
122526-93540,RB,British,British Brooks,Brooks,0.75,2,4200,JAC@HOU,HOU,JAC,,,,,,RB/FLEX
122526-94621,WR,Derius,Derius Davis,Davis,-0.25,6,4200,PIT@LAC,LAC,PIT,,,,,,WR/FLEX
122526-112062,WR,Skyy,Skyy Moore,Moore,0.6888888676961263,9,4200,LAR@SF,SF,LAR,,,,,,WR/FLEX
122526-157150,RB,Audric,Audric Estime,Estime,3.553846212533804,13,4200,NO@CAR,NO,CAR,,,,,,RB/FLEX
122526-39428,RB,Kyle,Kyle Juszczyk,Juszczyk,2.8111110263400607,9,4200,LAR@SF,SF,LAR,,,,,,RB/FLEX
122526-154124,TE,Mitchell,Mitchell Evans,Evans,4.25,6,4200,NO@CAR,CAR,NO,,,,,,TE/FLEX
122526-152103,RB,Jaylen,Jaylen Wright,Wright,3.299999952316284,1,4200,BUF@MIA,MIA,BUF,,,,,,RB/FLEX
122526-201260,WR,Mason,Mason Tipton,Tipton,0,3,4200,NO@CAR,NO,CAR,,,,,,WR/FLEX
122526-114231,RB,George,George Holani,Holani,0.5857142720903669,7,4200,ARI@SEA,SEA,ARI,,,,,,RB/FLEX
122526-87731,WR,Dominique,Dominique Robinson,Robinson,0,1,4200,NYG@CHI,CHI,NYG,O,Ankle,,,,WR/FLEX
122526-72412,RB,Khalil,Khalil Herbert,Herbert,0,1,4200,CLE@NYJ,NYJ,CLE,Q,Groin,,,,RB/FLEX
122526-87815,TE,Jeremy,Jeremy Ruckert,Ruckert,3.3500000635782876,6,4200,CLE@NYJ,NYJ,CLE,,,,,,TE/FLEX
122526-156527,WR,Devontez,Devontez Walker,Walker,9.75,2,4200,BAL@MIN,BAL,MIN,,,,,,WR/FLEX
122526-157609,WR,Gage,Gage Larvadain,Larvadain,0.875,4,4200,CLE@NYJ,CLE,NYJ,,,,,,WR/FLEX
122526-93150,WR,Jake,Jake Bobo,Bobo,1.5,2,4200,ARI@SEA,SEA,ARI,O,Calf,,,,WR/FLEX
122526-63717,RB,Alec,Alec Ingold,Ingold,1.2800000190734864,5,4100,BUF@MIA,MIA,BUF,,,,,,RB/FLEX
122526-12532,D,Detroit,Detroit Lions,Lions,8.25,8,4100,DET@WAS,DET,WAS,,,,,,DEF
122526-60712,TE,Foster,Foster Moreau,Moreau,0.699999988079071,2,4100,NO@CAR,NO,CAR,,,,,,TE/FLEX
122526-102696,WR,John,John Metchie III,Metchie III,0.949999988079071,4,4100,CLE@NYJ,NYJ,CLE,,,,,,WR/FLEX
122526-149832,TE,Shane,Shane Zylstra,Zylstra,1.350000023841858,2,4100,DET@WAS,DET,WAS,IR,Ankle,,,,TE/FLEX
122526-136538,WR,Kyle,Kyle Williams,Williams,0.4666666587193807,6,4100,NE@TB,NE,TB,,,,,,WR/FLEX
122526-56708,TE,Will,Will Dissly,Dissly,1.5750000476837158,4,4100,PIT@LAC,LAC,PIT,,,,,,TE/FLEX
122526-64905,WR,Trenton,Trenton Irwin,Irwin,0.5,6,4100,CLE@NYJ,NYJ,CLE,,,,,,WR/FLEX
122526-73176,TE,Luke,Luke Farrell,Farrell,2.0999999727521623,7,4100,LAR@SF,SF,LAR,,,,,,TE/FLEX
122526-185850,TE,Julian,Julian Hill,Hill,2.449999968210856,6,4100,BUF@MIA,MIA,BUF,Q,Ankle,,,,TE/FLEX
122526-89627,WR,Brycen,Brycen Tremayne,Tremayne,3.3200000762939452,5,4100,NO@CAR,CAR,NO,Q,Hip,,,,WR/FLEX
122526-89644,RB,Isaac,Isaac Guerendo,Guerendo,0,4,4100,LAR@SF,SF,LAR,,,,,,RB/FLEX
122526-104008,TE,Stephen,Stephen Carlson,Carlson,,0,4100,NYG@CHI,CHI,NYG,,,,,,TE/FLEX
122526-87634,TE,Blake,Blake Whiteheart,Whiteheart,0.4666666587193807,3,4100,CLE@NYJ,CLE,NYJ,,,,,,TE/FLEX
122526-57986,WR,Hunter,Hunter Renfrow,Renfrow,4.733333269755046,6,4100,NO@CAR,CAR,NO,,,,,,WR/FLEX
122526-85635,TE,Charlie,Charlie Kolar,Kolar,4.3,5,4100,BAL@MIN,BAL,MIN,,,,,,TE/FLEX
122526-86682,TE,Grant,Grant Calcaterra,Calcaterra,1.5,4,4100,PHI@GB,PHI,GB,,,,,,TE/FLEX
122526-92882,TE,Connor,Connor Heyward,Heyward,1.8799999237060547,5,4100,PIT@LAC,PIT,LAC,,,,,,TE/FLEX
122526-29411,TE,Pharaoh,Pharaoh Brown,Brown,1.0625,8,4100,ARI@SEA,ARI,SEA,,,,,,TE/FLEX
122526-128805,WR,KeAndre,KeAndre Lambert-Smith,Lambert-Smith,0.12000000476837158,5,4100,PIT@LAC,LAC,PIT,Q,Hamstring,,,,WR/FLEX
122526-55088,WR,Malik,Malik Turner,Turner,0,1,4100,LAR@SF,SF,LAR,,,,,,WR/FLEX
122526-69451,TE,Jack,Jack Stoll,Stoll,2.575000047683716,4,4100,NO@CAR,NO,CAR,Q,Ankle,,,,TE/FLEX
122526-152537,WR,Tai,Tai Felton,Felton,0.4666666587193807,3,4100,BAL@MIN,MIN,BAL,,,,,,WR/FLEX
122526-104424,RB,Craig,Craig Reynolds,Reynolds,0.20000000298023224,2,4100,DET@WAS,DET,WAS,Q,Hamstring,,,,RB/FLEX
122526-57338,TE,Jordan,Jordan Akins,Akins,4.4375,16,4100,JAC@HOU,JAC,HOU,,,,,,TE/FLEX
122526-72705,TE,John,John Bates,Bates,2.0250000953674316,4,4000,DET@WAS,WAS,DET,,,,,,TE/FLEX
122526-92166,WR,Marcus,Marcus Jones,Jones,0.75,8,4000,NE@TB,NE,TB,,,,,,WR/FLEX
122526-90123,TE,Quintin,Quintin Morris,Morris,2.4200000762939453,5,4000,JAC@HOU,JAC,HOU,,,,,,TE/FLEX
122526-96269,RB,Owen,Owen Wright,Wright,,0,4000,NE@TB,TB,NE,,,,,,RB/FLEX
122526-226319,WR,Junior,Junior Bergen,Bergen,,0,4000,LAR@SF,SF,LAR,,,,,,WR/FLEX
122526-156684,RB,Kye,Kye Robichaux,Robichaux,,0,4000,DET@WAS,DET,WAS,IR,Undisclosed,,,,RB/FLEX
122526-139284,RB,Frank,Frank Gore Jr.,Gore Jr.,,0,4000,BUF@MIA,BUF,MIA,,,,,,RB/FLEX
122526-110617,WR,Isaiah,Isaiah Neyor,Neyor,,0,4000,PHI@GB,GB,PHI,,,,,,WR/FLEX
122526-110616,TE,Treyton,Treyton Welch,Welch,,0,4000,NO@CAR,NO,CAR,,,,,,TE/FLEX
122526-152603,RB,Anthony,Anthony Tyus III,Tyus III,,0,4000,NO@CAR,CAR,NO,,,,,,RB/FLEX
122526-138277,WR,Jalen,Jalen Brooks,Brooks,2.284615443303035,13,4000,ARI@SEA,ARI,SEA,,,,,,WR/FLEX
122526-152628,TE,Thomas,Thomas Fidone II,Fidone II,,0,4000,NYG@CHI,NYG,CHI,,,,,,TE/FLEX
122526-42046,TE,Durham,Durham Smythe,Smythe,0.7538461685180664,13,4000,NYG@CHI,CHI,NYG,Q,Calf,,,,TE/FLEX
122526-165962,TE,Nikola,Nikola Kalinic,Kalinic,,0,4000,NYG@CHI,CHI,NYG,,,,,,TE/FLEX
122526-72776,RB,Alexander,Alexander Mattison,Mattison,7.96000010172526,15,4000,BUF@MIA,MIA,BUF,IR,Neck,,,,RB/FLEX
122526-112715,WR,Joshua,Joshua Cephus,Cephus,,0,4000,JAC@HOU,JAC,HOU,IR,Undisclosed,,,,WR/FLEX
122526-170056,WR,Dee,Dee Williams,Williams,-0.5,12,4000,CLE@NYJ,CLE,NYJ,,,,,,WR/FLEX
122526-103506,TE,Nick,Nick Kallerup,Kallerup,,0,4000,ARI@SEA,SEA,ARI,,,,,,TE/FLEX
122526-65627,WR,Maurice,Maurice Alexander,Alexander,0,1,4000,NYG@CHI,CHI,NYG,,,,,,WR/FLEX
122526-86113,WR,Ihmir,Ihmir Smith-Marsette,Smith-Marsette,0.4,15,4000,NYG@CHI,NYG,CHI,,,,,,WR/FLEX
122526-89185,TE,Ben,Ben Sims,Sims,1.2399999618530273,5,4000,BAL@MIN,MIN,BAL,,,,,,TE/FLEX
122526-169067,TE,Bryce,Bryce Pierre,Pierre,,0,4000,NO@CAR,CAR,NO,,,,,,TE/FLEX
122526-68714,TE,Ko,Ko Kieft,Kieft,0,1,4000,NE@TB,TB,NE,IR,Leg,,,,TE/FLEX
122526-86125,WR,Brandon,Brandon Smith,Smith,,0,4000,CLE@NYJ,NYJ,CLE,,,,,,WR/FLEX
122526-79980,TE,Eric,Eric Saubert,Saubert,0.8500000238418579,2,4000,ARI@SEA,SEA,ARI,IR,Calf,,,,TE/FLEX
122526-158836,RB,Lucas,Lucas Scott,Scott,,0,4000,BAL@MIN,BAL,MIN,,,,,,RB/FLEX
122526-46200,TE,Daniel,Daniel Brunskill,Brunskill,0,1,4000,BUF@MIA,MIA,BUF,,,,,,TE/FLEX
122526-129147,WR,John,John Saunders Jr.,Saunders Jr.,,0,4000,NE@TB,NE,TB,,,,,,WR/FLEX
122526-80001,RB,Austin,Austin Ekeler,Ekeler,5.300000190734863,2,4000,DET@WAS,WAS,DET,IR,Achilles,,,,RB/FLEX
122526-110721,WR,Dayton,Dayton Wade,Wade,,0,4000,BAL@MIN,BAL,MIN,IR,Ribs,,,,WR/FLEX
122526-174215,RB,Omarion,Omarion Hampton,Hampton,14,5,4000,PIT@LAC,LAC,PIT,IR,Ankle,,,,RB/FLEX
122526-83081,RB,Chase,Chase Edmonds,Edmonds,,0,4000,DET@WAS,WAS,DET,,,,,,RB/FLEX
122526-83083,WR,Justin,Justin Watson,Watson,2.25,2,4000,JAC@HOU,HOU,JAC,IR,Achilles,,,,WR/FLEX
122526-87179,TE,Thomas,Thomas Yassmin,Yassmin,,0,4000,PIT@LAC,LAC,PIT,,,,,,TE/FLEX
122526-168076,RB,Sione,Sione Vaki,Vaki,1.3199999809265137,5,4000,DET@WAS,DET,WAS,,,,,,RB/FLEX
122526-89230,RB,Cam,Cam Akers,Akers,3.5899999141693115,2,4000,BAL@MIN,MIN,BAL,,,,,,RB/FLEX
122526-54426,TE,Andrew,Andrew Beck,Beck,3.0333334604899087,3,4000,CLE@NYJ,NYJ,CLE,,,,,,TE/FLEX
122526-63646,TE,Lawrence,Lawrence Cager,Cager,,0,4000,DET@WAS,WAS,DET,,,,,,TE/FLEX
122526-62628,WR,DeAndre,DeAndre Carter,Carter,0,4,4000,CLE@NYJ,CLE,NYJ,IR,Knee,,,,WR/FLEX
122526-151726,TE,Robbie,Robbie Ouzts,Ouzts,,0,4000,ARI@SEA,SEA,ARI,,,,,,TE/FLEX
122526-52409,RB,Jakob,Jakob Johnson,Johnson,,0,4000,JAC@HOU,HOU,JAC,IR,Hamstring,,,,RB/FLEX
122526-151737,TE,E.J.,E.J. Jenkins,Jenkins,2.3999999364217124,3,4000,PHI@GB,PHI,GB,,,,,,TE/FLEX
122526-65724,RB,JaMycal,JaMycal Hasty,Hasty,2.1636362942782315,11,4000,BUF@MIA,MIA,BUF,,,,,,RB/FLEX
122526-151740,RB,Corey,Corey Kiner,Kiner,,0,4000,BAL@MIN,MIN,BAL,,,,,,RB/FLEX
122526-131266,RB,Lan,Lan Larison,Larison,,0,4000,NE@TB,NE,TB,IR,Foot,,,,RB/FLEX
122526-83138,TE,Ross,Ross Dwelley,Dwelley,1,1,4000,DET@WAS,DET,WAS,,,,,,TE/FLEX
122526-166095,RB,Cody,Cody Schrader,Schrader,0.4666666587193807,3,4000,JAC@HOU,JAC,HOU,,,,,,RB/FLEX
122526-112850,RB,Michael,Michael Wiley,Wiley,,0,4000,NE@TB,TB,NE,,,,,,RB/FLEX
122526-151761,WR,Malik,Malik Nabers,Nabers,12.774999618530273,4,4000,NYG@CHI,NYG,CHI,IR,Knee - acl,,,,WR/FLEX
122526-104661,TE,Patrick,Patrick Herbert,Herbert,,0,4000,JAC@HOU,JAC,HOU,,,,,,TE/FLEX
122526-129240,WR,Tyler,Tyler Scott,Scott,0.2,5,4000,LAR@SF,LAR,SF,,,,,,WR/FLEX
122526-226525,WR,Chandler,Chandler Brayboy,Brayboy,,0,4000,JAC@HOU,JAC,HOU,,,,,,WR/FLEX
122526-91361,RB,Hassan,Hassan Haskins,Haskins,1.0500000317891438,6,4000,PIT@LAC,LAC,PIT,IR,Hamstring,,,,RB/FLEX
122526-93408,WR,Rondale,Rondale Moore,Moore,,0,4000,BAL@MIN,MIN,BAL,IR,Knee,,,,WR/FLEX
122526-120035,TE,Mark,Mark Redman,Redman,,0,4000,LAR@SF,LAR,SF,,,,,,TE/FLEX
122526-130275,WR,Kristian,Kristian Wilkerson,Wilkerson,8.800000190734863,1,4000,BUF@MIA,BUF,MIA,,,,,,WR/FLEX
122526-170208,WR,Kaden,Kaden Davis,Davis,0,1,4000,CLE@NYJ,CLE,NYJ,,,,,,WR/FLEX
122526-88290,WR,Jeshaun,Jeshaun Jones,Jones,,0,4000,BAL@MIN,MIN,BAL,,,,,,WR/FLEX
122526-169185,WR,Jamaal,Jamaal Pritchett,Pritchett,,0,4000,CLE@NYJ,NYJ,CLE,,,,,,WR/FLEX
122526-170214,WR,Dennis,Dennis Houston,Houston,,0,4000,NE@TB,TB,NE,,,,,,WR/FLEX
122526-69860,RB,Trayveon,Trayveon Williams,Williams,0,3,4000,PIT@LAC,LAC,PIT,,,,,,RB/FLEX
122526-86255,TE,Josh,Josh Whyle,Whyle,3.11999994913737,15,4000,PHI@GB,GB,PHI,,,,,,TE/FLEX
122526-110834,WR,Tahj,Tahj Washington,Washington,-0.4000000059604645,1,4000,BUF@MIA,MIA,BUF,,,,,,WR/FLEX
122526-151799,WR,Jackson,Jackson Meeks,Meeks,,0,4000,DET@WAS,DET,WAS,,,,,,WR/FLEX
122526-151806,RB,Raheim,Raheim Sanders,Sanders,6.300000190734863,1,4000,CLE@NYJ,CLE,NYJ,,,,,,RB/FLEX
122526-12544,D,New York,New York Jets,Jets,2.625,8,4000,CLE@NYJ,NYJ,CLE,,,,,,DEF
122526-55552,RB,Jeff,Jeff Wilson Jr.,Wilson Jr.,1.1375000476837158,8,4000,BUF@MIA,MIA,BUF,,,,,,RB/FLEX
122526-91401,WR,Ronnie,Ronnie Bell,Bell,0.6400000095367432,5,4000,NO@CAR,NO,CAR,,,,,,WR/FLEX
122526-174355,WR,Jeremiah,Jeremiah Webb,Webb,,0,4000,NE@TB,NE,TB,,,,,,WR/FLEX
122526-71957,WR,Quintez,Quintez Cephus,Cephus,,0,4000,JAC@HOU,HOU,JAC,,,,,,WR/FLEX
122526-110868,RB,Josh,Josh Williams,Williams,0.550000011920929,2,4000,NE@TB,TB,NE,,,,,,RB/FLEX
122526-157975,TE,Keleki,Keleki Latu,Latu,,0,4000,BUF@MIA,BUF,MIA,,,,,,TE/FLEX
122526-129302,WR,Stephen,Stephen Gosnell,Gosnell,,0,4000,BUF@MIA,BUF,MIA,,,,,,WR/FLEX
122526-64827,WR,Miles,Miles Boykin,Boykin,,0,4000,NYG@CHI,CHI,NYG,,,,,,WR/FLEX
122526-94534,WR,Gabe,Gabe Davis,Davis,4.877777947319879,9,4000,BUF@MIA,BUF,MIA,,,,,,WR/FLEX
122526-156997,WR,Tru,Tru Edwards,Edwards,,0,4000,LAR@SF,LAR,SF,,,,,,WR/FLEX
122526-87371,RB,Ty,Ty Chandler,Chandler,0,1,4000,BAL@MIN,MIN,BAL,IR,Knee,,,,RB/FLEX
122526-89437,WR,Tim,Tim Jones,Jones,2,1,4000,JAC@HOU,JAC,HOU,,,,,,WR/FLEX
122526-137567,TE,Jalin,Jalin Conyers,Conyers,,0,4000,BUF@MIA,MIA,BUF,IR,Leg,,,,TE/FLEX
122526-153957,TE,Zaire,Zaire Mitchell-Paden,Mitchell-Paden,0.4000000059604645,2,4000,NO@CAR,NO,CAR,,,,,,TE/FLEX
122526-151914,TE,Moliki,Moliki Matavao,Matavao,,0,4000,NO@CAR,NO,CAR,,,,,,TE/FLEX
122526-63851,TE,Tyree,Tyree Jackson,Jackson,,0,4000,DET@WAS,WAS,DET,IR,Undisclosed,,,,TE/FLEX
122526-71032,WR,Devin,Devin Duvernay,Duvernay,0.08749999850988388,8,4000,NYG@CHI,CHI,NYG,,,,,,WR/FLEX
122526-56698,WR,Dante,Dante Pettis,Pettis,3.25,8,4000,NO@CAR,NO,CAR,,,,,,WR/FLEX
122526-110978,RB,Evan,Evan Hull,Hull,,0,4000,NO@CAR,NO,CAR,,,,,,RB/FLEX
122526-114054,WR,Dalen,Dalen Cambre,Cambre,,0,4000,NYG@CHI,NYG,CHI,,,,,,WR/FLEX
122526-87432,WR,Cedric,Cedric Tillman,Tillman,7.025000095367432,4,4000,CLE@NYJ,CLE,NYJ,Q,Hamstring,,,,WR/FLEX
122526-183693,WR,Da'Quan,Da'Quan Felton,Felton,,0,4000,NYG@CHI,NYG,CHI,IR,Undisclosed,,,,WR/FLEX
122526-43416,WR,Trent,Trent Taylor,Taylor,1.600000023841858,1,4000,LAR@SF,SF,LAR,IR,Undisclosed,,,,WR/FLEX
122526-90522,TE,Cameron,Cameron Latu,Latu,,0,4000,PHI@GB,PHI,GB,,,,,,TE/FLEX
122526-138649,WR,LaJohntay,LaJohntay Wester,Wester,0,6,4000,BAL@MIN,BAL,MIN,,,,,,WR/FLEX
122526-92573,TE,Travis,Travis Vokolek,Vokolek,0,1,4000,ARI@SEA,ARI,SEA,IR,Neck,,,,TE/FLEX
122526-114079,TE,Hayden,Hayden Rucci,Rucci,,0,4000,BUF@MIA,MIA,BUF,,,,,,TE/FLEX
122526-93600,WR,Bryce,Bryce Ford-Wheaton,Ford-Wheaton,0,1,4000,NYG@CHI,NYG,CHI,IR,Achilles,,,,WR/FLEX
122526-60838,WR,Andre,Andre Baccellia,Baccellia,,0,4000,ARI@SEA,ARI,SEA,,,,,,WR/FLEX
122526-80299,RB,Patrick,Patrick Ricard,Ricard,2.616666634877523,6,4000,BAL@MIN,BAL,MIN,,,,,,RB/FLEX
122526-87469,TE,Jelani,Jelani Woods,Woods,,0,4000,CLE@NYJ,NYJ,CLE,,,,,,TE/FLEX
122526-112044,WR,Dalevon,Dalevon Campbell,Campbell,,0,4000,PIT@LAC,LAC,PIT,,,,,,WR/FLEX
122526-53681,WR,Tyreek,Tyreek Hill,Hill,11.5,4,4000,BUF@MIA,MIA,BUF,IR,Knee - acl,,,,WR/FLEX
122526-25011,TE,Darren,Darren Waller,Waller,13.566666920979818,3,4000,BUF@MIA,MIA,BUF,IR,Pectoral,,,,TE/FLEX
122526-133558,WR,Luke,Luke Floriea,Floriea,,0,4000,CLE@NYJ,CLE,NYJ,,,,,,WR/FLEX
122526-114109,WR,Ainias,Ainias Smith,Smith,2.839999961853027,5,4000,NO@CAR,CAR,NO,,,,,,WR/FLEX
122526-92606,WR,Bo,Bo Melton,Melton,0.07500000298023224,4,4000,PHI@GB,GB,PHI,,,,,,WR/FLEX
122526-206276,WR,Jaden,Jaden Smith,Smith,,0,4000,NE@TB,TB,NE,IR,Undisclosed,,,,WR/FLEX
122526-152014,WR,JP,JP Richardson,Richardson,,0,4000,NYG@CHI,CHI,NYG,,,,,,WR/FLEX
122526-69068,RB,Jonathan,Jonathan Ward,Ward,0.7333333492279053,3,4000,NE@TB,NE,TB,,,,,,RB/FLEX
122526-90575,RB,Najee,Najee Harris,Harris,3.366666793823242,3,4000,PIT@LAC,LAC,PIT,IR,Achilles,,,,RB/FLEX
122526-109007,WR,Josh,Josh Kelly,Kelly,,0,4000,JAC@HOU,HOU,JAC,,,,,,WR/FLEX
122526-54746,TE,Tyler,Tyler Ott,Ott,0,1,4000,DET@WAS,WAS,DET,,,,,,TE/FLEX
122526-185827,RB,Jacob,Jacob Saylors,Saylors,0.18333333730697632,6,4000,DET@WAS,DET,WAS,O,Back,,,,RB/FLEX
122526-14820,RB,Nick,Nick Bellore,Bellore,0,1,4000,DET@WAS,WAS,DET,,,,,,RB/FLEX
122526-71143,TE,Kylen,Kylen Granson,Granson,0.800000011920929,2,4000,PHI@GB,PHI,GB,,,,,,TE/FLEX
122526-133615,WR,Dontae,Dontae Fleming,Fleming,,0,4000,BAL@MIN,MIN,BAL,,,,,,WR/FLEX
122526-193004,WR,Jahdae,Jahdae Walker,Walker,,0,4000,NYG@CHI,CHI,NYG,O,Concussion,,,,WR/FLEX
122526-89586,TE,Tucker,Tucker Fisk,Fisk,0.5666666825612386,3,4000,PIT@LAC,LAC,PIT,,,,,,TE/FLEX
122526-102902,WR,Trey,Trey Palmer,Palmer,2.085714340209961,14,4000,NO@CAR,NO,CAR,IR,Ankle,,,,WR/FLEX
122526-156152,WR,Tejhaun,Tejhaun Palmer,Palmer,,0,4000,ARI@SEA,ARI,SEA,,,,,,WR/FLEX
122526-60930,RB,Myles,Myles Gaskin,Gaskin,0.375,4,4000,ARI@SEA,SEA,ARI,,,,,,RB/FLEX
122526-113160,WR,Jakobie,Jakobie Keeney-James,Keeney-James,,0,4000,PHI@GB,GB,PHI,,,,,,WR/FLEX
122526-160287,RB,Amar,Amar Johnson,Johnson,,0,4000,PIT@LAC,LAC,PIT,,,,,,RB/FLEX
122526-73247,RB,Kene,Kene Nwangwu,Nwangwu,0,3,4000,CLE@NYJ,NYJ,CLE,,,,,,RB/FLEX
122526-103966,TE,Stone,Stone Smartt,Smartt,3.828571319580078,7,4000,CLE@NYJ,NYJ,CLE,,,,,,TE/FLEX
122526-226851,RB,Rushawn,Rushawn Baker,Baker,,0,4000,NE@TB,NE,TB,,,,,,RB/FLEX
122526-185889,TE,Tanner,Tanner Taula,Taula,,0,4000,NE@TB,TB,NE,,,,,,TE/FLEX
122526-156197,TE,Bryson,Bryson Nesbit,Nesbit,,0,4000,BAL@MIN,MIN,BAL,,,,,,TE/FLEX
122526-226859,WR,Darius,Darius Cooper,Cooper,,0,4000,PHI@GB,PHI,GB,,,,,,WR/FLEX
122526-160303,TE,Tucker,Tucker Kraft,Kraft,13.399999618530273,8,4000,PHI@GB,GB,PHI,IR,Knee - acl,,,,TE/FLEX
122526-160306,RB,Pierre,Pierre Strong Jr.,Strong Jr.,2.3500000635782876,12,4000,PHI@GB,GB,PHI,,,,,,RB/FLEX
122526-60981,TE,Charlie,Charlie Heck,Heck,,0,4000,NE@TB,TB,NE,,,,,,TE/FLEX
122526-226875,WR,Ja'seem,Ja'seem Reed,Reed,,0,4000,NO@CAR,CAR,NO,,,,,,WR/FLEX
122526-173631,RB,Dante,Dante Miller,Miller,,0,4000,NYG@CHI,NYG,CHI,,,,,,RB/FLEX
122526-152128,WR,Dominic,Dominic Lovett,Lovett,0,1,4000,DET@WAS,DET,WAS,,,,,,WR/FLEX
122526-71241,WR,Brandon,Brandon Johnson,Johnson,1.399999976158142,1,4000,NE@TB,TB,NE,,,,,,WR/FLEX
122526-114252,WR,Xavier,Xavier Weaver,Weaver,0,2,4000,ARI@SEA,ARI,SEA,Q,Ankle,,,,WR/FLEX
122526-104019,TE,Matt,Matt Orzech,Orzech,0,2,4000,PHI@GB,GB,PHI,,,,,,TE/FLEX
122526-86612,TE,Brayden,Brayden Willis,Willis,0,1,4000,LAR@SF,SF,LAR,,,,,,TE/FLEX
122526-18009,TE,Chris,Chris Manhertz,Manhertz,0.6000000238418579,2,4000,NYG@CHI,NYG,CHI,,,,,,TE/FLEX
122526-129641,WR,Will,Will Sheppard,Sheppard,,0,4000,PHI@GB,GB,PHI,,,,,,WR/FLEX
122526-88685,WR,Austin,Austin Trammell,Trammell,0,1,4000,JAC@HOU,JAC,HOU,,,,,,WR/FLEX
122526-131694,TE,Luke,Luke Lachey,Lachey,,0,4000,JAC@HOU,HOU,JAC,,,,,,TE/FLEX
122526-206447,RB,Max,Max Hurleman,Hurleman,,0,4000,PIT@LAC,PIT,LAC,,,,,,RB/FLEX
122526-94831,RB,Deneric,Deneric Prince,Prince,,0,4000,NE@TB,NE,TB,IR,Undisclosed,,,,RB/FLEX
122526-56947,TE,Chris,Chris Myarick,Myarick,,0,4000,BUF@MIA,MIA,BUF,,,,,,TE/FLEX
122526-86646,RB,Trey,Trey Sermon,Sermon,0,1,4000,PIT@LAC,PIT,LAC,,,,,,RB/FLEX
122526-104054,RB,Sincere,Sincere McCormick,McCormick,6.050000190734863,4,4000,LAR@SF,SF,LAR,,,,,,RB/FLEX
122526-32384,WR,Mike,Mike Evans,Evans,6.75,4,4000,NE@TB,TB,NE,IR,Collarbone,,,,WR/FLEX
122526-135812,WR,Quentin,Quentin Skinner,Skinner,,0,4000,CLE@NYJ,NYJ,CLE,,,,,,WR/FLEX
122526-26251,WR,Robbie,Robbie Chosen,Chosen,5.599999904632568,1,4000,DET@WAS,WAS,DET,,,,,,WR/FLEX
122526-87690,TE,Sal,Sal Cannella,Cannella,,0,4000,CLE@NYJ,CLE,NYJ,,,,,,TE/FLEX
122526-64147,WR,Britain,Britain Covey,Covey,1.3800000190734862,5,4000,PHI@GB,PHI,GB,,,,,,WR/FLEX
122526-110230,RB,Kenny,Kenny McIntosh,McIntosh,2.322222179836697,9,4000,ARI@SEA,SEA,ARI,IR,Knee - acl,,,,RB/FLEX
122526-136857,RB,Ja'Quinden,Ja'Quinden Jackson,Jackson,,0,4000,JAC@HOU,JAC,HOU,,,,,,RB/FLEX
122526-137889,WR,Brennan,Brennan Presley,Presley,,0,4000,LAR@SF,LAR,SF,,,,,,WR/FLEX
122526-86692,TE,Thomas,Thomas Odukoya,Odukoya,,0,4000,NE@TB,NE,TB,,,,,,TE/FLEX
122526-167588,WR,Jacoby,Jacoby Jones,Jones,,0,4000,DET@WAS,WAS,DET,,,,,,WR/FLEX
122526-128681,TE,Caden,Caden Prieskorn,Prieskorn,,0,4000,CLE@NYJ,CLE,NYJ,,,,,,TE/FLEX
122526-85672,WR,Terrace,Terrace Marshall,Marshall,1.1199999809265138,5,4000,PHI@GB,PHI,GB,,,,,,WR/FLEX
122526-94888,TE,Messiah,Messiah Swinson,Swinson,,0,4000,ARI@SEA,ARI,SEA,,,,,,TE/FLEX
122526-103083,WR,Theo,Theo Wease Jr.,Wease Jr.,,0,4000,BUF@MIA,MIA,BUF,,,,,,WR/FLEX
122526-110259,WR,Treylon,Treylon Burks,Burks,1.899999976158142,1,4000,DET@WAS,WAS,DET,,,,,,WR/FLEX
122526-52916,WR,Russell,Russell Gage Jr.,Gage Jr.,,0,4000,LAR@SF,SF,LAR,,,,,,WR/FLEX
122526-61112,TE,Josiah,Josiah Deguara,Deguara,0.9666666984558105,3,4000,ARI@SEA,ARI,SEA,,,,,,TE/FLEX
122526-110274,WR,Bub,Bub Means,Means,5.574999809265137,4,4000,NO@CAR,NO,CAR,IR,Lower leg,,,,WR/FLEX
122526-193226,TE,Mason,Mason Pline,Pline,,0,4000,NO@CAR,NO,CAR,IR,Upper body,,,,TE/FLEX
122526-158412,RB,Braelon,Braelon Allen,Allen,3.575000047683716,4,4000,CLE@NYJ,NYJ,CLE,IR,Knee - mcl,,,,RB/FLEX
122526-92890,WR,Cody,Cody White,White,6.25,2,4000,ARI@SEA,SEA,ARI,,,,,,WR/FLEX
122526-104165,RB,Lew,Lew Nichols,Nichols,0,1,4000,PIT@LAC,PIT,LAC,,,,,,RB/FLEX
122526-86762,TE,Jack,Jack Westover,Westover,0,1,4000,NE@TB,NE,TB,,,,,,TE/FLEX
122526-137966,WR,A.J.,A.J. Henning,Henning,,0,4000,BUF@MIA,MIA,BUF,,,,,,WR/FLEX
122526-40687,RB,James,James Conner,Conner,9.766666412353516,3,4000,ARI@SEA,ARI,SEA,IR,Foot,,,,RB/FLEX
122526-131835,WR,Efton,Efton Chism III,Chism III,0,3,4000,NE@TB,NE,TB,,,,,,WR/FLEX
122526-86778,TE,Devin,Devin Culp,Culp,3.7666667302449546,3,4000,NE@TB,TB,NE,,,,,,TE/FLEX
122526-137990,TE,Tip,Tip Reiman,Reiman,1.099999984105428,3,4000,ARI@SEA,ARI,SEA,IR,Ankle,,,,TE/FLEX
122526-156426,RB,Brock,Brock Lampe,Lampe,,0,4000,NE@TB,NE,TB,IR,Undisclosed,,,,RB/FLEX
122526-91931,TE,Greg,Greg Dulcich,Dulcich,7.400000095367432,1,4000,BUF@MIA,MIA,BUF,,,,,,TE/FLEX
122526-70426,RB,Reggie,Reggie Gilliam,Gilliam,0.3499999940395355,2,4000,BUF@MIA,BUF,MIA,,,,,,RB/FLEX
122526-114469,WR,Tyrone,Tyrone Broden,Broden,,0,4000,ARI@SEA,SEA,ARI,,,,,,WR/FLEX
122526-87844,TE,Brady,Brady Russell,Russell,0,1,4000,ARI@SEA,SEA,ARI,,,,,,TE/FLEX
122526-90933,RB,Antonio,Antonio Gibson,Gibson,4.44000015258789,5,4000,NE@TB,NE,TB,IR,Knee - acl,,,,RB/FLEX
122526-91971,RB,Ronnie,Ronnie Rivers,Rivers,2.075000047683716,8,4000,LAR@SF,LAR,SF,,,,,,RB/FLEX
122526-112455,WR,Xavier,Xavier Gipson,Gipson,-0.40000001589457196,3,4000,PHI@GB,PHI,GB,,,,,,WR/FLEX
122526-120657,RB,Kendre,Kendre Miller,Miller,4.399999891008649,7,4000,NO@CAR,NO,CAR,IR,Knee - acl,,,,RB/FLEX
122526-201553,WR,John,John Jiles,Jiles,,0,4000,NE@TB,NE,TB,,,,,,WR/FLEX
122526-104278,TE,Donald,Donald Parham Jr.,Parham Jr.,,0,4000,PIT@LAC,PIT,LAC,IR,Achilles,,,,TE/FLEX
122526-61273,WR,Scotty,Scotty Miller,Miller,0.699999988079071,2,4000,PIT@LAC,PIT,LAC,O,Finger,,,,WR/FLEX
122526-93023,RB,Jermar,Jermar Jefferson,Jefferson,1.850000023841858,2,4000,ARI@SEA,ARI,SEA,,,,,,RB/FLEX
122526-154461,WR,Ja'Corey,Ja'Corey Brooks,Brooks,,0,4000,DET@WAS,WAS,DET,,,,,,WR/FLEX
122526-66402,TE,Jack,Jack Driscoll,Driscoll,0,1,4000,PIT@LAC,PIT,LAC,,,,,,TE/FLEX
122526-114530,WR,Jacob,Jacob Cowing,Cowing,0.5799999872843424,15,4000,LAR@SF,SF,LAR,IR,Hamstring,,,,WR/FLEX
122526-70501,RB,C.J.,C.J. Ham,Ham,1,1,4000,BAL@MIN,MIN,BAL,,,,,,RB/FLEX
122526-114532,RB,Deion,Deion Hankins,Hankins,,0,4000,NYG@CHI,CHI,NYG,IR,Quadriceps,,,,RB/FLEX
122526-192359,WR,JaQuae,JaQuae Jackson,Jackson,,0,4000,PIT@LAC,LAC,PIT,,,,,,WR/FLEX
122526-169834,WR,Dareke,Dareke Young,Young,1.1600000381469726,5,4000,ARI@SEA,SEA,ARI,IR,Quadriceps,,,,WR/FLEX
122526-120684,WR,Garrett,Garrett Greene,Greene,,0,4000,NE@TB,TB,NE,,,,,,WR/FLEX
122526-120694,WR,Ja'Lynn,Ja'Lynn Polk,Polk,2.053846212533804,13,4000,NO@CAR,NO,CAR,IR,Shoulder,,,,WR/FLEX
122526-184184,WR,Travis,Travis Hunter,Hunter,7.5428570338657925,7,4000,JAC@HOU,JAC,HOU,IR,Knee,,,,WR/FLEX
122526-114557,WR,Cornelius,Cornelius Johnson,Johnson,,0,4000,BAL@MIN,BAL,MIN,,,,,,WR/FLEX
122526-93055,WR,Isaiah,Isaiah Hodgins,Hodgins,1.100000023841858,2,4000,PIT@LAC,PIT,LAC,,,,,,WR/FLEX
122526-134023,RB,Keaton,Keaton Mitchell,Mitchell,2.0999999046325684,4,4000,BAL@MIN,BAL,MIN,,,,,,RB/FLEX
122526-103302,WR,Courtney,Courtney Jackson,Jackson,,0,4000,ARI@SEA,SEA,ARI,,,,,,WR/FLEX
122526-23435,TE,Andrew,Andrew DePaola,DePaola,,0,4000,BAL@MIN,MIN,BAL,,,,,,TE/FLEX
122526-94094,TE,Brevin,Brevin Jordan,Jordan,0.8500000238418579,2,4000,JAC@HOU,HOU,JAC,IR,Knee,,,,TE/FLEX
122526-119697,RB,MarShawn,MarShawn Lloyd,Lloyd,2.299999952316284,1,4000,PHI@GB,GB,PHI,IR,Hamstring,,,,RB/FLEX
122526-64405,WR,Dan,Dan Chisena,Chisena,1.2999999523162842,4,4000,NO@CAR,CAR,NO,,,,,,WR/FLEX
122526-92056,TE,Cal,Cal Adomitis,Adomitis,,0,4000,PHI@GB,PHI,GB,,,,,,TE/FLEX
122526-28570,TE,Nick,Nick Vannett,Vannett,3.3333333333333335,12,4000,BAL@MIN,MIN,BAL,,,,,,TE/FLEX
122526-119722,WR,Johnny,Johnny Wilson,Wilson,1.2300000190734863,10,4000,PHI@GB,PHI,GB,IR,Knee,,,,WR/FLEX
122526-167849,TE,Zach,Zach Horton,Horton,,0,4000,DET@WAS,DET,WAS,,,,,,TE/FLEX
122526-45997,WR,Keith,Keith Kirkwood,Kirkwood,,0,4000,BAL@MIN,BAL,MIN,,,,,,WR/FLEX
122526-91055,WR,Kevin,Kevin Austin Jr.,Austin Jr.,0,1,4000,NO@CAR,NO,CAR,,,,,,WR/FLEX
122526-175021,RB,Jordan,Jordan James,James,,0,4000,LAR@SF,SF,LAR,,,,,,RB/FLEX
122526-137139,WR,Myles,Myles Price,Price,-0.25,8,4000,BAL@MIN,MIN,BAL,,,,,,WR/FLEX
122526-72627,RB,Patrick,Patrick Taylor Jr.,Taylor Jr.,6.259999847412109,5,4000,LAR@SF,SF,LAR,IR,Shoulder,,,,RB/FLEX
122526-156596,RB,Jarquez,Jarquez Hunter,Hunter,,0,4000,LAR@SF,LAR,SF,,,,,,RB/FLEX
122526-104388,WR,Tom,Tom Kennedy,Kennedy,0,3,4000,DET@WAS,DET,WAS,,,,,,WR/FLEX
122526-183240,RB,Cam,Cam Skattebo,Skattebo,14.462499618530273,8,4000,NYG@CHI,NYG,CHI,IR,Ankle,,,,RB/FLEX
122526-69581,WR,Cedrick,Cedrick Wilson Jr.,Wilson Jr.,0.949999988079071,2,4000,BUF@MIA,MIA,BUF,,,,,,WR/FLEX
122526-73687,WR,Quez,Quez Watkins,Watkins,,0,4000,PHI@GB,PHI,GB,Q,Undisclosed,,,,WR/FLEX
122526-72665,TE,Kenny,Kenny Yeboah,Yeboah,2.199999968210856,6,4000,DET@WAS,DET,WAS,Q,Knee,,,,TE/FLEX
122526-152540,TE,CJ,CJ Dippre,Dippre,,0,4000,NE@TB,NE,TB,,,,,,TE/FLEX
122526-54239,TE,Matt,Matt Sokol,Sokol,,0,4000,PIT@LAC,PIT,LAC,,,,,,TE/FLEX
122526-85986,TE,James,James Mitchell,Mitchell,2.1500000953674316,2,4000,NO@CAR,CAR,NO,,,,,,TE/FLEX
122526-85994,TE,Dalton,Dalton Keene,Keene,,0,4000,JAC@HOU,HOU,JAC,,,,,,TE/FLEX
122526-138221,WR,Ricky,Ricky White III,White III,,0,4000,ARI@SEA,SEA,ARI,,,,,,WR/FLEX
122526-152574,RB,Donovan,Donovan Edwards,Edwards,,0,4000,DET@WAS,WAS,DET,,,,,,RB/FLEX
122526-12533,D,Green Bay,Green Bay Packers,Packers,4.875,8,3900,PHI@GB,GB,PHI,,,,,,DEF
122526-12551,D,Tampa Bay,Tampa Bay Buccaneers,Buccaneers,8.625,8,3900,NE@TB,TB,NE,,,,,,DEF
122526-12527,D,Chicago,Chicago Bears,Bears,7,8,3800,NYG@CHI,CHI,NYG,,,,,,DEF
122526-12540,D,Minnesota,Minnesota Vikings,Vikings,7.375,8,3700,BAL@MIN,MIN,BAL,,,,,,DEF
122526-12553,D,Carolina,Carolina Panthers,Panthers,5.666666666666667,9,3600,NO@CAR,CAR,NO,,,,,,DEF
122526-12555,D,Baltimore,Baltimore Ravens,Ravens,3.375,8,3500,BAL@MIN,BAL,MIN,,,,,,DEF
122526-12542,D,New Orleans,New Orleans Saints,Saints,4.888888888888889,9,3400,NO@CAR,NO,CAR,,,,,,DEF
122526-12549,D,San Francisco,San Francisco 49ers,49ers,4.333333333333333,9,3300,LAR@SF,SF,LAR,,,,,,DEF
122526-12552,D,Washington,Washington Commanders,Commanders,5,9,3200,DET@WAS,WAS,DET,,,,,,DEF
122526-12543,D,New York,New York Giants,Giants,2.888888888888889,9,3100,NYG@CHI,NYG,CHI,,,,,,DEF
122526-12546,D,Arizona,Arizona Cardinals,Cardinals,6.75,8,3100,ARI@SEA,ARI,SEA,,,,,,DEF
122526-12539,D,Miami,Miami Dolphins,Dolphins,4.111111111111111,9,3000,BUF@MIA,MIA,BUF,,,,,,DEF