Id,Position,First Name,Nickname,Last Name,FPPG,Played,Salary,Game,Team,Opponent,Injury Indicator,Injury Details,Tier,,,Roster Position
123617-129458,WR,Jaxon,Jaxon Smith-Njigba,Smith-Njigba,21.727272727272727,11,10000,MIN@SEA,SEA,MIN,,,,,,WR/FLEX
123617-89675,RB,Jonathan,Jonathan Taylor,Taylor,25.59090909090909,11,9900,HOU@IND,IND,HOU,,,,,,RB/FLEX
123617-136855,RB,Bijan,Bijan Robinson,Robinson,19.55454600941051,11,9500,ATL@NYJ,ATL,NYJ,,,,,,RB/FLEX
123617-62239,QB,Josh,Josh Allen,Allen,24.85999922318892,11,9400,BUF@PIT,BUF,PIT,,,,,,QB
123617-103020,WR,Puka,Puka Nacua,Nacua,17.9,10,9300,LAR@CAR,LAR,CAR,,,,,,WR/FLEX
123617-91626,RB,James,James Cook III,Cook III,19.154545177112926,11,8800,BUF@PIT,BUF,PIT,,,,,,RB/FLEX
123617-138820,RB,De'Von,De'Von Achane,Achane,19.727272727272727,11,8700,NO@MIA,MIA,NO,,,,,,RB/FLEX
123617-55050,RB,Christian,Christian McCaffrey,McCaffrey,23.0500005086263,12,8600,SF@CLE,SF,CLE,,,,,,RB/FLEX
123617-102785,QB,Jayden,Jayden Daniels,Daniels,18.926666259765625,6,8500,DEN@WAS,WAS,DEN,O,Elbow,,,,QB
123617-104433,RB,Kyren,Kyren Williams,Williams,14.818181818181818,11,8500,LAR@CAR,LAR,CAR,,,,,,RB/FLEX
123617-69189,QB,Justin,Justin Herbert,Herbert,20.37636358087713,11,8300,LV@LAC,LAC,LV,,,,,,QB
123617-91750,TE,Trey,Trey McBride,McBride,15.245454268022018,11,8300,ARI@TB,ARI,TB,,,,,,TE/FLEX
123617-85671,WR,Justin,Justin Jefferson,Jefferson,11.627272865988992,11,8300,MIN@SEA,MIN,SEA,,,,,,WR/FLEX
123617-152316,QB,Drake,Drake Maye,Maye,20.383333841959637,12,8300,NYG@NE,NE,NYG,,,,,,QB
123617-41535,QB,Baker,Baker Mayfield,Mayfield,17.439999667080965,11,8200,ARI@TB,TB,ARI,,,,,,QB
123617-72297,RB,Rico,Rico Dowdle,Dowdle,14.074999491373697,12,8200,LAR@CAR,CAR,LAR,,,,,,RB/FLEX
123617-45889,WR,Davante,Davante Adams,Adams,14.736364191228693,11,8200,LAR@CAR,LAR,CAR,,,,,,WR/FLEX
123617-91419,WR,Nico,Nico Collins,Collins,12.65,10,8100,HOU@IND,HOU,IND,,,,,,WR/FLEX
123617-152655,WR,Emeka,Emeka Egbuka,Egbuka,13.345454822887074,11,8000,ARI@TB,TB,ARI,,,,,,WR/FLEX
123617-112745,WR,Drake,Drake London,London,18,9,8000,ATL@NYJ,ATL,NYJ,NA,Knee - pcl,,,,WR/FLEX
123617-6654,QB,Matthew,Matthew Stafford,Stafford,21.118182095614348,11,8000,LAR@CAR,LAR,CAR,,,,,,QB
123617-169410,RB,Quinshon,Quinshon Judkins,Judkins,12.569999694824219,10,7800,SF@CLE,CLE,SF,,,,,,RB/FLEX
123617-152647,RB,TreVeyon,TreVeyon Henderson,Henderson,10.441666920979818,12,7700,NYG@NE,NE,NYG,,,,,,RB/FLEX
123617-133472,WR,Ladd,Ladd McConkey,McConkey,11.0363637750799,11,7600,LV@LAC,LAC,LV,,,,,,WR/FLEX
123617-30231,QB,Jacoby,Jacoby Brissett,Brissett,17.184999465942383,8,7600,ARI@TB,ARI,TB,,,,,,QB
123617-63519,QB,Daniel,Daniel Jones,Jones,20.227272727272727,11,7500,HOU@IND,IND,HOU,,,,,,QB
123617-152664,RB,Bucky,Bucky Irving,Irving,16.375,4,7500,ARI@TB,TB,ARI,,,,,,RB/FLEX
123617-24849,QB,Jameis,Jameis Winston,Winston,23.889999389648438,2,7500,NYG@NE,NYG,NE,,,,,,QB
123617-151966,QB,Jaxson,Jaxson Dart,Dart,18.153333875868057,9,7500,NYG@NE,NYG,NE,,,,,,QB
123617-56018,WR,Deebo,Deebo Samuel Sr.,Samuel Sr.,11.469999694824219,10,7500,DEN@WAS,WAS,DEN,,,,,,WR/FLEX
123617-63589,QB,Sam,Sam Darnold,Darnold,16.39090936834162,11,7400,MIN@SEA,SEA,MIN,,,,,,QB
123617-102965,QB,Bo,Bo Nix,Nix,19.012727217240766,11,7400,DEN@WAS,DEN,WAS,,,,,,QB
123617-103064,RB,Breece,Breece Hall,Hall,13.441818237304688,11,7400,ATL@NYJ,NYJ,ATL,,,,,,RB/FLEX
123617-73048,WR,DK,DK Metcalf,Metcalf,10.772727272727273,11,7300,BUF@PIT,PIT,BUF,,,,,,WR/FLEX
123617-85607,QB,Brock,Brock Purdy,Purdy,17.764999389648438,4,7300,SF@CLE,SF,CLE,,,,,,QB
123617-89956,RB,Travis,Travis Etienne Jr.,Etienne Jr.,14.318181818181818,11,7300,JAC@TEN,JAC,TEN,,,,,,RB/FLEX
123617-151794,TE,Brock,Brock Bowers,Bowers,12.462499618530273,8,7200,LV@LAC,LV,LAC,,,,,,TE/FLEX
123617-112057,RB,Jaylen,Jaylen Warren,Warren,12.180000305175781,10,7200,BUF@PIT,PIT,BUF,,,,,,RB/FLEX
123617-87770,WR,Chris,Chris Olave,Olave,12.145455100319602,11,7200,NO@MIA,NO,MIA,,,,,,WR/FLEX
123617-89951,QB,Trevor,Trevor Lawrence,Lawrence,16.93454534357244,11,7200,JAC@TEN,JAC,TEN,,,,,,QB
123617-167031,RB,Ashton,Ashton Jeanty,Jeanty,13.636363636363637,11,7100,LV@LAC,LV,LAC,,,,,,RB/FLEX
123617-90584,QB,Mac,Mac Jones,Jones,16.126666598849827,9,7100,SF@CLE,SF,CLE,,,,,,QB
123617-89612,WR,Michael,Michael Wilson,Wilson,8.081818320534445,11,7100,ARI@TB,ARI,TB,,,,,,WR/FLEX
123617-90573,WR,Jaylen,Jaylen Waddle,Waddle,11.82000038840554,11,7000,NO@MIA,MIA,NO,,,,,,WR/FLEX
123617-137902,RB,Rachaad,Rachaad White,White,8.60909063165838,11,7000,ARI@TB,TB,ARI,,,,,,RB/FLEX
123617-6894,QB,Aaron,Aaron Rodgers,Rodgers,15.236000061035156,10,7000,BUF@PIT,PIT,BUF,,,,,,QB
123617-90572,QB,Tua,Tua Tagovailoa,Tagovailoa,13.33818192915483,11,6900,NO@MIA,MIA,NO,,,,,,QB
123617-25079,WR,Stefon,Stefon Diggs,Diggs,10.450000127156576,12,6900,NYG@NE,NE,NYG,,,,,,WR/FLEX
123617-29253,WR,Keenan,Keenan Allen,Allen,10.381817904385654,11,6900,LV@LAC,LAC,LV,,,,,,WR/FLEX
123617-119606,QB,Bryce,Bryce Young,Young,13.82181757146662,11,6900,LAR@CAR,CAR,LAR,,,,,,QB
123617-103342,RB,Kenneth,Kenneth Walker III,Walker III,10.809091047807174,11,6900,MIN@SEA,SEA,MIN,,,,,,RB/FLEX
123617-129471,QB,C.J.,C.J. Stroud,Stroud,16.122499465942383,8,6800,HOU@IND,HOU,IND,,,,,,QB
123617-22038,QB,Kirk,Kirk Cousins,Cousins,6.465000152587891,4,6800,ATL@NYJ,ATL,NYJ,,,,,,QB
123617-89628,QB,Davis,Davis Mills,Mills,13.391999816894531,5,6800,HOU@IND,HOU,IND,,,,,,QB
123617-167620,WR,Tetairoa,Tetairoa McMillan,McMillan,11.858333587646484,12,6800,LAR@CAR,CAR,LAR,,,,,,WR/FLEX
123617-137059,RB,Sean,Sean Tucker,Tucker,6.190908952192827,11,6800,ARI@TB,TB,ARI,,,,,,RB/FLEX
123617-39793,TE,George,George Kittle,Kittle,11.299999782017299,7,6800,SF@CLE,SF,CLE,,,,,,TE/FLEX
123617-14377,QB,Tyrod,Tyrod Taylor,Taylor,10.984999656677246,4,6700,ATL@NYJ,NYJ,ATL,,,,,,QB
123617-152651,WR,Marvin,Marvin Harrison Jr.,Harrison Jr.,10.61111111111111,9,6700,ARI@TB,ARI,TB,,,,,,WR/FLEX
123617-128633,RB,Kimani,Kimani Vidal,Vidal,9.612500190734863,8,6700,LV@LAC,LAC,LV,,,,,,RB/FLEX
123617-29358,QB,Marcus,Marcus Mariota,Mariota,15.15000025431315,6,6700,DEN@WAS,WAS,DEN,,,,,,QB
123617-26483,QB,Geno,Geno Smith,Smith,13.425453879616477,11,6700,LV@LAC,LV,LAC,,,,,,QB
123617-57403,WR,Courtland,Courtland Sutton,Sutton,10.581818320534445,11,6600,DEN@WAS,DEN,WAS,,,,,,WR/FLEX
123617-174215,RB,Omarion,Omarion Hampton,Hampton,14,5,6600,LV@LAC,LAC,LV,IR,Ankle,,,,RB/FLEX
123617-61593,WR,Jauan,Jauan Jennings,Jennings,8.44000015258789,10,6600,SF@CLE,SF,CLE,,,,,,WR/FLEX
123617-151745,WR,Brian,Brian Thomas Jr.,Thomas Jr.,8.824999809265137,8,6500,JAC@TEN,JAC,TEN,,,,,,WR/FLEX
123617-88431,QB,Tyler,Tyler Shough,Shough,8.691999816894532,5,6500,NO@MIA,NO,MIA,,,,,,QB
123617-53729,QB,Mason,Mason Rudolph,Rudolph,4.5,4,6500,BUF@PIT,PIT,BUF,,,,,,QB
123617-40442,RB,Aaron,Aaron Jones Sr.,Jones Sr.,8.928571428571429,7,6500,MIN@SEA,MIN,SEA,,,,,,RB/FLEX
123617-56250,WR,Terry,Terry McLaurin,McLaurin,8.199999809265137,4,6500,DEN@WAS,WAS,DEN,,,,,,WR/FLEX
123617-152575,QB,J.J.,J.J. McCarthy,McCarthy,12.526667277018229,6,6500,MIN@SEA,MIN,SEA,O,Concussion,,,,QB
123617-103539,WR,Wan'Dale,Wan'Dale Robinson,Robinson,11.383333841959635,12,6400,NYG@NE,NYG,NE,,,,,,WR/FLEX
123617-69777,WR,Darnell,Darnell Mooney,Mooney,5.033333248562283,9,6400,ATL@NYJ,ATL,NYJ,,,,,,WR/FLEX
123617-103698,QB,Dillon,Dillon Gabriel,Gabriel,9.010000228881836,8,6400,SF@CLE,CLE,SF,,,,,,QB
123617-168356,QB,Cam,Cam Ward,Ward,10.545454545454545,11,6400,JAC@TEN,TEN,JAC,,,,,,QB
123617-138774,RB,Woody,Woody Marks,Marks,8.472726995294744,11,6400,HOU@IND,HOU,IND,,,,,,RB/FLEX
123617-184183,QB,Shedeur,Shedeur Sanders,Sanders,6.869999885559082,2,6400,SF@CLE,CLE,SF,,,,,,QB
123617-137530,TE,Tyler,Tyler Warren,Warren,10.754545731977982,11,6300,HOU@IND,IND,HOU,,,,,,TE/FLEX
123617-54604,QB,Jimmy,Jimmy Garoppolo,Garoppolo,-0.30000001192092896,1,6300,LAR@CAR,LAR,CAR,,,,,,QB
123617-91591,QB,Justin,Justin Fields,Fields,15.962222629123264,9,6300,ATL@NYJ,NYJ,ATL,,,,,,QB
123617-33259,QB,Teddy,Teddy Bridgewater,Bridgewater,0.9600000381469727,3,6300,ARI@TB,TB,ARI,,,,,,QB
123617-86518,WR,Khalil,Khalil Shakir,Shakir,9.354545593261719,11,6300,BUF@PIT,BUF,PIT,,,,,,WR/FLEX
123617-110484,RB,RJ,RJ Harvey,Harvey,8.5363637750799,11,6300,DEN@WAS,DEN,WAS,,,,,,RB/FLEX
123617-103376,RB,Zach,Zach Charbonnet,Charbonnet,9.169999694824218,10,6300,MIN@SEA,SEA,MIN,,,,,,RB/FLEX
123617-87127,RB,Chris,Chris Rodriguez Jr.,Rodriguez Jr.,5.875,8,6200,DEN@WAS,WAS,DEN,,,,,,RB/FLEX
123617-151903,WR,Troy,Troy Franklin,Franklin,9.89090936834162,11,6200,DEN@WAS,DEN,WAS,,,,,,WR/FLEX
123617-69213,WR,Michael,Michael Pittman Jr.,Pittman Jr.,12.472726995294744,11,6200,HOU@IND,IND,HOU,,,,,,WR/FLEX
123617-90912,RB,Kenneth,Kenneth Gainwell,Gainwell,9.636363636363637,11,6200,BUF@PIT,PIT,BUF,,,,,,RB/FLEX
123617-14225,QB,Andy,Andy Dalton,Dalton,2.630000114440918,4,6200,LAR@CAR,CAR,LAR,,,,,,QB
123617-42104,RB,Alvin,Alvin Kamara,Kamara,7.654545177112926,11,6100,NO@MIA,NO,MIA,NA,Knee - mcl,,,,RB/FLEX
123617-86153,RB,Tyrone,Tyrone Tracy Jr.,Tracy Jr.,7.69000015258789,10,6100,NYG@NE,NYG,NE,,,,,,RB/FLEX
123617-63634,WR,Jakobi,Jakobi Meyers,Meyers,7.919999694824218,10,6100,JAC@TEN,JAC,TEN,,,,,,WR/FLEX
123617-129210,WR,Jordan,Jordan Addison,Addison,10.100000381469727,8,6100,MIN@SEA,MIN,SEA,,,,,,WR/FLEX
123617-86081,QB,Emory,Emory Jones,Jones,,0,6000,ATL@NYJ,ATL,NYJ,IR,Concussion,,,,QB
123617-103591,QB,Graham,Graham Mertz,Mertz,,0,6000,HOU@IND,HOU,IND,NA,Coach's decision,,,,QB
123617-160938,QB,Quinn,Quinn Ewers,Ewers,2.119999885559082,1,6000,NO@MIA,MIA,NO,NA,Coach's decision,,,,QB
123617-149696,QB,Trey,Trey Lance,Lance,2.2200000286102295,2,6000,LV@LAC,LAC,LV,,,,,,QB
123617-93382,QB,Aidan,Aidan O'Connell,O'Connell,11.164444817437065,9,6000,LV@LAC,LV,LAC,,,,,,QB
123617-69833,QB,Shane,Shane Buechele,Buechele,,0,6000,BUF@PIT,BUF,PIT,,,,,,QB
123617-86243,QB,Will,Will Levis,Levis,10.995000203450521,12,6000,JAC@TEN,TEN,JAC,IR,Shoulder,,,,QB
123617-129315,QB,Anthony,Anthony Richardson Sr.,Richardson Sr.,0.8299999833106995,2,6000,HOU@IND,IND,HOU,IR,Orbital,,,,QB
123617-90406,QB,Zach,Zach Wilson,Wilson,0.7900000214576721,2,6000,NO@MIA,MIA,NO,,,,,,QB
123617-120105,QB,Will,Will Howard,Howard,,0,6000,BUF@PIT,PIT,BUF,,,,,,QB
123617-92560,QB,Sam,Sam Ehlinger,Ehlinger,0,1,6000,DEN@WAS,DEN,WAS,,,,,,QB
123617-103824,QB,Easton,Easton Stick,Stick,,0,6000,ATL@NYJ,ATL,NYJ,,,,,,QB
123617-110000,QB,Connor,Connor Bazelak,Bazelak,,0,6000,ARI@TB,TB,ARI,NA,Coach's decision,,,,QB
123617-91583,QB,Stetson,Stetson Bennett IV,Bennett IV,0,1,6000,LAR@CAR,LAR,CAR,NA,Coach's decision,,,,QB
123617-31170,QB,Brandon,Brandon Allen,Allen,2.7866665522257485,3,6000,JAC@TEN,TEN,JAC,,,,,,QB
123617-40407,QB,Joshua,Joshua Dobbs,Dobbs,0.03999999910593033,2,6000,NYG@NE,NE,NYG,,,,,,QB
123617-22015,QB,Russell,Russell Wilson,Wilson,9.306666692097982,6,6000,NYG@NE,NYG,NE,,,,,,QB
123617-60947,QB,Jarrett,Jarrett Stidham,Stidham,-0.10000000149011612,1,6000,DEN@WAS,DEN,WAS,,,,,,QB
123617-102933,QB,Kedon,Kedon Slovis,Slovis,-0.03999999910593033,2,6000,ARI@TB,ARI,TB,,,,,,QB
123617-94748,QB,Tommy,Tommy DeVito,DeVito,6.739999771118164,2,6000,NYG@NE,NE,NYG,,,,,,QB
123617-87594,QB,Sam,Sam Hartman,Hartman,,0,6000,DEN@WAS,WAS,DEN,,,,,,QB
123617-30253,QB,Jeff,Jeff Driskel,Driskel,0,1,6000,ARI@TB,ARI,TB,,,,,,QB
123617-64051,QB,Drew,Drew Lock,Lock,0.05000000074505806,2,6000,MIN@SEA,SEA,MIN,,,,,,QB
123617-112191,QB,John Rhys,John Rhys Plumlee,Plumlee,,0,6000,BUF@PIT,PIT,BUF,,,,,,QB
123617-208467,QB,Cam,Cam Miller,Miller,,0,6000,LV@LAC,LV,LAC,,,,,,QB
123617-40534,QB,Mike,Mike White,White,1.1200000047683716,1,6000,LAR@CAR,CAR,LAR,,,,,,QB
123617-41562,QB,Nick,Nick Mullens,Mullens,0.33000001311302185,4,6000,JAC@TEN,JAC,TEN,,,,,,QB
123617-128624,WR,Tez,Tez Johnson,Johnson,7.1400001525878904,10,6000,ARI@TB,TB,ARI,,,,,,WR/FLEX
123617-69294,QB,Skylar,Skylar Thompson,Thompson,2.626666704813639,3,6000,BUF@PIT,PIT,BUF,IR,Hamstring,,,,QB
123617-70324,QB,Carson,Carson Wentz,Wentz,16.267999267578126,5,6000,MIN@SEA,MIN,SEA,IR,Shoulder,,,,QB
123617-69304,QB,Kyle,Kyle Trask,Trask,-0.05000000074505806,4,6000,ATL@NYJ,ATL,NYJ,,,,,,QB
123617-139985,QB,Bailey,Bailey Zappe,Zappe,4.5,2,6000,SF@CLE,CLE,SF,,,,,,QB
123617-88797,QB,Michael,Michael Penix Jr.,Penix Jr.,14.03111097547743,9,6000,ATL@NYJ,ATL,NYJ,IR,Knee - acl,,,,QB
123617-38628,QB,Mitchell,Mitchell Trubisky,Trubisky,0.753333330154419,3,6000,BUF@PIT,BUF,PIT,,,,,,QB
123617-61157,QB,Brett,Brett Rypien,Rypien,0,1,6000,HOU@IND,IND,HOU,,,,,,QB
123617-86793,QB,Jake,Jake Haener,Haener,1.7799999713897705,8,6000,NO@MIA,NO,MIA,,,,,,QB
123617-28434,QB,Trevor,Trevor Siemian,Siemian,,0,6000,JAC@TEN,TEN,JAC,,,,,,QB
123617-120639,WR,Quentin,Quentin Johnston,Johnston,11.48888905843099,9,6000,LV@LAC,LAC,LV,,,,,,WR/FLEX
123617-154450,QB,Riley,Riley Leonard,Leonard,0.10000000149011612,1,6000,HOU@IND,IND,HOU,,,,,,QB
123617-103252,RB,Zonovan,Zonovan Knight,Knight,6.877777947319879,9,6000,ARI@TB,ARI,TB,,,,,,RB/FLEX
123617-8023,QB,Josh,Josh Johnson,Johnson,0.19499999284744263,4,6000,DEN@WAS,WAS,DEN,,,,,,QB
123617-119641,QB,Brady,Brady Cook,Cook,,0,6000,ATL@NYJ,NYJ,ATL,,,,,,QB
123617-154462,QB,Jalen,Jalen Milroe,Milroe,-0.5333333412806193,3,6000,MIN@SEA,SEA,MIN,,,,,,QB
123617-90981,QB,Adrian,Adrian Martinez,Martinez,-0.10000000149011612,1,6000,SF@CLE,SF,CLE,,,,,,QB
123617-88937,QB,Carter,Carter Bradley,Bradley,,0,6000,JAC@TEN,JAC,TEN,,,,,,QB
123617-92020,QB,Kenny,Kenny Pickett,Pickett,-0.8399999737739563,2,6000,LV@LAC,LV,LAC,,,,,,QB
123617-56192,QB,John,John Wolford,Wolford,,0,6000,MIN@SEA,MIN,SEA,,,,,,QB
123617-111557,QB,Spencer,Spencer Rattler,Rattler,12.954999923706055,8,6000,NO@MIA,NO,MIA,,,,,,QB
123617-200653,QB,Max,Max Brosmer,Brosmer,0.5266666809717814,3,6000,MIN@SEA,MIN,SEA,,,,,,QB
123617-129010,QB,DJ,DJ Uiagalelei,Uiagalelei,,0,6000,LV@LAC,LAC,LV,,,,,,QB
123617-63484,QB,Kyler,Kyler Murray,Murray,16.155999755859376,5,6000,ARI@TB,ARI,TB,IR,Foot,,,,QB
123617-55635,WR,Chris,Chris Godwin Jr.,Godwin Jr.,3.366666793823242,3,5900,ARI@TB,TB,ARI,,,,,,WR/FLEX
123617-154971,RB,Devin,Devin Neal,Neal,3.0833333333333335,6,5900,NO@MIA,NO,MIA,,,,,,RB/FLEX
123617-102796,WR,Ricky,Ricky Pearsall,Pearsall,8.433333079020182,6,5900,SF@CLE,SF,CLE,,,,,,WR/FLEX
123617-25267,WR,Mack,Mack Hollins,Hollins,6.645454406738281,11,5900,NYG@NE,NE,NYG,,,,,,WR/FLEX
123617-158438,TE,Oronde,Oronde Gadsden II,Gadsden II,9.133332994249132,9,5900,LV@LAC,LAC,LV,,,,,,TE/FLEX
123617-70603,RB,Devin,Devin Singletary,Singletary,4.125,12,5900,NYG@NE,NYG,NE,,,,,,RB/FLEX
123617-28744,RB,Raheem,Raheem Mostert,Mostert,2.5,8,5800,LV@LAC,LV,LAC,,,,,,RB/FLEX
123617-86312,WR,Alec,Alec Pierce,Pierce,9.399999830457899,9,5800,HOU@IND,IND,HOU,,,,,,WR/FLEX
123617-137516,WR,Parker,Parker Washington,Washington,8.190908952192826,11,5800,JAC@TEN,JAC,TEN,,,,,,WR/FLEX
123617-90428,RB,Tyler,Tyler Allgeier,Allgeier,7.409090909090909,11,5800,ATL@NYJ,ATL,NYJ,,,,,,RB/FLEX
123617-117178,RB,Jacory,Jacory Croskey-Merritt,Croskey-Merritt,7.645454406738281,11,5800,DEN@WAS,WAS,DEN,,,,,,RB/FLEX
123617-145558,TE,Dalton,Dalton Kincaid,Kincaid,11.162500381469727,8,5700,BUF@PIT,BUF,PIT,Q,Hamstring,,,,TE/FLEX
123617-102696,WR,John,John Metchie III,Metchie III,4.48571423121861,7,5700,ATL@NYJ,NYJ,ATL,,,,,,WR/FLEX
123617-60858,WR,Christian,Christian Kirk,Kirk,5.185714176722935,7,5700,HOU@IND,HOU,IND,,,,,,WR/FLEX
123617-137967,RB,Blake,Blake Corum,Corum,3.9636362249200996,11,5700,LAR@CAR,LAR,CAR,,,,,,RB/FLEX
123617-90870,WR,Calvin,Calvin Austin III,Austin III,5.8666665818956165,9,5700,BUF@PIT,PIT,BUF,,,,,,WR/FLEX
123617-111540,RB,Rhamondre,Rhamondre Stevenson,Stevenson,7.58888922797309,9,5700,NYG@NE,NE,NYG,,,,,,RB/FLEX
123617-129112,WR,Chimere,Chimere Dike,Dike,5.900000138716265,11,5600,JAC@TEN,TEN,JAC,,,,,,WR/FLEX
123617-103619,WR,Tre,Tre Tucker,Tucker,10.009090770374645,11,5600,LV@LAC,LV,LAC,,,,,,WR/FLEX
123617-87467,RB,Chuba,Chuba Hubbard,Hubbard,7.880000305175781,10,5600,LAR@CAR,CAR,LAR,,,,,,RB/FLEX
123617-45565,TE,Taysom,Taysom Hill,Hill,2.422857012067522,7,5600,NO@MIA,NO,MIA,,,,,,TE/FLEX
123617-27477,WR,Sterling,Sterling Shepard,Shepard,5.5,11,5600,ARI@TB,TB,ARI,,,,,,WR/FLEX
123617-119653,WR,Kayshon,Kayshon Boutte,Boutte,9.009999847412109,10,5600,NYG@NE,NE,NYG,,,,,,WR/FLEX
123617-147315,WR,Jayden,Jayden Higgins,Higgins,6.081818320534446,11,5600,HOU@IND,HOU,IND,,,,,,WR/FLEX
123617-129305,WR,Josh,Josh Downs,Downs,6.759999847412109,10,5500,HOU@IND,IND,HOU,,,,,,WR/FLEX
123617-64808,TE,Juwan,Juwan Johnson,Johnson,8.563636086203836,11,5500,NO@MIA,NO,MIA,,,,,,TE/FLEX
123617-170287,WR,Rashid,Rashid Shaheed,Shaheed,7.716666539510091,12,5500,MIN@SEA,SEA,MIN,,,,,,WR/FLEX
123617-63819,WR,Darius,Darius Slayton,Slayton,5.177777608235677,9,5500,NYG@NE,NYG,NE,,,,,,WR/FLEX
123617-110974,WR,Malik,Malik Washington,Washington,5.790909160267223,11,5500,NO@MIA,MIA,NO,,,,,,WR/FLEX
123617-114198,WR,Xavier,Xavier Legette,Legette,6.009999847412109,10,5500,LAR@CAR,CAR,LAR,,,,,,WR/FLEX
123617-86875,RB,Jordan,Jordan Mason,Mason,8.590909090909092,11,5500,MIN@SEA,MIN,SEA,,,,,,RB/FLEX
123617-79970,WR,Cooper,Cooper Kupp,Kupp,6.19000015258789,10,5400,MIN@SEA,SEA,MIN,,,,,,WR/FLEX
123617-27050,WR,Tyler,Tyler Lockett,Lockett,2.899999965320934,11,5400,LV@LAC,LV,LAC,,,,,,WR/FLEX
123617-90561,WR,Jerry,Jerry Jeudy,Jeudy,5.409090909090909,11,5400,SF@CLE,CLE,SF,,,,,,WR/FLEX
123617-142042,RB,Trey,Trey Benson,Benson,7.224999904632568,4,5400,ARI@TB,ARI,TB,IR,Knee - meniscus,,,,RB/FLEX
123617-137953,TE,AJ,AJ Barner,Barner,7.2727272727272725,11,5400,MIN@SEA,SEA,MIN,,,,,,TE/FLEX
123617-128810,TE,Theo,Theo Johnson,Johnson,7.683333079020183,12,5400,NYG@NE,NYG,NE,,,,,,TE/FLEX
123617-201547,WR,Jalen,Jalen Coker,Coker,4,6,5400,LAR@CAR,CAR,LAR,,,,,,WR/FLEX
123617-40845,TE,Hunter,Hunter Henry,Henry,8.933333079020182,12,5400,NYG@NE,NE,NYG,,,,,,TE/FLEX
123617-151789,WR,Adonai,Adonai Mitchell,Mitchell,2.4399999618530273,10,5300,ATL@NYJ,NYJ,ATL,,,,,,WR/FLEX
123617-111876,WR,DeMario,DeMario Douglas,Douglas,6.5,11,5300,NYG@NE,NE,NYG,,,,,,WR/FLEX
123617-56648,RB,Jeremy,Jeremy McNichols,McNichols,4.65,10,5300,DEN@WAS,WAS,DEN,,,,,,RB/FLEX
123617-80289,WR,Kendrick,Kendrick Bourne,Bourne,7.744444105360243,9,5300,SF@CLE,SF,CLE,,,,,,WR/FLEX
123617-90562,RB,Brian,Brian Robinson Jr.,Robinson Jr.,3.9666665395100913,12,5300,SF@CLE,SF,CLE,,,,,,RB/FLEX
123617-86811,TE,Cade,Cade Otton,Otton,6.070000076293946,10,5300,ARI@TB,TB,ARI,,,,,,TE/FLEX
123617-172861,WR,Elic,Elic Ayomanor,Ayomanor,5.94000015258789,10,5300,JAC@TEN,TEN,JAC,,,,,,WR/FLEX
123617-29780,TE,Zach,Zach Ertz,Ertz,7.654545177112926,11,5200,DEN@WAS,WAS,DEN,,,,,,TE/FLEX
123617-61555,WR,David,David Sills V,Sills V,2.3333333333333335,6,5200,ATL@NYJ,ATL,NYJ,,,,,,WR/FLEX
123617-63759,RB,Tony,Tony Pollard,Pollard,8.181818181818182,11,5200,JAC@TEN,TEN,JAC,,,,,,RB/FLEX
123617-55042,TE,Dalton,Dalton Schultz,Schultz,7.427272449840199,11,5200,HOU@IND,HOU,IND,,,,,,TE/FLEX
123617-103195,WR,Jordan,Jordan Whittington,Whittington,2.6555555131700306,9,5200,LAR@CAR,LAR,CAR,,,,,,WR/FLEX
123617-160620,RB,Bhayshul,Bhayshul Tuten,Tuten,5.418181679465554,11,5200,JAC@TEN,JAC,TEN,,,,,,RB/FLEX
123617-155551,WR,Pat,Pat Bryant,Bryant,4.574999809265137,8,5200,DEN@WAS,DEN,WAS,,,,,,WR/FLEX
123617-69558,WR,Greg,Greg Dortch,Dortch,5.290909160267223,11,5200,ARI@TB,ARI,TB,,,,,,WR/FLEX
123617-86080,TE,Kyle,Kyle Pitts Sr.,Pitts Sr.,6.94545468417081,11,5100,ATL@NYJ,ATL,NYJ,,,,,,TE/FLEX
123617-103587,TE,Brenton,Brenton Strange,Strange,7.033333460489909,6,5100,JAC@TEN,JAC,TEN,,,,,,TE/FLEX
123617-53562,RB,Nick,Nick Chubb,Chubb,6.118182095614347,11,5100,HOU@IND,HOU,IND,,,,,,RB/FLEX
123617-94579,RB,Emari,Emari Demercado,Demercado,4.8125,8,5100,ARI@TB,ARI,TB,NA,Ankle,,,,RB/FLEX
123617-38264,WR,Demarcus,Demarcus Robinson,Robinson,2.7555554707845054,9,5100,SF@CLE,SF,CLE,,,,,,WR/FLEX
123617-87418,WR,Joshua,Joshua Palmer,Palmer,4.525000095367432,8,5100,BUF@PIT,BUF,PIT,Q,Ankle,,,,WR/FLEX
123617-87432,WR,Cedric,Cedric Tillman,Tillman,5.414285932268415,7,5100,SF@CLE,CLE,SF,,,,,,WR/FLEX
123617-172699,TE,Harold,Harold Fannin Jr.,Fannin Jr.,7.563636086203835,11,5100,SF@CLE,CLE,SF,,,,,,TE/FLEX
123617-56248,WR,Noah,Noah Brown,Brown,2.549999952316284,2,5100,DEN@WAS,WAS,DEN,IR,Groin,,,,WR/FLEX
123617-71706,TE,T.J.,T.J. Hockenson,Hockenson,5.5363637750799,11,5000,MIN@SEA,MIN,SEA,,,,,,TE/FLEX
123617-68712,WR,Tyler,Tyler Johnson,Johnson,4.242857251848493,7,5000,ATL@NYJ,NYJ,ATL,,,,,,WR/FLEX
123617-168054,TE,Mason,Mason Taylor,Taylor,5.109090978449041,11,5000,ATL@NYJ,NYJ,ATL,,,,,,TE/FLEX
123617-166112,RB,Ollie,Ollie Gordon II,Gordon II,3.672727411443537,11,5000,NO@MIA,MIA,NO,,,,,,RB/FLEX
123617-120042,WR,Jalen,Jalen McMillan,McMillan,8.714285714285714,14,5000,ARI@TB,TB,ARI,IR,Neck,,,,WR/FLEX
123617-12550,D,Seattle,Seattle Seahawks,Seahawks,9.545454545454545,11,5000,MIN@SEA,SEA,MIN,,,,,,DEF
123617-33047,WR,Chris,Chris Moore,Moore,3.887500047683716,8,5000,DEN@WAS,WAS,DEN,,,,,,WR/FLEX
123617-120093,WR,Marvin,Marvin Mims Jr.,Mims Jr.,5.555555555555555,9,5000,DEN@WAS,DEN,WAS,,,,,,WR/FLEX
123617-160213,RB,Isaiah,Isaiah Davis,Davis,3.1818181818181817,11,5000,ATL@NYJ,NYJ,ATL,,,,,,RB/FLEX
123617-129546,WR,Tre',Tre' Harris,Harris,2.7700000762939454,10,5000,LV@LAC,LAC,LV,,,,,,WR/FLEX
123617-147051,RB,Jaleel,Jaleel McLaughlin,McLaughlin,3.950000047683716,2,5000,DEN@WAS,DEN,WAS,,,,,,RB/FLEX
123617-92859,WR,Jalen,Jalen Nailor,Nailor,5.48181811246005,11,5000,MIN@SEA,MIN,SEA,,,,,,WR/FLEX
123617-47870,TE,Tyler,Tyler Higbee,Higbee,5.125,8,5000,LAR@CAR,LAR,CAR,IR,Ankle,,,,TE/FLEX
123617-157467,WR,Keon,Keon Coleman,Coleman,7.555555555555555,9,5000,BUF@PIT,BUF,PIT,,,,,,WR/FLEX
123617-93055,WR,Isaiah,Isaiah Hodgins,Hodgins,9.699999809265137,2,5000,NYG@NE,NYG,NE,,,,,,WR/FLEX
123617-103511,WR,Devaughn,Devaughn Vele,Vele,3.2666667302449546,6,4900,NO@MIA,NO,MIA,,,,,,WR/FLEX
123617-88297,TE,Chig,Chig Okonkwo,Okonkwo,5.01818188753995,11,4900,JAC@TEN,TEN,JAC,,,,,,TE/FLEX
123617-158983,TE,Ja'Tavion,Ja'Tavion Sanders,Sanders,3.3444444868299694,9,4900,LAR@CAR,CAR,LAR,,,,,,TE/FLEX
123617-94534,WR,Gabe,Gabe Davis,Davis,4.099999904632568,2,4900,BUF@PIT,BUF,PIT,,,,,,WR/FLEX
123617-174486,RB,Dylan,Dylan Sampson,Sampson,4.718181956898082,11,4900,SF@CLE,CLE,SF,,,,,,RB/FLEX
123617-138998,TE,Michael,Michael Mayer,Mayer,3.9111111958821616,9,4900,LV@LAC,LV,LAC,O,Ankle,,,,TE/FLEX
123617-29501,WR,Brandin,Brandin Cooks,Cooks,2.888888888888889,9,4900,BUF@PIT,BUF,PIT,,,,,,WR/FLEX
123617-166749,RB,LeQuint,LeQuint Allen Jr.,Allen Jr.,1.3272727619517932,11,4900,JAC@TEN,JAC,TEN,,,,,,RB/FLEX
123617-41872,TE,Evan,Evan Engram,Engram,4.8700000762939455,10,4900,DEN@WAS,DEN,WAS,,,,,,TE/FLEX
123617-128986,WR,Jaylin,Jaylin Lane,Lane,3.2000000693581323,11,4900,DEN@WAS,WAS,DEN,,,,,,WR/FLEX
123617-119788,WR,Xavier,Xavier Hutchinson,Hutchinson,5.779999923706055,10,4900,HOU@IND,HOU,IND,,,,,,WR/FLEX
123617-64581,WR,Van,Van Jefferson,Jefferson,3.888888888888889,9,4800,JAC@TEN,TEN,JAC,,,,,,WR/FLEX
123617-64585,TE,Dawson,Dawson Knox,Knox,3.35,10,4800,BUF@PIT,BUF,PIT,,,,,,TE/FLEX
123617-12531,D,Denver,Denver Broncos,Broncos,8.272727272727273,11,4800,DEN@WAS,DEN,WAS,,,,,,DEF
123617-12554,D,Jacksonville,Jacksonville Jaguars,Jaguars,7.636363636363637,11,4800,JAC@TEN,JAC,TEN,,,,,,DEF
123617-93539,RB,Michael,Michael Carter,Carter,5.842857360839844,7,4800,ARI@TB,ARI,TB,,,,,,RB/FLEX
123617-133477,TE,Darnell,Darnell Washington,Washington,5.137499809265137,8,4800,BUF@PIT,PIT,BUF,,,,,,TE/FLEX
123617-89588,TE,Colby,Colby Parkinson,Parkinson,5.237500190734863,8,4800,LAR@CAR,LAR,CAR,,,,,,TE/FLEX
123617-72182,WR,Dee,Dee Eskridge,Eskridge,0.7749999761581421,8,4800,NO@MIA,MIA,NO,,,,,,WR/FLEX
123617-63050,RB,Ty,Ty Johnson,Johnson,3.8727271340110083,11,4800,BUF@PIT,BUF,PIT,,,,,,RB/FLEX
123617-152148,TE,Gunnar,Gunnar Helm,Helm,4.3363637057217685,11,4800,JAC@TEN,TEN,JAC,,,,,,TE/FLEX
123617-201535,WR,Kameron,Kameron Johnson,Johnson,1.4272727099331943,11,4800,ARI@TB,TB,ARI,,,,,,WR/FLEX
123617-55335,TE,David,David Njoku,Njoku,6.8666665818956165,9,4700,SF@CLE,CLE,SF,,,,,,TE/FLEX
123617-174245,WR,Isaiah,Isaiah Bond,Bond,2.922222137451172,9,4700,SF@CLE,CLE,SF,,,,,,WR/FLEX
123617-86244,TE,Pat,Pat Freiermuth,Freiermuth,6.980000305175781,10,4700,BUF@PIT,PIT,BUF,,,,,,TE/FLEX
123617-12541,D,New England,New England Patriots,Patriots,7.833333333333333,12,4700,NYG@NE,NE,NYG,,,,,,DEF
123617-12549,D,San Francisco,San Francisco 49ers,49ers,4.25,12,4700,SF@CLE,SF,CLE,,,,,,DEF
123617-136538,WR,Kyle,Kyle Williams,Williams,2.0888888041178384,9,4700,NYG@NE,NE,NYG,,,,,,WR/FLEX
123617-151909,WR,Dont'e,Dont'e Thornton Jr.,Thornton Jr.,1.837499976158142,8,4700,LV@LAC,LV,LAC,,,,,,WR/FLEX
123617-154000,WR,Konata,Konata Mumpfield,Mumpfield,2.924999952316284,4,4700,LAR@CAR,LAR,CAR,,,,,,WR/FLEX
123617-152007,WR,Jaylin,Jaylin Noel,Noel,3.472727342085405,11,4700,HOU@IND,HOU,IND,,,,,,WR/FLEX
123617-88575,WR,Elijah,Elijah Moore,Moore,2.677777820163303,9,4700,BUF@PIT,BUF,PIT,,,,,,WR/FLEX
123617-88699,RB,Jaret,Jaret Patterson,Patterson,2.5,3,4700,LV@LAC,LAC,LV,,,,,,RB/FLEX
123617-91931,TE,Greg,Greg Dulcich,Dulcich,4.299999872843425,3,4700,NO@MIA,MIA,NO,,,,,,TE/FLEX
123617-107293,RB,Tyjae,Tyjae Spears,Spears,6.814285823277065,7,4700,JAC@TEN,TEN,JAC,,,,,,RB/FLEX
123617-151741,WR,Jack,Jack Bech,Bech,1.8857142584664481,7,4600,LV@LAC,LV,LAC,,,,,,WR/FLEX
123617-57543,RB,D'Ernest,D'Ernest Johnson,Johnson,0.23333332935969034,3,4600,NYG@NE,NE,NYG,,,,,,RB/FLEX
123617-12538,D,Los Angeles,Los Angeles Rams,Rams,9.545454545454545,11,4600,LAR@CAR,LAR,CAR,,,,,,DEF
123617-91467,TE,Jake,Jake Tonges,Tonges,7.449999809265137,8,4600,SF@CLE,SF,CLE,,,,,,TE/FLEX
123617-151915,TE,Terrance,Terrance Ferguson,Ferguson,3.7166665395100913,6,4600,LAR@CAR,LAR,CAR,,,,,,TE/FLEX
123617-90533,RB,Jerome,Jerome Ford,Ford,2.3090908744118432,11,4600,SF@CLE,CLE,SF,,,,,,RB/FLEX
123617-112041,WR,Isaiah,Isaiah Williams,Williams,1.6375000476837158,8,4600,ATL@NYJ,NYJ,ATL,,,,,,WR/FLEX
123617-172646,RB,Trevor,Trevor Etienne,Etienne,0.7750000158945719,12,4600,LAR@CAR,CAR,LAR,,,,,,RB/FLEX
123617-134837,WR,Tory,Tory Horton,Horton,7.324999809265137,8,4600,MIN@SEA,SEA,MIN,IR,Shin,,,,WR/FLEX
123617-138037,WR,Roman,Roman Wilson,Wilson,4.074999809265137,8,4600,BUF@PIT,PIT,BUF,,,,,,WR/FLEX
123617-64389,WR,Nick,Nick Westbrook-Ikhine,Westbrook-Ikhine,1.7999999523162842,8,4600,NO@MIA,MIA,NO,,,,,,WR/FLEX
123617-91101,TE,Tommy,Tommy Tremble,Tremble,3.3900001525878904,10,4600,LAR@CAR,CAR,LAR,,,,,,TE/FLEX
123617-48116,TE,Jonnu,Jonnu Smith,Smith,4.236363497647372,11,4600,BUF@PIT,PIT,BUF,,,,,,TE/FLEX
123617-40126,TE,Austin,Austin Hooper,Hooper,3.529999923706055,10,4500,NYG@NE,NE,NYG,,,,,,TE/FLEX
123617-12548,D,Los Angeles,Los Angeles Chargers,Chargers,5.818181818181818,11,4500,LV@LAC,LAC,LV,,,,,,DEF
123617-93538,WR,Dyami,Dyami Brown,Brown,4.444444444444445,9,4500,JAC@TEN,JAC,TEN,NA,Coach's decision,,,,WR/FLEX
123617-52613,WR,Curtis,Curtis Samuel,Samuel,2.933333396911621,6,4500,BUF@PIT,BUF,PIT,IR,Elbow,,,,WR/FLEX
123617-112062,WR,Skyy,Skyy Moore,Moore,0.7083333333333334,12,4500,SF@CLE,SF,CLE,,,,,,WR/FLEX
123617-73176,TE,Luke,Luke Farrell,Farrell,2.4,10,4500,SF@CLE,SF,CLE,,,,,,TE/FLEX
123617-201230,RB,Dylan,Dylan Laube,Laube,0.3454545411196622,11,4500,LV@LAC,LV,LAC,,,,,,RB/FLEX
123617-200291,TE,Jackson,Jackson Hawes,Hawes,3.862499952316284,8,4500,BUF@PIT,BUF,PIT,,,,,,TE/FLEX
123617-63186,WR,James,James Proche II,Proche II,5.699999809265137,1,4500,JAC@TEN,TEN,JAC,,,,,,WR/FLEX
123617-157438,WR,Jimmy,Jimmy Horn Jr.,Horn Jr.,2.6000000635782876,6,4500,LAR@CAR,CAR,LAR,,,,,,WR/FLEX
123617-92976,WR,Tutu,Tutu Atwell,Atwell,4.8799999237060545,5,4500,LAR@CAR,LAR,CAR,IR,Hamstring,,,,WR/FLEX
123617-139094,WR,Jalin,Jalin Hyatt,Hyatt,1,6,4500,NYG@NE,NYG,NE,,,,,,WR/FLEX
123617-168916,RB,Kaleb,Kaleb Johnson,Johnson,0.7428571156093052,7,4500,BUF@PIT,PIT,BUF,,,,,,RB/FLEX
123617-60451,TE,Tyler,Tyler Conklin,Conklin,2.5399999618530273,5,4400,LV@LAC,LAC,LV,,,,,,TE/FLEX
123617-114787,RB,Terrell,Terrell Jennings,Jennings,2.9399999618530273,5,4400,NYG@NE,NE,NYG,,,,,,RB/FLEX
123617-69860,RB,Trayveon,Trayveon Williams,Williams,0.20000000298023224,2,4400,LV@LAC,LAC,LV,,,,,,RB/FLEX
123617-12526,D,Buffalo,Buffalo Bills,Bills,5.7272727272727275,11,4400,BUF@PIT,BUF,PIT,,,,,,DEF
123617-102831,TE,Davis,Davis Allen,Allen,3.9299999237060548,10,4400,LAR@CAR,LAR,CAR,,,,,,TE/FLEX
123617-40371,TE,Johnny,Johnny Mundt,Mundt,1.5,9,4400,JAC@TEN,JAC,TEN,,,,,,TE/FLEX
123617-89627,WR,Brycen,Brycen Tremayne,Tremayne,2.7571427481515065,7,4400,LAR@CAR,CAR,LAR,,,,,,WR/FLEX
123617-152103,RB,Jaylen,Jaylen Wright,Wright,1.8000000317891438,3,4400,NO@MIA,MIA,NO,,,,,,RB/FLEX
123617-201260,WR,Mason,Mason Tipton,Tipton,1.2000000476837158,4,4400,NO@MIA,NO,MIA,,,,,,WR/FLEX
123617-104012,WR,Ashton,Ashton Dulin,Dulin,1.9444444444444444,9,4400,HOU@IND,IND,HOU,IR,Hamstring,,,,WR/FLEX
123617-62055,WR,Ray-Ray,Ray-Ray McCloud III,McCloud III,2.0799999237060547,5,4400,NYG@NE,NYG,NE,,,,,,WR/FLEX
123617-57091,WR,Tim,Tim Patrick,Patrick,2.9749999046325684,8,4400,JAC@TEN,JAC,TEN,,,,,,WR/FLEX
123617-128913,WR,Malachi,Malachi Corley,Corley,2.116666634877523,6,4400,SF@CLE,CLE,SF,,,,,,WR/FLEX
123617-64634,WR,Alex,Alex Bachman,Bachman,0.1999999965940203,7,4300,LV@LAC,LV,LAC,,,,,,WR/FLEX
123617-104577,WR,Gunner,Gunner Olszewski,Olszewski,1.1850000222524006,12,4300,NYG@NE,NYG,NE,,,,,,WR/FLEX
123617-90307,TE,Daniel,Daniel Bellinger,Bellinger,3.577777862548828,9,4300,NYG@NE,NYG,NE,,,,,,TE/FLEX
123617-12556,D,Houston,Houston Texans,Texans,10.545454545454545,11,4300,HOU@IND,HOU,IND,,,,,,DEF
123617-103694,RB,Ray,Ray Davis,Davis,1.8363637057217685,11,4300,BUF@PIT,BUF,PIT,,,,,,RB/FLEX
123617-60712,TE,Foster,Foster Moreau,Moreau,1,4,4300,NO@MIA,NO,MIA,,,,,,TE/FLEX
123617-133478,WR,Arian,Arian Smith,Smith,0.9777777989705404,9,4300,ATL@NYJ,NYJ,ATL,NA,Coach's decision,,,,WR/FLEX
123617-113096,WR,Xavier,Xavier Smith,Smith,1.2,10,4300,LAR@CAR,LAR,CAR,,,,,,WR/FLEX
123617-90583,WR,Tyrell,Tyrell Shavers,Shavers,4.100000108991351,7,4300,BUF@PIT,BUF,PIT,,,,,,WR/FLEX
123617-39428,RB,Kyle,Kyle Juszczyk,Juszczyk,2.558333396911621,12,4300,SF@CLE,SF,CLE,,,,,,RB/FLEX
123617-92677,RB,Zavier,Zavier Scott,Scott,4.6400001525878904,5,4300,MIN@SEA,MIN,SEA,,,,,,RB/FLEX
123617-154124,TE,Mitchell,Mitchell Evans,Evans,3.2555554707845054,9,4300,LAR@CAR,CAR,LAR,,,,,,TE/FLEX
123617-129560,WR,Xavier,Xavier Restrepo,Restrepo,3.5999999046325684,1,4300,JAC@TEN,TEN,JAC,,,,,,WR/FLEX
123617-102986,TE,Elijah,Elijah Higgins,Higgins,2.466666751437717,9,4300,ARI@TB,ARI,TB,,,,,,TE/FLEX
123617-114252,WR,Xavier,Xavier Weaver,Weaver,0.9750000238418579,4,4300,ARI@TB,ARI,TB,,,,,,WR/FLEX
123617-57986,WR,Hunter,Hunter Renfrow,Renfrow,4.733333269755046,6,4300,LAR@CAR,CAR,LAR,NA,Coach's decision,,,,WR/FLEX
123617-26251,WR,Robbie,Robbie Chosen,Chosen,2.6000000635782876,3,4300,DEN@WAS,WAS,DEN,,,,,,WR/FLEX
123617-94887,RB,Tyler,Tyler Badie,Badie,1.677777820163303,9,4300,DEN@WAS,DEN,WAS,,,,,,RB/FLEX
123617-71351,TE,Charlie,Charlie Woerner,Woerner,1.1600000381469726,5,4300,ATL@NYJ,ATL,NYJ,,,,,,TE/FLEX
123617-152258,TE,Elijah,Elijah Arroyo,Arroyo,2.6727272380482066,11,4300,MIN@SEA,SEA,MIN,,,,,,TE/FLEX
123617-39716,WR,Adam,Adam Thielen,Thielen,1.4333332909478083,9,4300,MIN@SEA,MIN,SEA,,,,,,WR/FLEX
123617-41997,WR,River,River Cracraft,Cracraft,2.0200000762939454,5,4200,DEN@WAS,WAS,DEN,,,,,,WR/FLEX
123617-111637,TE,Cade,Cade Stover,Stover,2.0999999046325684,2,4200,HOU@IND,HOU,IND,,,,,,TE/FLEX
123617-137265,TE,Ben,Ben Sinnott,Sinnott,3.6000000635782876,3,4200,DEN@WAS,WAS,DEN,,,,,,TE/FLEX
123617-79987,WR,David,David Moore,Moore,0.7333333492279053,3,4200,LAR@CAR,CAR,LAR,IR,Elbow,,,,WR/FLEX
123617-95370,TE,Ryan,Ryan Miller,Miller,2.0799999237060547,5,4200,ARI@TB,TB,ARI,,,,,,TE/FLEX
123617-112780,WR,Jamari,Jamari Thrash,Thrash,1.962499976158142,8,4200,SF@CLE,CLE,SF,NA,Coach's decision,,,,WR/FLEX
123617-54426,TE,Andrew,Andrew Beck,Beck,2.1200000762939455,5,4200,ATL@NYJ,NYJ,ATL,,,,,,TE/FLEX
123617-105648,RB,Tyler,Tyler Goodson,Goodson,0.5,6,4200,HOU@IND,IND,HOU,,,,,,RB/FLEX
123617-170184,RB,Julius,Julius Chestnut,Chestnut,0.5571428707667759,7,4200,JAC@TEN,TEN,JAC,,,,,,RB/FLEX
123617-93391,TE,Payne,Payne Durham,Durham,0,2,4200,ARI@TB,TB,ARI,,,,,,TE/FLEX
123617-170188,TE,Tanner,Tanner Conner,Conner,1.9428571973528181,7,4200,NO@MIA,MIA,NO,,,,,,TE/FLEX
123617-130270,TE,Adam,Adam Trautman,Trautman,2.971428462437221,7,4200,DEN@WAS,DEN,WAS,,,,,,TE/FLEX
123617-12535,D,Indianapolis,Indianapolis Colts,Colts,7.909090909090909,11,4200,HOU@IND,IND,HOU,,,,,,DEF
123617-85306,WR,KhaDarel,KhaDarel Hodge,Hodge,1.149999976158142,4,4200,ATL@NYJ,ATL,NYJ,NA,Coach's decision,,,,WR/FLEX
123617-71031,WR,Lil'Jordan,Lil'Jordan Humphrey,Humphrey,3.75,2,4200,DEN@WAS,DEN,WAS,,,,,,WR/FLEX
123617-94621,WR,Derius,Derius Davis,Davis,-0.08749999850988388,8,4200,LV@LAC,LAC,LV,,,,,,WR/FLEX
123617-63907,TE,Josh,Josh Oliver,Oliver,3.1000001089913503,7,4200,MIN@SEA,MIN,SEA,,,,,,TE/FLEX
123617-71105,WR,Ben,Ben Skowronek,Skowronek,2.183333396911621,6,4200,BUF@PIT,PIT,BUF,,,,,,WR/FLEX
123617-56809,WR,Allen,Allen Lazard,Lazard,2.566666603088379,6,4200,ATL@NYJ,NYJ,ATL,,,,,,WR/FLEX
123617-89586,TE,Tucker,Tucker Fisk,Fisk,0.7250000238418579,4,4200,LV@LAC,LAC,LV,,,,,,TE/FLEX
123617-114231,RB,George,George Holani,Holani,1.5333333545260959,9,4200,MIN@SEA,SEA,MIN,IR,Hamstring,,,,RB/FLEX
123617-27229,RB,Ameer,Ameer Abdullah,Abdullah,2.2142857142857144,7,4200,HOU@IND,IND,HOU,,,,,,RB/FLEX
123617-147049,TE,Drew,Drew Ogletree,Ogletree,3.9000000953674316,2,4200,HOU@IND,IND,HOU,,,,,,TE/FLEX
123617-88685,WR,Austin,Austin Trammell,Trammell,1.524999976158142,4,4200,JAC@TEN,JAC,TEN,,,,,,WR/FLEX
123617-71352,WR,Mecole,Mecole Hardman Jr.,Hardman Jr.,-2,1,4200,BUF@PIT,BUF,PIT,IR,Calf,,,,WR/FLEX
123617-86747,WR,Dylan,Dylan Drummond,Drummond,3.299999952316284,1,4200,ATL@NYJ,ATL,NYJ,,,,,,WR/FLEX
123617-87815,TE,Jeremy,Jeremy Ruckert,Ruckert,3.112499952316284,8,4200,ATL@NYJ,NYJ,ATL,,,,,,TE/FLEX
123617-86800,TE,Colson,Colson Yankoff,Yankoff,0.8999999761581421,1,4200,DEN@WAS,WAS,DEN,,,,,,TE/FLEX
123617-72515,TE,Ian,Ian Thomas,Thomas,2.779999923706055,5,4200,LV@LAC,LV,LAC,,,,,,TE/FLEX
123617-134014,WR,Jordan,Jordan Watkins,Watkins,1.7999999523162842,2,4200,SF@CLE,SF,CLE,NA,Coach's decision,,,,WR/FLEX
123617-93075,TE,Hunter,Hunter Long,Long,3.7857142857142856,7,4200,JAC@TEN,JAC,TEN,NA,Coach's decision,,,,TE/FLEX
123617-24533,TE,Mo,Mo Alie-Cox,Alie-Cox,1.1999999455043249,7,4200,HOU@IND,IND,HOU,,,,,,TE/FLEX
123617-57338,TE,Jordan,Jordan Akins,Akins,4.4375,16,4200,JAC@TEN,JAC,TEN,,,,,,TE/FLEX
123617-70661,WR,Velus,Velus Jones Jr.,Jones Jr.,0,3,4100,MIN@SEA,SEA,MIN,,,,,,WR/FLEX
123617-133180,TE,Ben,Ben Yurosek,Yurosek,0.5,2,4100,MIN@SEA,MIN,SEA,,,,,,TE/FLEX
123617-103506,TE,Nick,Nick Kallerup,Kallerup,0,1,4100,MIN@SEA,SEA,MIN,,,,,,TE/FLEX
123617-28827,RB,Dare,Dare Ogunbowale,Ogunbowale,0.9833333492279053,6,4100,HOU@IND,HOU,IND,,,,,,RB/FLEX
123617-63717,RB,Alec,Alec Ingold,Ingold,1.1666666666666667,6,4100,NO@MIA,MIA,NO,,,,,,RB/FLEX
123617-130276,WR,Mason,Mason Kinsey,Kinsey,0.949999988079071,2,4100,JAC@TEN,TEN,JAC,NA,Coach's decision,,,,WR/FLEX
123617-12551,D,Tampa Bay,Tampa Bay Buccaneers,Buccaneers,6.636363636363637,11,4100,ARI@TB,TB,ARI,,,,,,DEF
123617-56708,TE,Will,Will Dissly,Dissly,1.5750000476837158,4,4100,LV@LAC,LAC,LV,,,,,,TE/FLEX
123617-60838,WR,Andre,Andre Baccellia,Baccellia,1,1,4100,ARI@TB,ARI,TB,,,,,,WR/FLEX
123617-102882,WR,Anthony,Anthony Gould,Gould,0.10000000149011612,8,4100,HOU@IND,IND,HOU,,,,,,WR/FLEX
123617-112101,WR,Jared,Jared Wayne,Wayne,3,1,4100,HOU@IND,HOU,IND,,,,,,WR/FLEX
123617-185850,TE,Julian,Julian Hill,Hill,2.3714286259242465,7,4100,NO@MIA,MIA,NO,,,,,,TE/FLEX
123617-155293,RB,DJ,DJ Giddens,Giddens,1.649999976158142,4,4100,HOU@IND,IND,HOU,NA,Coach's decision,,,,RB/FLEX
123617-65231,RB,Adam,Adam Prentice,Prentice,0.7875000238418579,8,4100,DEN@WAS,DEN,WAS,,,,,,RB/FLEX
123617-128765,RB,Nathan,Nathan Carter,Carter,2,2,4100,ATL@NYJ,ATL,NYJ,,,,,,RB/FLEX
123617-128805,WR,KeAndre,KeAndre Lambert-Smith,Lambert-Smith,0.12000000476837158,5,4100,LV@LAC,LAC,LV,,,,,,WR/FLEX
123617-41806,WR,Laquon,Laquon Treadwell,Treadwell,0,2,4100,HOU@IND,IND,HOU,,,,,,WR/FLEX
123617-157609,WR,Gage,Gage Larvadain,Larvadain,0.5,7,4100,SF@CLE,CLE,SF,,,,,,WR/FLEX
123617-70601,TE,Harrison,Harrison Bryant,Bryant,0.42500001192092896,4,4100,HOU@IND,HOU,IND,IR,Neck,,,,TE/FLEX
123617-93150,WR,Jake,Jake Bobo,Bobo,1,3,4100,MIN@SEA,SEA,MIN,,,,,,WR/FLEX
123617-72705,TE,John,John Bates,Bates,1.8399999618530274,5,4000,DEN@WAS,WAS,DEN,,,,,,TE/FLEX
123617-92166,WR,Marcus,Marcus Jones,Jones,0.5,12,4000,NYG@NE,NE,NYG,,,,,,WR/FLEX
123617-90123,TE,Quintin,Quintin Morris,Morris,0.800000011920929,2,4000,JAC@TEN,JAC,TEN,,,,,,TE/FLEX
123617-96269,RB,Owen,Owen Wright,Wright,0.30000001192092896,2,4000,ARI@TB,TB,ARI,,,,,,RB/FLEX
123617-226319,WR,Junior,Junior Bergen,Bergen,,0,4000,SF@CLE,SF,CLE,,,,,,WR/FLEX
123617-139284,RB,Frank,Frank Gore Jr.,Gore Jr.,,0,4000,BUF@PIT,BUF,PIT,,,,,,RB/FLEX
123617-110616,TE,Treyton,Treyton Welch,Welch,,0,4000,NO@MIA,NO,MIA,,,,,,TE/FLEX
123617-152603,RB,Anthony,Anthony Tyus III,Tyus III,,0,4000,LAR@CAR,CAR,LAR,,,,,,RB/FLEX
123617-137254,RB,Deuce,Deuce Vaughn,Vaughn,1.7166666984558105,6,4000,DEN@WAS,DEN,WAS,,,,,,RB/FLEX
123617-138277,WR,Jalen,Jalen Brooks,Brooks,2.284615443303035,13,4000,ARI@TB,ARI,TB,,,,,,WR/FLEX
123617-154661,WR,Michael,Michael Bandy,Bandy,0.05000000074505806,2,4000,DEN@WAS,DEN,WAS,,,,,,WR/FLEX
123617-64555,WR,Calvin,Calvin Ridley,Ridley,5.971428462437221,7,4000,JAC@TEN,TEN,JAC,IR,Lower leg,,,,WR/FLEX
123617-152631,WR,Samori,Samori Toure,Toure,,0,4000,NO@MIA,NO,MIA,,,,,,WR/FLEX
123617-152628,TE,Thomas,Thomas Fidone II,Fidone II,,0,4000,NYG@NE,NYG,NE,IR,Foot,,,,TE/FLEX
123617-86075,TE,Lucas,Lucas Krull,Krull,1.25,2,4000,DEN@WAS,DEN,WAS,IR,Foot,,,,TE/FLEX
123617-87109,WR,Bryce,Bryce Oliver,Oliver,1.2999999523162842,1,4000,JAC@TEN,TEN,JAC,IR,Knee,,,,WR/FLEX
123617-174148,RB,Carlos,Carlos Washington Jr.,Washington Jr.,,0,4000,ATL@NYJ,ATL,NYJ,,,,,,RB/FLEX
123617-72776,RB,Alexander,Alexander Mattison,Mattison,7.96000010172526,15,4000,NO@MIA,MIA,NO,IR,Neck,,,,RB/FLEX
123617-112715,WR,Joshua,Joshua Cephus,Cephus,,0,4000,JAC@TEN,JAC,TEN,IR,Undisclosed,,,,WR/FLEX
123617-170056,WR,Dee,Dee Williams,Williams,-0.5,12,4000,SF@CLE,CLE,SF,,,,,,WR/FLEX
123617-87117,TE,Brenden,Brenden Bates,Bates,3.299999952316284,1,4000,SF@CLE,CLE,SF,NA,Ankle,,,,TE/FLEX
123617-86113,WR,Ihmir,Ihmir Smith-Marsette,Smith-Marsette,0.4,15,4000,NYG@NE,NYG,NE,,,,,,WR/FLEX
123617-89185,TE,Ben,Ben Sims,Sims,1.2399999618530273,5,4000,MIN@SEA,MIN,SEA,,,,,,TE/FLEX
123617-169067,TE,Bryce,Bryce Pierre,Pierre,,0,4000,LAR@CAR,CAR,LAR,,,,,,TE/FLEX
123617-79979,WR,Jamal,Jamal Agnew,Agnew,0,9,4000,ATL@NYJ,ATL,NYJ,,,,,,WR/FLEX
123617-68714,TE,Ko,Ko Kieft,Kieft,0,1,4000,ARI@TB,TB,ARI,IR,Leg,,,,TE/FLEX
123617-86125,WR,Brandon,Brandon Smith,Smith,,0,4000,ATL@NYJ,NYJ,ATL,,,,,,WR/FLEX
123617-79980,TE,Eric,Eric Saubert,Saubert,0.8500000238418579,2,4000,MIN@SEA,SEA,MIN,IR,Calf,,,,TE/FLEX
123617-46200,TE,Daniel,Daniel Brunskill,Brunskill,0,1,4000,NO@MIA,MIA,NO,,,,,,TE/FLEX
123617-103547,WR,Luke,Luke McCaffrey,McCaffrey,5.088888804117839,9,4000,DEN@WAS,WAS,DEN,IR,Collarbone,,,,WR/FLEX
123617-129147,WR,John,John Saunders Jr.,Saunders Jr.,,0,4000,NYG@NE,NE,NYG,,,,,,WR/FLEX
123617-68730,TE,Sean,Sean McKeon,McKeon,,0,4000,HOU@IND,IND,HOU,,,,,,TE/FLEX
123617-80001,RB,Austin,Austin Ekeler,Ekeler,5.300000190734863,2,4000,DEN@WAS,WAS,DEN,IR,Achilles,,,,RB/FLEX
123617-83081,RB,Chase,Chase Edmonds,Edmonds,0,1,4000,DEN@WAS,WAS,DEN,,,,,,RB/FLEX
123617-83083,WR,Justin,Justin Watson,Watson,2.25,2,4000,HOU@IND,HOU,IND,IR,Achilles,,,,WR/FLEX
123617-87179,TE,Thomas,Thomas Yassmin,Yassmin,,0,4000,LV@LAC,LAC,LV,,,,,,TE/FLEX
123617-103564,WR,Garrett,Garrett Wilson,Wilson,11.642857142857142,7,4000,ATL@NYJ,NYJ,ATL,IR,Knee,,,,WR/FLEX
123617-152717,WR,Beaux,Beaux Collins,Collins,1.1666666666666667,3,4000,NYG@NE,NYG,NE,IR,Neck,,,,WR/FLEX
123617-143509,TE,Caleb,Caleb Lohner,Lohner,,0,4000,DEN@WAS,DEN,WAS,,,,,,TE/FLEX
123617-63646,TE,Lawrence,Lawrence Cager,Cager,,0,4000,DEN@WAS,WAS,DEN,,,,,,TE/FLEX
123617-62628,WR,DeAndre,DeAndre Carter,Carter,0,4,4000,SF@CLE,CLE,SF,IR,Knee,,,,WR/FLEX
123617-151726,TE,Robbie,Robbie Ouzts,Ouzts,0,1,4000,MIN@SEA,SEA,MIN,,,,,,TE/FLEX
123617-201903,WR,Coleman,Coleman Owen,Owen,,0,4000,HOU@IND,IND,HOU,,,,,,WR/FLEX
123617-52409,RB,Jakob,Jakob Johnson,Johnson,,0,4000,HOU@IND,HOU,IND,,,,,,RB/FLEX
123617-86203,WR,Justin,Justin Shorter,Shorter,0,1,4000,LV@LAC,LV,LAC,,,,,,WR/FLEX
123617-65724,RB,JaMycal,JaMycal Hasty,Hasty,2.1636362942782315,11,4000,NO@MIA,MIA,NO,,,,,,RB/FLEX
123617-151740,RB,Corey,Corey Kiner,Kiner,,0,4000,MIN@SEA,MIN,SEA,,,,,,RB/FLEX
123617-131266,RB,Lan,Lan Larison,Larison,,0,4000,NYG@NE,NE,NYG,IR,Foot,,,,RB/FLEX
123617-70859,TE,Albert,Albert Okwuegbunam Jr.,Okwuegbunam Jr.,6.099999904632568,1,4000,LV@LAC,LV,LAC,,,,,,TE/FLEX
123617-166095,RB,Cody,Cody Schrader,Schrader,0.4666666587193807,3,4000,JAC@TEN,JAC,TEN,NA,Coach's decision,,,,RB/FLEX
123617-149708,TE,Zach,Zach Davidson,Davidson,0.5,2,4000,NYG@NE,NYG,NE,,,,,,TE/FLEX
123617-112850,RB,Michael,Michael Wiley,Wiley,,0,4000,ARI@TB,TB,ARI,,,,,,RB/FLEX
123617-151761,WR,Malik,Malik Nabers,Nabers,12.774999618530273,4,4000,NYG@NE,NYG,NE,IR,Knee - acl,,,,WR/FLEX
123617-104661,TE,Patrick,Patrick Herbert,Herbert,,0,4000,JAC@TEN,JAC,TEN,,,,,,TE/FLEX
123617-25813,WR,Phillip,Phillip Dorsett II,Dorsett II,,0,4000,LV@LAC,LV,LAC,,,,,,WR/FLEX
123617-129240,WR,Tyler,Tyler Scott,Scott,0.2,5,4000,LAR@CAR,LAR,CAR,,,,,,WR/FLEX
123617-95455,WR,D.J.,D.J. Montgomery,Montgomery,,0,4000,HOU@IND,IND,HOU,IR,Undisclosed,,,,WR/FLEX
123617-226525,WR,Chandler,Chandler Brayboy,Brayboy,,0,4000,JAC@TEN,JAC,TEN,,,,,,WR/FLEX
123617-91361,RB,Hassan,Hassan Haskins,Haskins,1.0500000317891438,6,4000,LV@LAC,LAC,LV,IR,Hamstring,,,,RB/FLEX
123617-93408,WR,Rondale,Rondale Moore,Moore,,0,4000,MIN@SEA,MIN,SEA,IR,Knee,,,,WR/FLEX
123617-120035,TE,Mark,Mark Redman,Redman,,0,4000,LAR@CAR,LAR,CAR,,,,,,TE/FLEX
123617-170208,WR,Kaden,Kaden Davis,Davis,0,1,4000,SF@CLE,CLE,SF,,,,,,WR/FLEX
123617-88290,WR,Jeshaun,Jeshaun Jones,Jones,,0,4000,MIN@SEA,MIN,SEA,,,,,,WR/FLEX
123617-169185,WR,Jamaal,Jamaal Pritchett,Pritchett,,0,4000,ATL@NYJ,NYJ,ATL,,,,,,WR/FLEX
123617-170214,WR,Dennis,Dennis Houston,Houston,,0,4000,ARI@TB,TB,ARI,,,,,,WR/FLEX
123617-12525,D,Atlanta,Atlanta Falcons,Falcons,7.454545454545454,11,4000,ATL@NYJ,ATL,NYJ,,,,,,DEF
123617-110834,WR,Tahj,Tahj Washington,Washington,-0.4000000059604645,1,4000,NO@MIA,MIA,NO,NA,Coach's decision,,,,WR/FLEX
123617-151806,RB,Raheim,Raheim Sanders,Sanders,6.300000190734863,1,4000,SF@CLE,CLE,SF,,,,,,RB/FLEX
123617-61693,TE,Danny,Danny Pinter,Pinter,0,1,4000,HOU@IND,IND,HOU,,,,,,TE/FLEX
123617-55552,RB,Jeff,Jeff Wilson Jr.,Wilson Jr.,1.1375000476837158,8,4000,NO@MIA,MIA,NO,,,,,,RB/FLEX
123617-91401,WR,Ronnie,Ronnie Bell,Bell,0.6400000095367432,5,4000,NO@MIA,NO,MIA,,,,,,WR/FLEX
123617-52495,WR,Braxton,Braxton Berrios,Berrios,1.6749999523162842,4,4000,HOU@IND,HOU,IND,NA,Coach's decision,,,,WR/FLEX
123617-94481,WR,Deven,Deven Thompkins,Thompkins,0,1,4000,ATL@NYJ,ATL,NYJ,,,,,,WR/FLEX
123617-174355,WR,Jeremiah,Jeremiah Webb,Webb,,0,4000,NYG@NE,NE,NYG,,,,,,WR/FLEX
123617-71957,WR,Quintez,Quintez Cephus,Cephus,,0,4000,HOU@IND,HOU,IND,,,,,,WR/FLEX
123617-157975,TE,Keleki,Keleki Latu,Latu,0.8999999761581421,1,4000,BUF@PIT,BUF,PIT,,,,,,TE/FLEX
123617-129302,WR,Stephen,Stephen Gosnell,Gosnell,,0,4000,BUF@PIT,BUF,PIT,,,,,,WR/FLEX
123617-92479,TE,David,David Martin-Robinson,Martin-Robinson,3.299999952316284,2,4000,JAC@TEN,TEN,JAC,,,,,,TE/FLEX
123617-156997,WR,Tru,Tru Edwards,Edwards,,0,4000,LAR@CAR,LAR,CAR,,,,,,WR/FLEX
123617-87371,RB,Ty,Ty Chandler,Chandler,0,1,4000,MIN@SEA,MIN,SEA,IR,Knee,,,,RB/FLEX
123617-41305,WR,Zay,Zay Jones,Jones,4.049999872843425,6,4000,ARI@TB,ARI,TB,IR,Achilles,,,,WR/FLEX
123617-89437,WR,Tim,Tim Jones,Jones,1,2,4000,JAC@TEN,JAC,TEN,,,,,,WR/FLEX
123617-137567,TE,Jalin,Jalin Conyers,Conyers,,0,4000,NO@MIA,MIA,NO,IR,Leg,,,,TE/FLEX
123617-93540,RB,British,British Brooks,Brooks,0.5,3,4000,HOU@IND,HOU,IND,,,,,,RB/FLEX
123617-153957,TE,Zaire,Zaire Mitchell-Paden,Mitchell-Paden,0.9000000158945719,3,4000,NO@MIA,NO,MIA,NA,Coach's decision,,,,TE/FLEX
123617-151914,TE,Moliki,Moliki Matavao,Matavao,,0,4000,NO@MIA,NO,MIA,,,,,,TE/FLEX
123617-63851,TE,Tyree,Tyree Jackson,Jackson,,0,4000,DEN@WAS,WAS,DEN,IR,Undisclosed,,,,TE/FLEX
123617-63855,WR,K.J.,K.J. Osborn,Osborn,2.171428544180734,7,4000,ATL@NYJ,ATL,NYJ,,,,,,WR/FLEX
123617-90480,TE,Joel,Joel Wilson,Wilson,,0,4000,JAC@TEN,TEN,JAC,,,,,,TE/FLEX
123617-90483,TE,Bernhard,Bernhard Raimann,Raimann,0,2,4000,HOU@IND,IND,HOU,,,,,,TE/FLEX
123617-56698,WR,Dante,Dante Pettis,Pettis,0.949999988079071,2,4000,NO@MIA,NO,MIA,,,,,,WR/FLEX
123617-185728,TE,Patrick,Patrick Murtagh,Murtagh,,0,4000,DEN@WAS,DEN,WAS,,,,,,TE/FLEX
123617-110978,RB,Evan,Evan Hull,Hull,,0,4000,NO@MIA,NO,MIA,,,,,,RB/FLEX
123617-70023,WR,Cornell,Cornell Powell,Powell,,0,4000,BUF@PIT,PIT,BUF,,,,,,WR/FLEX
123617-114054,WR,Dalen,Dalen Cambre,Cambre,0,1,4000,NYG@NE,NYG,NE,,,,,,WR/FLEX
123617-64905,WR,Trenton,Trenton Irwin,Irwin,0.5,6,4000,ATL@NYJ,NYJ,ATL,,,,,,WR/FLEX
123617-183693,WR,Da'Quan,Da'Quan Felton,Felton,,0,4000,NYG@NE,NYG,NE,IR,Undisclosed,,,,WR/FLEX
123617-43416,WR,Trent,Trent Taylor,Taylor,1.600000023841858,1,4000,SF@CLE,SF,CLE,IR,Undisclosed,,,,WR/FLEX
123617-92573,TE,Travis,Travis Vokolek,Vokolek,0,1,4000,ARI@TB,ARI,TB,IR,Neck,,,,TE/FLEX
123617-114079,TE,Hayden,Hayden Rucci,Rucci,,0,4000,NO@MIA,MIA,NO,,,,,,TE/FLEX
123617-93600,WR,Bryce,Bryce Ford-Wheaton,Ford-Wheaton,0,1,4000,NYG@NE,NYG,NE,IR,Achilles,,,,WR/FLEX
123617-112037,WR,Casey,Casey Washington,Washington,2.4799999237060546,5,4000,ATL@NYJ,ATL,NYJ,NA,Coach's decision,,,,WR/FLEX
123617-103844,WR,Nick,Nick Nash,Nash,,0,4000,ATL@NYJ,ATL,NYJ,,,,,,WR/FLEX
123617-87469,TE,Jelani,Jelani Woods,Woods,,0,4000,ATL@NYJ,NYJ,ATL,NA,Coach's decision,,,,TE/FLEX
123617-112044,WR,Dalevon,Dalevon Campbell,Campbell,,0,4000,LV@LAC,LAC,LV,,,,,,WR/FLEX
123617-53681,WR,Tyreek,Tyreek Hill,Hill,11.5,4,4000,NO@MIA,MIA,NO,IR,Knee - acl,,,,WR/FLEX
123617-25011,TE,Darren,Darren Waller,Waller,13.566666920979818,3,4000,NO@MIA,MIA,NO,,,,,,TE/FLEX
123617-133558,WR,Luke,Luke Floriea,Floriea,,0,4000,SF@CLE,CLE,SF,,,,,,WR/FLEX
123617-91578,RB,Zamir,Zamir White,White,1.9666666984558105,3,4000,LV@LAC,LV,LAC,Q,Illness,,,,RB/FLEX
123617-114109,WR,Ainias,Ainias Smith,Smith,2.839999961853027,5,4000,LAR@CAR,CAR,LAR,,,,,,WR/FLEX
123617-206276,WR,Jaden,Jaden Smith,Smith,,0,4000,ARI@TB,TB,ARI,IR,Undisclosed,,,,WR/FLEX
123617-26057,RB,Michael,Michael Burton,Burton,2.209090839732777,11,4000,DEN@WAS,DEN,WAS,IR,Hamstring,,,,RB/FLEX
123617-90575,RB,Najee,Najee Harris,Harris,3.366666793823242,3,4000,LV@LAC,LAC,LV,IR,Achilles,,,,RB/FLEX
123617-109007,WR,Josh,Josh Kelly,Kelly,,0,4000,HOU@IND,HOU,IND,,,,,,WR/FLEX
123617-54746,TE,Tyler,Tyler Ott,Ott,0,1,4000,DEN@WAS,WAS,DEN,Q,Illness,,,,TE/FLEX
123617-157150,RB,Audric,Audric Estime,Estime,3.553846212533804,13,4000,NO@MIA,NO,MIA,,,,,,RB/FLEX
123617-14820,RB,Nick,Nick Bellore,Bellore,0,1,4000,DEN@WAS,WAS,DEN,,,,,,RB/FLEX
123617-133615,WR,Dontae,Dontae Fleming,Fleming,,0,4000,MIN@SEA,MIN,SEA,,,,,,WR/FLEX
123617-102902,WR,Trey,Trey Palmer,Palmer,2.085714340209961,14,4000,NO@MIA,NO,MIA,IR,Ankle,,,,WR/FLEX
123617-156152,WR,Tejhaun,Tejhaun Palmer,Palmer,,0,4000,ARI@TB,ARI,TB,,,,,,WR/FLEX
123617-89613,WR,Simi,Simi Fehoko,Fehoko,0,1,4000,ARI@TB,ARI,TB,IR,Wrist,,,,WR/FLEX
123617-6672,TE,Marcedes,Marcedes Lewis,Lewis,0.3499999940395355,2,4000,DEN@WAS,DEN,WAS,,,,,,TE/FLEX
123617-102928,RB,Eric,Eric Gray,Gray,0,1,4000,NYG@NE,NYG,NE,,,,,,RB/FLEX
123617-128535,TE,Maximilian,Maximilian Mang,Mang,,0,4000,NYG@NE,NYG,NE,,,,,,TE/FLEX
123617-160287,RB,Amar,Amar Johnson,Johnson,0.800000011920929,1,4000,LV@LAC,LAC,LV,,,,,,RB/FLEX
123617-73247,RB,Kene,Kene Nwangwu,Nwangwu,1,6,4000,ATL@NYJ,NYJ,ATL,,,,,,RB/FLEX
123617-103966,TE,Stone,Stone Smartt,Smartt,0,1,4000,ATL@NYJ,NYJ,ATL,,,,,,TE/FLEX
123617-226851,RB,Rushawn,Rushawn Baker,Baker,,0,4000,NYG@NE,NE,NYG,,,,,,RB/FLEX
123617-185889,TE,Tanner,Tanner Taula,Taula,,0,4000,ARI@TB,TB,ARI,,,,,,TE/FLEX
123617-156197,TE,Bryson,Bryson Nesbit,Nesbit,,0,4000,MIN@SEA,MIN,SEA,,,,,,TE/FLEX
123617-89644,RB,Isaac,Isaac Guerendo,Guerendo,0,4,4000,SF@CLE,SF,CLE,,,,,,RB/FLEX
123617-114224,WR,Kyrese,Kyrese Rowan,Rowan,,0,4000,DEN@WAS,DEN,WAS,,,,,,WR/FLEX
123617-60981,TE,Charlie,Charlie Heck,Heck,,0,4000,ARI@TB,TB,ARI,,,,,,TE/FLEX
123617-173626,TE,Nate,Nate Adkins,Adkins,2.7600000381469725,5,4000,DEN@WAS,DEN,WAS,O,Knee,,,,TE/FLEX
123617-226875,WR,Ja'seem,Ja'seem Reed,Reed,,0,4000,LAR@CAR,CAR,LAR,,,,,,WR/FLEX
123617-173631,RB,Dante,Dante Miller,Miller,,0,4000,NYG@NE,NYG,NE,,,,,,RB/FLEX
123617-226878,TE,Carter,Carter Runyon,Runyon,0.4000000059604645,2,4000,LV@LAC,LV,LAC,,,,,,TE/FLEX
123617-87621,WR,A.T.,A.T. Perry,Perry,,0,4000,DEN@WAS,DEN,WAS,,,,,,WR/FLEX
123617-71241,WR,Brandon,Brandon Johnson,Johnson,1.399999976158142,1,4000,ARI@TB,TB,ARI,,,,,,WR/FLEX
123617-87634,TE,Blake,Blake Whiteheart,Whiteheart,0.3499999940395355,4,4000,SF@CLE,CLE,SF,,,,,,TE/FLEX
123617-86612,TE,Brayden,Brayden Willis,Willis,0,1,4000,SF@CLE,SF,CLE,,,,,,TE/FLEX
123617-18009,TE,Chris,Chris Manhertz,Manhertz,0.6000000238418579,2,4000,NYG@NE,NYG,NE,,,,,,TE/FLEX
123617-138854,WR,Ke'Shawn,Ke'Shawn Williams,Williams,-0.2857142857142857,7,4000,BUF@PIT,PIT,BUF,,,,,,WR/FLEX
123617-131694,TE,Luke,Luke Lachey,Lachey,,0,4000,HOU@IND,HOU,IND,,,,,,TE/FLEX
123617-206447,RB,Max,Max Hurleman,Hurleman,,0,4000,BUF@PIT,PIT,BUF,,,,,,RB/FLEX
123617-94831,RB,Deneric,Deneric Prince,Prince,,0,4000,NYG@NE,NE,NYG,IR,Undisclosed,,,,RB/FLEX
123617-56947,TE,Chris,Chris Myarick,Myarick,,0,4000,NO@MIA,MIA,NO,,,,,,TE/FLEX
123617-87668,WR,Shedrick,Shedrick Jackson,Jackson,,0,4000,LV@LAC,LV,LAC,,,,,,WR/FLEX
123617-86646,RB,Trey,Trey Sermon,Sermon,0,1,4000,BUF@PIT,PIT,BUF,,,,,,RB/FLEX
123617-104054,RB,Sincere,Sincere McCormick,McCormick,6.050000190734863,4,4000,ARI@TB,ARI,TB,,,,,,RB/FLEX
123617-201342,RB,Chris,Chris Collier,Collier,0.2166666587193807,6,4000,LV@LAC,LV,LAC,,,,,,RB/FLEX
123617-32384,WR,Mike,Mike Evans,Evans,6.75,4,4000,ARI@TB,TB,ARI,IR,Collarbone,,,,WR/FLEX
123617-135812,WR,Quentin,Quentin Skinner,Skinner,,0,4000,ATL@NYJ,NYJ,ATL,,,,,,WR/FLEX
123617-87690,TE,Sal,Sal Cannella,Cannella,,0,4000,SF@CLE,CLE,SF,,,,,,TE/FLEX
123617-135824,WR,Luke,Luke Grimm,Grimm,,0,4000,LV@LAC,LAC,LV,,,,,,WR/FLEX
123617-110230,RB,Kenny,Kenny McIntosh,McIntosh,2.322222179836697,9,4000,MIN@SEA,SEA,MIN,IR,Knee - acl,,,,RB/FLEX
123617-136857,RB,Ja'Quinden,Ja'Quinden Jackson,Jackson,,0,4000,JAC@TEN,JAC,TEN,,,,,,RB/FLEX
123617-137889,WR,Brennan,Brennan Presley,Presley,,0,4000,LAR@CAR,LAR,CAR,,,,,,WR/FLEX
123617-86692,TE,Thomas,Thomas Odukoya,Odukoya,,0,4000,NYG@NE,NE,NYG,,,,,,TE/FLEX
123617-167588,WR,Jacoby,Jacoby Jones,Jones,3,1,4000,DEN@WAS,WAS,DEN,,,,,,WR/FLEX
123617-128681,TE,Caden,Caden Prieskorn,Prieskorn,,0,4000,SF@CLE,CLE,SF,,,,,,TE/FLEX
123617-94888,TE,Messiah,Messiah Swinson,Swinson,,0,4000,ARI@TB,ARI,TB,,,,,,TE/FLEX
123617-103083,WR,Theo,Theo Wease Jr.,Wease Jr.,,0,4000,NO@MIA,MIA,NO,,,,,,WR/FLEX
123617-110259,WR,Treylon,Treylon Burks,Burks,4.599999904632568,2,4000,DEN@WAS,WAS,DEN,,,,,,WR/FLEX
123617-104117,TE,Joshua,Joshua Simon,Simon,,0,4000,ATL@NYJ,ATL,NYJ,,,,,,TE/FLEX
123617-69302,TE,Feleipe,Feleipe Franks,Franks,0.10000000149011612,4,4000,ATL@NYJ,ATL,NYJ,,,,,,TE/FLEX
123617-61112,TE,Josiah,Josiah Deguara,Deguara,1.100000023841858,1,4000,ARI@TB,ARI,TB,,,,,,TE/FLEX
123617-110274,WR,Bub,Bub Means,Means,5.574999809265137,4,4000,NO@MIA,NO,MIA,IR,Lower leg,,,,WR/FLEX
123617-40647,WR,Marquez,Marquez Valdes-Scantling,Valdes-Scantling,1.5,4,4000,BUF@PIT,PIT,BUF,,,,,,WR/FLEX
123617-193226,TE,Mason,Mason Pline,Pline,,0,4000,NO@MIA,NO,MIA,IR,Upper body,,,,TE/FLEX
123617-158412,RB,Braelon,Braelon Allen,Allen,3.575000047683716,4,4000,ATL@NYJ,NYJ,ATL,IR,Knee - mcl,,,,RB/FLEX
123617-92882,TE,Connor,Connor Heyward,Heyward,1.212499976158142,8,4000,BUF@PIT,PIT,BUF,,,,,,TE/FLEX
123617-92890,WR,Cody,Cody White,White,2.5,5,4000,MIN@SEA,SEA,MIN,,,,,,WR/FLEX
123617-111325,RB,Ulysses,Ulysses Bentley IV,Bentley IV,0,1,4000,HOU@IND,IND,HOU,,,,,,RB/FLEX
123617-72412,RB,Khalil,Khalil Herbert,Herbert,0,1,4000,ATL@NYJ,NYJ,ATL,NA,Coach's decision,,,,RB/FLEX
123617-147168,WR,Chris,Chris Blair,Blair,1.100000023841858,2,4000,ATL@NYJ,ATL,NYJ,,,,,,WR/FLEX
123617-29411,TE,Pharaoh,Pharaoh Brown,Brown,0,1,4000,ARI@TB,ARI,TB,,,,,,TE/FLEX
123617-104165,RB,Lew,Lew Nichols,Nichols,0,1,4000,BUF@PIT,PIT,BUF,,,,,,RB/FLEX
123617-87787,RB,J.K.,J.K. Dobbins,Dobbins,11.640000152587891,10,4000,DEN@WAS,DEN,WAS,IR,Foot,,,,RB/FLEX
123617-86762,TE,Jack,Jack Westover,Westover,0,1,4000,NYG@NE,NE,NYG,,,,,,TE/FLEX
123617-137966,WR,A.J.,A.J. Henning,Henning,,0,4000,NO@MIA,MIA,NO,,,,,,WR/FLEX
123617-135916,WR,Brenden,Brenden Rice,Rice,,0,4000,MIN@SEA,SEA,MIN,,,,,,WR/FLEX
123617-40687,RB,James,James Conner,Conner,9.766666412353516,3,4000,ARI@TB,ARI,TB,IR,Foot,,,,RB/FLEX
123617-131835,WR,Efton,Efton Chism III,Chism III,0,5,4000,NYG@NE,NE,NYG,,,,,,WR/FLEX
123617-56059,WR,Trent,Trent Sherfield Sr.,Sherfield Sr.,1.1999999682108562,3,4000,ARI@TB,ARI,TB,,,,,,WR/FLEX
123617-86778,TE,Devin,Devin Culp,Culp,3.7666667302449546,3,4000,ARI@TB,TB,ARI,,,,,,TE/FLEX
123617-86780,RB,Salvon,Salvon Ahmed,Ahmed,,0,4000,HOU@IND,IND,HOU,IR,Ankle,,,,RB/FLEX
123617-137990,TE,Tip,Tip Reiman,Reiman,1.099999984105428,3,4000,ARI@TB,ARI,TB,IR,Ankle,,,,TE/FLEX
123617-156426,RB,Brock,Brock Lampe,Lampe,,0,4000,NYG@NE,NE,NYG,IR,Undisclosed,,,,RB/FLEX
123617-70426,RB,Reggie,Reggie Gilliam,Gilliam,0.699999988079071,1,4000,BUF@PIT,BUF,PIT,,,,,,RB/FLEX
123617-87844,TE,Brady,Brady Russell,Russell,0,3,4000,MIN@SEA,SEA,MIN,,,,,,TE/FLEX
123617-138028,RB,Kalel,Kalel Mullings,Mullings,,0,4000,JAC@TEN,TEN,JAC,,,,,,RB/FLEX
123617-103214,WR,Eli,Eli Pancol,Pancol,,0,4000,HOU@IND,IND,HOU,,,,,,WR/FLEX
123617-55088,WR,Malik,Malik Turner,Turner,0,1,4000,SF@CLE,SF,CLE,,,,,,WR/FLEX
123617-90933,RB,Antonio,Antonio Gibson,Gibson,4.44000015258789,5,4000,NYG@NE,NE,NYG,IR,Knee - acl,,,,RB/FLEX
123617-201526,RB,Ian,Ian Wheeler,Wheeler,,0,4000,NO@MIA,NO,MIA,,,,,,RB/FLEX
123617-91971,RB,Ronnie,Ronnie Rivers,Rivers,2.075000047683716,8,4000,LAR@CAR,LAR,CAR,,,,,,RB/FLEX
123617-69451,TE,Jack,Jack Stoll,Stoll,2.3,5,4000,NO@MIA,NO,MIA,,,,,,TE/FLEX
123617-58189,TE,Mitchell,Mitchell Fraboni,Fraboni,0,1,4000,DEN@WAS,DEN,WAS,,,,,,TE/FLEX
123617-158540,WR,Hal,Hal Presley III,Presley III,,0,4000,JAC@TEN,TEN,JAC,,,,,,WR/FLEX
123617-120657,RB,Kendre,Kendre Miller,Miller,4.399999891008649,7,4000,NO@MIA,NO,MIA,IR,Knee - acl,,,,RB/FLEX
123617-201553,WR,John,John Jiles,Jiles,,0,4000,NYG@NE,NE,NYG,,,,,,WR/FLEX
123617-91989,RB,Jordan,Jordan Mims,Mims,2.8714286259242465,7,4000,JAC@TEN,TEN,JAC,,,,,,RB/FLEX
123617-104278,TE,Donald,Donald Parham Jr.,Parham Jr.,,0,4000,BUF@PIT,PIT,BUF,IR,Achilles,,,,TE/FLEX
123617-61273,WR,Scotty,Scotty Miller,Miller,0.699999988079071,2,4000,BUF@PIT,PIT,BUF,,,,,,WR/FLEX
123617-93023,RB,Jermar,Jermar Jefferson,Jefferson,1.850000023841858,2,4000,ARI@TB,ARI,TB,,,,,,RB/FLEX
123617-154461,WR,Ja'Corey,Ja'Corey Brooks,Brooks,,0,4000,DEN@WAS,WAS,DEN,O,Undisclosed,,,,WR/FLEX
123617-66402,TE,Jack,Jack Driscoll,Driscoll,0,1,4000,BUF@PIT,PIT,BUF,,,,,,TE/FLEX
123617-93026,TE,Teagan,Teagan Quitoriano,Quitoriano,0,2,4000,ATL@NYJ,ATL,NYJ,,,,,,TE/FLEX
123617-114530,WR,Jacob,Jacob Cowing,Cowing,0.5799999872843424,15,4000,SF@CLE,SF,CLE,IR,Hamstring,,,,WR/FLEX
123617-70501,RB,C.J.,C.J. Ham,Ham,0.3333333333333333,3,4000,MIN@SEA,MIN,SEA,,,,,,RB/FLEX
123617-192359,WR,JaQuae,JaQuae Jackson,Jackson,,0,4000,LV@LAC,LAC,LV,,,,,,WR/FLEX
123617-169834,WR,Dareke,Dareke Young,Young,1.1600000381469726,5,4000,MIN@SEA,SEA,MIN,IR,Quadriceps,,,,WR/FLEX
123617-53097,WR,Josh,Josh Reynolds,Reynolds,3.5200000762939454,5,4000,ATL@NYJ,NYJ,ATL,IR,Hip,,,,WR/FLEX
123617-120684,WR,Garrett,Garrett Greene,Greene,,0,4000,ARI@TB,TB,ARI,,,,,,WR/FLEX
123617-120694,WR,Ja'Lynn,Ja'Lynn Polk,Polk,2.053846212533804,13,4000,NO@MIA,NO,MIA,IR,Shoulder,,,,WR/FLEX
123617-184184,WR,Travis,Travis Hunter,Hunter,7.5428570338657925,7,4000,JAC@TEN,JAC,TEN,IR,Knee,,,,WR/FLEX
123617-94087,RB,DeeJay,DeeJay Dallas,Dallas,0,2,4000,LAR@CAR,CAR,LAR,,,,,,RB/FLEX
123617-103302,WR,Courtney,Courtney Jackson,Jackson,,0,4000,MIN@SEA,SEA,MIN,,,,,,WR/FLEX
123617-23435,TE,Andrew,Andrew DePaola,DePaola,,0,4000,MIN@SEA,MIN,SEA,,,,,,TE/FLEX
123617-103308,RB,Jawhar,Jawhar Jordan,Jordan,,0,4000,HOU@IND,HOU,IND,,,,,,RB/FLEX
123617-94094,TE,Brevin,Brevin Jordan,Jordan,0.8500000238418579,2,4000,HOU@IND,HOU,IND,IR,Knee,,,,TE/FLEX
123617-64405,WR,Dan,Dan Chisena,Chisena,1.2999999523162842,4,4000,LAR@CAR,CAR,LAR,,,,,,WR/FLEX
123617-28570,TE,Nick,Nick Vannett,Vannett,3.3333333333333335,12,4000,LAR@CAR,LAR,CAR,,,,,,TE/FLEX
123617-94116,TE,Will,Will Mallory,Mallory,0.612500011920929,8,4000,HOU@IND,IND,HOU,NA,Coach's decision,,,,TE/FLEX
123617-91055,WR,Kevin,Kevin Austin Jr.,Austin Jr.,0,1,4000,NO@MIA,NO,MIA,,,,,,WR/FLEX
123617-175021,RB,Jordan,Jordan James,James,,0,4000,SF@CLE,SF,CLE,NA,Coach's decision,,,,RB/FLEX
123617-137139,WR,Myles,Myles Price,Price,-0.5454545454545454,11,4000,MIN@SEA,MIN,SEA,,,,,,WR/FLEX
123617-72627,RB,Patrick,Patrick Taylor Jr.,Taylor Jr.,6.259999847412109,5,4000,SF@CLE,SF,CLE,IR,Shoulder,,,,RB/FLEX
123617-156596,RB,Jarquez,Jarquez Hunter,Hunter,,0,4000,LAR@CAR,LAR,CAR,NA,Coach's decision,,,,RB/FLEX
123617-183240,RB,Cam,Cam Skattebo,Skattebo,14.462499618530273,8,4000,NYG@NE,NYG,NE,IR,Ankle,,,,RB/FLEX
123617-69581,WR,Cedrick,Cedrick Wilson Jr.,Wilson Jr.,0.949999988079071,2,4000,NO@MIA,MIA,NO,,,,,,WR/FLEX
123617-169937,WR,Lance,Lance McCutcheon,McCutcheon,,0,4000,JAC@TEN,TEN,JAC,,,,,,WR/FLEX
123617-152537,WR,Tai,Tai Felton,Felton,0.27999999523162844,5,4000,MIN@SEA,MIN,SEA,,,,,,WR/FLEX
123617-152540,TE,CJ,CJ Dippre,Dippre,,0,4000,NYG@NE,NE,NYG,,,,,,TE/FLEX
123617-54239,TE,Matt,Matt Sokol,Sokol,,0,4000,BUF@PIT,PIT,BUF,,,,,,TE/FLEX
123617-85986,TE,James,James Mitchell,Mitchell,2.1500000953674316,2,4000,LAR@CAR,CAR,LAR,,,,,,TE/FLEX
123617-71662,WR,DJ,DJ Turner,Turner,3.258333206176758,12,4000,LV@LAC,LV,LAC,,,,,,WR/FLEX
123617-138221,WR,Ricky,Ricky White III,White III,,0,4000,MIN@SEA,SEA,MIN,,,,,,WR/FLEX
123617-152574,RB,Donovan,Donovan Edwards,Edwards,,0,4000,DEN@WAS,WAS,DEN,,,,,,RB/FLEX
123617-96254,TE,Nick,Nick Muse,Muse,0,2,4000,LAR@CAR,LAR,CAR,,,,,,TE/FLEX
123617-12529,D,Cleveland,Cleveland Browns,Browns,8.818181818181818,11,3900,SF@CLE,CLE,SF,,,,,,DEF
123617-12547,D,Pittsburgh,Pittsburgh Steelers,Steelers,8.636363636363637,11,3800,BUF@PIT,PIT,BUF,,,,,,DEF
123617-12539,D,Miami,Miami Dolphins,Dolphins,5.363636363636363,11,3700,NO@MIA,MIA,NO,,,,,,DEF
123617-12544,D,New York,New York Jets,Jets,3.8181818181818183,11,3600,ATL@NYJ,NYJ,ATL,,,,,,DEF
123617-12546,D,Arizona,Arizona Cardinals,Cardinals,6.909090909090909,11,3500,ARI@TB,ARI,TB,,,,,,DEF
123617-12542,D,New Orleans,New Orleans Saints,Saints,6.090909090909091,11,3400,NO@MIA,NO,MIA,,,,,,DEF
123617-12552,D,Washington,Washington Commanders,Commanders,4.2727272727272725,11,3400,DEN@WAS,WAS,DEN,,,,,,DEF
123617-12540,D,Minnesota,Minnesota Vikings,Vikings,5.818181818181818,11,3300,MIN@SEA,MIN,SEA,,,,,,DEF
123617-12537,D,Las Vegas,Las Vegas Raiders,Raiders,4.363636363636363,11,3200,LV@LAC,LV,LAC,,,,,,DEF
123617-12543,D,New York,New York Giants,Giants,2.6666666666666665,12,3100,NYG@NE,NYG,NE,,,,,,DEF
123617-12553,D,Carolina,Carolina Panthers,Panthers,5.416666666666667,12,3100,LAR@CAR,CAR,LAR,,,,,,DEF
123617-12534,D,Tennessee,Tennessee Titans,Titans,6,11,3000,JAC@TEN,TEN,JAC,,,,,,DEF